timestamp,solar,wind_onshore,wind_offshore
2024-12-31 23:00:00+00:00,0.0,1875.5,2063.3
2025-01-01 00:00:00+00:00,0.0,1920.2,2060.6
2025-01-01 01:00:00+00:00,0.0,2102.2,2080.7
2025-01-01 02:00:00+00:00,0.0,1991.1,2083.9
2025-01-01 03:00:00+00:00,0.0,2036.9,2120.3
2025-01-01 04:00:00+00:00,0.0,2002.4,2120.0
2025-01-01 05:00:00+00:00,0.0,2008.2,2122.8
2025-01-01 06:00:00+00:00,0.0,2000.9,2121.5
2025-01-01 07:00:00+00:00,0.1,1893.8,2090.8
2025-01-01 08:00:00+00:00,61.9,2011.5,2097.4
2025-01-01 09:00:00+00:00,195.7,1967.3,2045.8
2025-01-01 10:00:00+00:00,247.4,2145.9,2081.9
2025-01-01 11:00:00+00:00,261.5,2213.9,2038.6
2025-01-01 12:00:00+00:00,218.3,2212.2,1996.2
2025-01-01 13:00:00+00:00,145.4,2201.2,1982.0
2025-01-01 14:00:00+00:00,47.4,2076.1,1936.3
2025-01-01 15:00:00+00:00,2.1,2069.6,1844.9
2025-01-01 16:00:00+00:00,0.0,2043.5,1795.5
2025-01-01 17:00:00+00:00,0.0,1968.5,1595.1
2025-01-01 18:00:00+00:00,0.0,1815.7,1490.5
2025-01-01 19:00:00+00:00,0.0,1594.9,1873.5
2025-01-01 20:00:00+00:00,0.0,1308.2,2049.6
2025-01-01 21:00:00+00:00,0.0,1090.3,1890.0
2025-01-01 22:00:00+00:00,0.0,872.5,1805.8
2025-01-01 23:00:00+00:00,0.0,805.5,932.1
2025-01-02 00:00:00+00:00,0.0,816.9,280.4
2025-01-02 01:00:00+00:00,0.0,598.5,270.8
2025-01-02 02:00:00+00:00,0.0,348.1,318.8
2025-01-02 03:00:00+00:00,0.0,266.5,318.8
2025-01-02 04:00:00+00:00,0.0,212.0,334.6
2025-01-02 05:00:00+00:00,0.0,206.9,273.3
2025-01-02 06:00:00+00:00,0.0,200.4,274.2
2025-01-02 07:00:00+00:00,0.0,197.3,400.2
2025-01-02 08:00:00+00:00,250.2,180.3,476.5
2025-01-02 09:00:00+00:00,1121.4,109.2,406.3
2025-01-02 10:00:00+00:00,2014.5,84.8,353.7
2025-01-02 11:00:00+00:00,2100.8,95.9,344.3
2025-01-02 12:00:00+00:00,1747.6,154.3,728.5
2025-01-02 13:00:00+00:00,1400.1,211.1,723.3
2025-01-02 14:00:00+00:00,832.8,294.3,923.7
2025-01-02 15:00:00+00:00,90.9,326.8,1063.7
2025-01-02 16:00:00+00:00,0.0,398.6,1134.0
2025-01-02 17:00:00+00:00,0.0,412.9,1282.3
2025-01-02 18:00:00+00:00,0.0,435.1,1193.5
2025-01-02 19:00:00+00:00,0.0,443.2,1034.4
2025-01-02 20:00:00+00:00,0.0,537.3,948.2
2025-01-02 21:00:00+00:00,0.0,642.8,926.5
2025-01-02 22:00:00+00:00,0.0,662.0,853.1
2025-01-02 23:00:00+00:00,0.0,673.4,809.1
2025-01-03 00:00:00+00:00,0.0,641.3,801.2
2025-01-03 01:00:00+00:00,0.0,698.7,824.2
2025-01-03 02:00:00+00:00,0.0,710.1,922.4
2025-01-03 03:00:00+00:00,0.0,648.5,1207.1
2025-01-03 04:00:00+00:00,0.0,639.1,1258.0
2025-01-03 05:00:00+00:00,0.0,714.7,1544.7
2025-01-03 06:00:00+00:00,0.0,815.3,1523.6
2025-01-03 07:00:00+00:00,0.1,870.5,1645.6
2025-01-03 08:00:00+00:00,596.5,873.4,1479.1
2025-01-03 09:00:00+00:00,2070.4,840.3,1587.5
2025-01-03 10:00:00+00:00,3217.1,744.5,1691.1
2025-01-03 11:00:00+00:00,3290.6,754.0,1483.1
2025-01-03 12:00:00+00:00,1980.1,875.8,1447.5
2025-01-03 13:00:00+00:00,861.6,948.1,1353.5
2025-01-03 14:00:00+00:00,353.3,805.3,1149.3
2025-01-03 15:00:00+00:00,64.6,816.6,1076.5
2025-01-03 16:00:00+00:00,0.0,837.2,948.5
2025-01-03 17:00:00+00:00,0.0,847.8,752.7
2025-01-03 18:00:00+00:00,0.0,782.3,691.7
2025-01-03 19:00:00+00:00,0.0,684.2,551.1
2025-01-03 20:00:00+00:00,0.0,600.0,383.2
2025-01-03 21:00:00+00:00,0.0,543.2,216.7
2025-01-03 22:00:00+00:00,0.0,530.8,151.3
2025-01-03 23:00:00+00:00,0.0,501.6,117.9
2025-01-04 00:00:00+00:00,0.0,471.1,97.8
2025-01-04 01:00:00+00:00,0.0,411.6,43.8
2025-01-04 02:00:00+00:00,0.0,340.9,70.5
2025-01-04 03:00:00+00:00,0.0,302.6,120.4
2025-01-04 04:00:00+00:00,0.0,283.6,103.6
2025-01-04 05:00:00+00:00,0.0,297.5,112.0
2025-01-04 06:00:00+00:00,0.0,303.3,293.7
2025-01-04 07:00:00+00:00,0.2,345.6,308.4
2025-01-04 08:00:00+00:00,185.4,383.9,322.0
2025-01-04 09:00:00+00:00,644.8,314.7,459.5
2025-01-04 10:00:00+00:00,1314.0,228.9,567.6
2025-01-04 11:00:00+00:00,1547.7,158.3,512.0
2025-01-04 12:00:00+00:00,1352.0,105.7,306.4
2025-01-04 13:00:00+00:00,1030.3,73.1,317.5
2025-01-04 14:00:00+00:00,417.1,64.4,355.0
2025-01-04 15:00:00+00:00,57.8,86.5,346.9
2025-01-04 16:00:00+00:00,0.0,154.9,410.7
2025-01-04 17:00:00+00:00,0.0,292.6,539.4
2025-01-04 18:00:00+00:00,0.0,412.8,534.1
2025-01-04 19:00:00+00:00,0.0,506.8,599.5
2025-01-04 20:00:00+00:00,0.0,549.8,600.8
2025-01-04 21:00:00+00:00,0.0,616.5,765.6
2025-01-04 22:00:00+00:00,0.0,559.3,1035.3
2025-01-04 23:00:00+00:00,0.0,414.9,1127.5
2025-01-05 00:00:00+00:00,0.0,383.2,1029.9
2025-01-05 01:00:00+00:00,0.0,451.9,703.3
2025-01-05 02:00:00+00:00,0.0,503.6,1126.5
2025-01-05 03:00:00+00:00,0.0,467.4,1347.8
2025-01-05 04:00:00+00:00,0.0,439.9,1449.5
2025-01-05 05:00:00+00:00,0.0,523.2,1605.2
2025-01-05 06:00:00+00:00,0.0,731.2,1196.6
2025-01-05 07:00:00+00:00,0.0,889.8,938.5
2025-01-05 08:00:00+00:00,9.9,1180.7,741.6
2025-01-05 09:00:00+00:00,95.9,1532.3,1088.5
2025-01-05 10:00:00+00:00,227.0,1852.3,2075.0
2025-01-05 11:00:00+00:00,224.1,2002.7,2116.6
2025-01-05 12:00:00+00:00,183.4,2112.2,2110.4
2025-01-05 13:00:00+00:00,146.9,2193.1,2101.2
2025-01-05 14:00:00+00:00,67.9,2227.9,2093.5
2025-01-05 15:00:00+00:00,5.1,2220.8,2108.8
2025-01-05 16:00:00+00:00,0.0,2240.1,2108.2
2025-01-05 17:00:00+00:00,0.0,2208.7,2106.7
2025-01-05 18:00:00+00:00,0.0,2221.5,2101.9
2025-01-05 19:00:00+00:00,0.0,2192.5,2078.2
2025-01-05 20:00:00+00:00,0.0,2152.0,2079.6
2025-01-05 21:00:00+00:00,0.0,2058.6,2086.7
2025-01-05 22:00:00+00:00,0.0,2043.2,2088.8
2025-01-05 23:00:00+00:00,0.0,1992.7,2052.1
2025-01-06 00:00:00+00:00,0.0,1890.0,1786.6
2025-01-06 01:00:00+00:00,0.0,1899.8,2018.7
2025-01-06 02:00:00+00:00,0.0,1874.3,2042.3
2025-01-06 03:00:00+00:00,0.0,1921.5,2071.4
2025-01-06 04:00:00+00:00,0.0,1889.9,1982.3
2025-01-06 05:00:00+00:00,0.0,2193.6,2101.0
2025-01-06 06:00:00+00:00,0.0,2290.5,2098.0
2025-01-06 07:00:00+00:00,0.2,2283.9,2099.8
2025-01-06 08:00:00+00:00,73.8,2293.3,2102.4
2025-01-06 09:00:00+00:00,346.4,2259.1,2101.2
2025-01-06 10:00:00+00:00,534.6,2272.2,2096.7
2025-01-06 11:00:00+00:00,498.9,2221.0,2063.2
2025-01-06 12:00:00+00:00,494.1,2016.4,2086.5
2025-01-06 13:00:00+00:00,442.0,1937.6,2100.7
2025-01-06 14:00:00+00:00,281.3,2142.3,2101.1
2025-01-06 15:00:00+00:00,67.1,2215.8,2102.9
2025-01-06 16:00:00+00:00,0.2,2123.4,2094.0
2025-01-06 17:00:00+00:00,0.0,2043.1,2097.3
2025-01-06 18:00:00+00:00,0.0,1979.6,2082.3
2025-01-06 19:00:00+00:00,0.0,1851.9,2042.9
2025-01-06 20:00:00+00:00,0.0,1742.3,1784.3
2025-01-06 21:00:00+00:00,0.0,1738.0,1626.8
2025-01-06 22:00:00+00:00,0.0,1767.1,1555.9
2025-01-06 23:00:00+00:00,0.0,1356.1,1464.6
2025-01-07 00:00:00+00:00,0.0,1368.7,1337.2
2025-01-07 01:00:00+00:00,0.0,1583.7,1097.4
2025-01-07 02:00:00+00:00,0.0,1555.9,942.8
2025-01-07 03:00:00+00:00,0.0,1398.3,940.8
2025-01-07 04:00:00+00:00,0.0,1234.0,1007.3
2025-01-07 05:00:00+00:00,0.0,1137.7,1244.0
2025-01-07 06:00:00+00:00,0.0,1140.7,1676.7
2025-01-07 07:00:00+00:00,0.2,1166.2,1817.5
2025-01-07 08:00:00+00:00,290.4,1237.6,1623.4
2025-01-07 09:00:00+00:00,1023.5,1297.6,1644.3
2025-01-07 10:00:00+00:00,1413.0,1428.1,1187.2
2025-01-07 11:00:00+00:00,843.2,1570.0,987.3
2025-01-07 12:00:00+00:00,522.7,1505.0,926.8
2025-01-07 13:00:00+00:00,487.2,1416.5,786.3
2025-01-07 14:00:00+00:00,331.8,1519.8,923.9
2025-01-07 15:00:00+00:00,41.2,1625.6,1266.1
2025-01-07 16:00:00+00:00,0.0,1658.4,1788.3
2025-01-07 17:00:00+00:00,0.0,1468.6,1846.4
2025-01-07 18:00:00+00:00,0.0,1351.8,1819.9
2025-01-07 19:00:00+00:00,0.0,1371.5,1777.0
2025-01-07 20:00:00+00:00,0.0,1349.7,1842.6
2025-01-07 21:00:00+00:00,0.0,1270.1,1899.3
2025-01-07 22:00:00+00:00,0.0,1100.8,1806.7
2025-01-07 23:00:00+00:00,0.0,954.0,1801.8
2025-01-08 00:00:00+00:00,0.0,930.3,1681.9
2025-01-08 01:00:00+00:00,0.0,870.7,1460.1
2025-01-08 02:00:00+00:00,0.0,803.4,1272.8
2025-01-08 03:00:00+00:00,0.0,766.0,1024.9
2025-01-08 04:00:00+00:00,0.0,646.8,859.1
2025-01-08 05:00:00+00:00,0.0,655.2,633.3
2025-01-08 06:00:00+00:00,0.0,550.2,363.1
2025-01-08 07:00:00+00:00,0.6,453.0,174.5
2025-01-08 08:00:00+00:00,273.2,436.4,98.9
2025-01-08 09:00:00+00:00,642.7,397.2,45.2
2025-01-08 10:00:00+00:00,831.4,254.6,10.8
2025-01-08 11:00:00+00:00,946.6,119.0,0.0
2025-01-08 12:00:00+00:00,986.4,70.5,0.0
2025-01-08 13:00:00+00:00,490.9,56.3,0.0
2025-01-08 14:00:00+00:00,213.0,104.6,0.4
2025-01-08 15:00:00+00:00,13.8,330.7,27.0
2025-01-08 16:00:00+00:00,0.0,431.0,132.8
2025-01-08 17:00:00+00:00,0.0,600.1,235.5
2025-01-08 18:00:00+00:00,0.0,723.1,567.8
2025-01-08 19:00:00+00:00,0.0,619.9,641.8
2025-01-08 20:00:00+00:00,0.0,579.0,714.1
2025-01-08 21:00:00+00:00,0.0,602.6,673.1
2025-01-08 22:00:00+00:00,0.0,515.9,340.2
2025-01-08 23:00:00+00:00,0.0,366.6,211.4
2025-01-09 00:00:00+00:00,0.0,311.5,385.6
2025-01-09 01:00:00+00:00,0.0,235.6,422.1
2025-01-09 02:00:00+00:00,0.0,290.6,322.8
2025-01-09 03:00:00+00:00,0.0,280.7,146.8
2025-01-09 04:00:00+00:00,0.0,246.6,42.7
2025-01-09 05:00:00+00:00,0.0,232.1,5.1
2025-01-09 06:00:00+00:00,0.0,259.0,482.7
2025-01-09 07:00:00+00:00,0.1,298.7,423.9
2025-01-09 08:00:00+00:00,4.9,264.7,37.6
2025-01-09 09:00:00+00:00,83.3,165.3,30.6
2025-01-09 10:00:00+00:00,427.4,125.5,114.8
2025-01-09 11:00:00+00:00,630.4,114.8,536.5
2025-01-09 12:00:00+00:00,432.4,235.1,1120.9
2025-01-09 13:00:00+00:00,582.7,294.3,1266.5
2025-01-09 14:00:00+00:00,720.2,315.3,1593.6
2025-01-09 15:00:00+00:00,188.1,469.8,1845.1
2025-01-09 16:00:00+00:00,0.0,614.5,1869.2
2025-01-09 17:00:00+00:00,0.0,701.8,1931.2
2025-01-09 18:00:00+00:00,0.0,718.3,1944.9
2025-01-09 19:00:00+00:00,0.0,715.1,1946.1
2025-01-09 20:00:00+00:00,0.0,651.5,1975.2
2025-01-09 21:00:00+00:00,0.0,672.1,1931.7
2025-01-09 22:00:00+00:00,0.0,739.7,1584.8
2025-01-09 23:00:00+00:00,0.0,653.8,1133.8
2025-01-10 00:00:00+00:00,0.0,597.9,678.5
2025-01-10 01:00:00+00:00,0.0,519.6,398.8
2025-01-10 02:00:00+00:00,0.0,425.3,344.5
2025-01-10 03:00:00+00:00,0.0,366.6,307.2
2025-01-10 04:00:00+00:00,0.0,342.5,336.8
2025-01-10 05:00:00+00:00,0.0,414.2,247.2
2025-01-10 06:00:00+00:00,0.0,399.1,139.5
2025-01-10 07:00:00+00:00,0.3,362.0,118.2
2025-01-10 08:00:00+00:00,369.3,364.2,155.6
2025-01-10 09:00:00+00:00,1260.8,332.1,193.2
2025-01-10 10:00:00+00:00,2119.6,225.5,158.8
2025-01-10 11:00:00+00:00,2553.3,141.4,139.0
2025-01-10 12:00:00+00:00,2661.0,112.2,124.5
2025-01-10 13:00:00+00:00,2004.2,96.0,160.5
2025-01-10 14:00:00+00:00,1059.3,94.0,251.6
2025-01-10 15:00:00+00:00,117.7,129.2,272.4
2025-01-10 16:00:00+00:00,0.0,158.0,165.5
2025-01-10 17:00:00+00:00,0.0,153.1,47.2
2025-01-10 18:00:00+00:00,0.0,163.1,32.8
2025-01-10 19:00:00+00:00,0.0,177.0,39.8
2025-01-10 20:00:00+00:00,0.0,181.6,20.7
2025-01-10 21:00:00+00:00,0.0,199.7,70.4
2025-01-10 22:00:00+00:00,0.0,193.9,108.2
2025-01-10 23:00:00+00:00,0.0,159.0,102.7
2025-01-11 00:00:00+00:00,0.0,162.9,162.6
2025-01-11 01:00:00+00:00,0.0,139.1,104.8
2025-01-11 02:00:00+00:00,0.0,95.9,57.5
2025-01-11 03:00:00+00:00,0.0,60.7,65.2
2025-01-11 04:00:00+00:00,0.0,46.8,29.9
2025-01-11 05:00:00+00:00,0.0,32.4,18.3
2025-01-11 06:00:00+00:00,0.0,17.6,208.4
2025-01-11 07:00:00+00:00,0.3,9.7,44.2
2025-01-11 08:00:00+00:00,240.4,8.1,0.7
2025-01-11 09:00:00+00:00,694.4,6.5,0.0
2025-01-11 10:00:00+00:00,1240.7,9.1,17.1
2025-01-11 11:00:00+00:00,1511.0,12.5,0.1
2025-01-11 12:00:00+00:00,1463.8,14.9,0.0
2025-01-11 13:00:00+00:00,1122.7,18.5,45.7
2025-01-11 14:00:00+00:00,622.9,35.8,265.7
2025-01-11 15:00:00+00:00,114.0,59.0,230.9
2025-01-11 16:00:00+00:00,0.0,89.5,221.5
2025-01-11 17:00:00+00:00,0.0,115.2,292.3
2025-01-11 18:00:00+00:00,0.0,125.5,352.8
2025-01-11 19:00:00+00:00,0.0,101.0,255.6
2025-01-11 20:00:00+00:00,0.0,112.5,254.1
2025-01-11 21:00:00+00:00,0.0,109.9,267.5
2025-01-11 22:00:00+00:00,0.0,120.1,159.0
2025-01-11 23:00:00+00:00,0.0,96.5,157.9
2025-01-12 00:00:00+00:00,0.0,70.4,94.0
2025-01-12 01:00:00+00:00,0.0,47.6,124.7
2025-01-12 02:00:00+00:00,0.0,54.1,94.8
2025-01-12 03:00:00+00:00,0.0,53.3,178.0
2025-01-12 04:00:00+00:00,0.0,61.8,109.1
2025-01-12 05:00:00+00:00,0.0,61.2,87.6
2025-01-12 06:00:00+00:00,0.0,47.1,34.3
2025-01-12 07:00:00+00:00,0.4,30.0,3.9
2025-01-12 08:00:00+00:00,181.6,30.3,17.4
2025-01-12 09:00:00+00:00,528.3,35.7,9.1
2025-01-12 10:00:00+00:00,1044.5,34.0,1.9
2025-01-12 11:00:00+00:00,1541.7,30.8,3.4
2025-01-12 12:00:00+00:00,1538.7,27.8,11.4
2025-01-12 13:00:00+00:00,1316.7,14.9,3.5
2025-01-12 14:00:00+00:00,637.6,10.3,0.0
2025-01-12 15:00:00+00:00,80.3,9.8,0.0
2025-01-12 16:00:00+00:00,0.0,13.4,0.0
2025-01-12 17:00:00+00:00,0.0,25.0,0.0
2025-01-12 18:00:00+00:00,0.0,36.9,0.0
2025-01-12 19:00:00+00:00,0.0,54.0,0.0
2025-01-12 20:00:00+00:00,0.0,76.9,0.0
2025-01-12 21:00:00+00:00,0.0,72.4,0.2
2025-01-12 22:00:00+00:00,0.0,58.1,69.5
2025-01-12 23:00:00+00:00,0.0,64.9,93.6
2025-01-13 00:00:00+00:00,0.0,81.4,100.6
2025-01-13 01:00:00+00:00,0.0,69.7,119.2
2025-01-13 02:00:00+00:00,0.0,56.5,141.0
2025-01-13 03:00:00+00:00,0.0,59.3,144.9
2025-01-13 04:00:00+00:00,0.0,64.3,135.6
2025-01-13 05:00:00+00:00,0.0,71.2,214.4
2025-01-13 06:00:00+00:00,0.0,100.6,273.7
2025-01-13 07:00:00+00:00,9.8,110.6,296.9
2025-01-13 08:00:00+00:00,803.0,63.0,330.5
2025-01-13 09:00:00+00:00,2209.6,55.0,382.5
2025-01-13 10:00:00+00:00,3341.9,49.7,426.0
2025-01-13 11:00:00+00:00,3940.8,26.1,472.7
2025-01-13 12:00:00+00:00,3938.5,35.7,476.7
2025-01-13 13:00:00+00:00,3239.9,39.5,369.2
2025-01-13 14:00:00+00:00,1971.8,17.7,294.3
2025-01-13 15:00:00+00:00,435.3,9.8,282.5
2025-01-13 16:00:00+00:00,0.1,34.9,272.2
2025-01-13 17:00:00+00:00,0.0,58.0,432.7
2025-01-13 18:00:00+00:00,0.0,66.4,392.4
2025-01-13 19:00:00+00:00,0.0,75.3,303.7
2025-01-13 20:00:00+00:00,0.0,78.0,191.6
2025-01-13 21:00:00+00:00,0.0,94.5,288.0
2025-01-13 22:00:00+00:00,0.0,125.1,453.0
2025-01-13 23:00:00+00:00,0.0,210.4,459.2
2025-01-14 00:00:00+00:00,0.0,345.5,488.4
2025-01-14 01:00:00+00:00,0.0,384.5,499.7
2025-01-14 02:00:00+00:00,0.0,322.3,601.0
2025-01-14 03:00:00+00:00,0.0,301.8,471.1
2025-01-14 04:00:00+00:00,0.0,303.2,495.8
2025-01-14 05:00:00+00:00,0.0,417.9,658.6
2025-01-14 06:00:00+00:00,0.0,535.2,695.7
2025-01-14 07:00:00+00:00,20.7,546.3,762.9
2025-01-14 08:00:00+00:00,532.6,591.8,623.1
2025-01-14 09:00:00+00:00,1328.9,496.5,619.8
2025-01-14 10:00:00+00:00,1693.7,350.4,736.2
2025-01-14 11:00:00+00:00,1686.2,355.7,814.2
2025-01-14 12:00:00+00:00,1768.4,315.4,1140.9
2025-01-14 13:00:00+00:00,1731.5,316.5,1023.0
2025-01-14 14:00:00+00:00,1141.5,295.2,792.5
2025-01-14 15:00:00+00:00,197.2,275.3,532.8
2025-01-14 16:00:00+00:00,0.2,318.8,457.1
2025-01-14 17:00:00+00:00,0.0,374.2,397.7
2025-01-14 18:00:00+00:00,0.0,402.3,290.0
2025-01-14 19:00:00+00:00,0.0,379.5,178.5
2025-01-14 20:00:00+00:00,0.0,403.1,69.4
2025-01-14 21:00:00+00:00,0.0,363.3,127.6
2025-01-14 22:00:00+00:00,0.0,301.6,90.8
2025-01-14 23:00:00+00:00,0.0,239.7,24.6
2025-01-15 00:00:00+00:00,0.0,199.6,7.6
2025-01-15 01:00:00+00:00,0.0,172.6,33.5
2025-01-15 02:00:00+00:00,0.0,161.0,51.4
2025-01-15 03:00:00+00:00,0.0,167.3,48.3
2025-01-15 04:00:00+00:00,0.0,183.3,6.9
2025-01-15 05:00:00+00:00,0.0,171.5,12.5
2025-01-15 06:00:00+00:00,0.0,129.6,0.0
2025-01-15 07:00:00+00:00,0.2,79.1,0.0
2025-01-15 08:00:00+00:00,96.5,37.0,0.0
2025-01-15 09:00:00+00:00,367.0,15.4,0.0
2025-01-15 10:00:00+00:00,478.9,9.1,0.0
2025-01-15 11:00:00+00:00,479.3,5.9,0.0
2025-01-15 12:00:00+00:00,483.5,3.6,0.0
2025-01-15 13:00:00+00:00,388.5,2.3,0.0
2025-01-15 14:00:00+00:00,213.5,4.7,0.0
2025-01-15 15:00:00+00:00,54.7,15.1,0.0
2025-01-15 16:00:00+00:00,0.2,15.6,0.0
2025-01-15 17:00:00+00:00,0.0,14.7,0.0
2025-01-15 18:00:00+00:00,0.0,7.4,0.0
2025-01-15 19:00:00+00:00,0.0,7.1,0.0
2025-01-15 20:00:00+00:00,0.0,7.5,0.0
2025-01-15 21:00:00+00:00,0.0,6.8,0.0
2025-01-15 22:00:00+00:00,0.0,7.3,0.0
2025-01-15 23:00:00+00:00,0.0,5.6,0.0
2025-01-16 00:00:00+00:00,0.0,5.3,0.0
2025-01-16 01:00:00+00:00,0.0,11.0,0.0
2025-01-16 02:00:00+00:00,0.0,20.9,0.0
2025-01-16 03:00:00+00:00,0.0,42.8,0.0
2025-01-16 04:00:00+00:00,0.0,44.5,0.0
2025-01-16 05:00:00+00:00,0.0,41.9,0.0
2025-01-16 06:00:00+00:00,0.0,44.6,0.0
2025-01-16 07:00:00+00:00,0.7,59.4,0.0
2025-01-16 08:00:00+00:00,127.6,50.6,4.0
2025-01-16 09:00:00+00:00,383.5,55.5,24.6
2025-01-16 10:00:00+00:00,658.5,35.3,13.8
2025-01-16 11:00:00+00:00,791.8,36.0,55.2
2025-01-16 12:00:00+00:00,726.7,44.9,77.8
2025-01-16 13:00:00+00:00,527.2,51.3,20.9
2025-01-16 14:00:00+00:00,312.7,55.1,33.7
2025-01-16 15:00:00+00:00,65.8,37.2,81.9
2025-01-16 16:00:00+00:00,0.3,35.1,79.2
2025-01-16 17:00:00+00:00,0.0,42.9,32.6
2025-01-16 18:00:00+00:00,0.0,60.2,1.7
2025-01-16 19:00:00+00:00,0.0,46.9,0.0
2025-01-16 20:00:00+00:00,0.0,45.5,3.3
2025-01-16 21:00:00+00:00,0.0,53.3,44.6
2025-01-16 22:00:00+00:00,0.0,47.2,125.0
2025-01-16 23:00:00+00:00,0.0,52.8,145.0
2025-01-17 00:00:00+00:00,0.0,50.2,192.9
2025-01-17 01:00:00+00:00,0.0,39.3,210.1
2025-01-17 02:00:00+00:00,0.0,31.8,136.2
2025-01-17 03:00:00+00:00,0.0,28.0,123.6
2025-01-17 04:00:00+00:00,0.0,26.4,198.5
2025-01-17 05:00:00+00:00,0.0,30.1,186.8
2025-01-17 06:00:00+00:00,0.0,34.6,147.2
2025-01-17 07:00:00+00:00,3.4,15.8,121.8
2025-01-17 08:00:00+00:00,157.9,5.4,54.7
2025-01-17 09:00:00+00:00,487.2,4.4,11.3
2025-01-17 10:00:00+00:00,758.0,4.0,0.0
2025-01-17 11:00:00+00:00,868.0,1.2,2.9
2025-01-17 12:00:00+00:00,785.9,1.0,1.5
2025-01-17 13:00:00+00:00,560.6,1.2,0.0
2025-01-17 14:00:00+00:00,279.1,2.0,0.9
2025-01-17 15:00:00+00:00,46.5,5.3,26.2
2025-01-17 16:00:00+00:00,0.2,10.9,3.4
2025-01-17 17:00:00+00:00,0.0,17.8,0.0
2025-01-17 18:00:00+00:00,0.0,17.6,0.0
2025-01-17 19:00:00+00:00,0.0,18.7,0.0
2025-01-17 20:00:00+00:00,0.0,14.3,0.0
2025-01-17 21:00:00+00:00,0.0,15.4,0.0
2025-01-17 22:00:00+00:00,0.0,22.9,0.0
2025-01-17 23:00:00+00:00,0.0,32.0,0.0
2025-01-18 00:00:00+00:00,0.0,45.4,0.0
2025-01-18 01:00:00+00:00,0.0,53.0,0.0
2025-01-18 02:00:00+00:00,0.0,41.6,0.0
2025-01-18 03:00:00+00:00,0.0,31.2,0.0
2025-01-18 04:00:00+00:00,0.0,51.5,0.0
2025-01-18 05:00:00+00:00,0.0,58.4,0.0
2025-01-18 06:00:00+00:00,0.0,44.8,5.2
2025-01-18 07:00:00+00:00,0.7,51.3,73.9
2025-01-18 08:00:00+00:00,56.5,28.7,115.7
2025-01-18 09:00:00+00:00,225.2,22.8,59.4
2025-01-18 10:00:00+00:00,392.9,15.2,40.7
2025-01-18 11:00:00+00:00,482.5,20.2,5.3
2025-01-18 12:00:00+00:00,468.4,24.0,9.6
2025-01-18 13:00:00+00:00,369.8,15.5,10.6
2025-01-18 14:00:00+00:00,205.4,9.5,15.1
2025-01-18 15:00:00+00:00,35.7,8.4,33.7
2025-01-18 16:00:00+00:00,0.0,9.5,52.9
2025-01-18 17:00:00+00:00,0.0,10.4,120.0
2025-01-18 18:00:00+00:00,0.0,10.2,226.2
2025-01-18 19:00:00+00:00,0.0,11.5,277.3
2025-01-18 20:00:00+00:00,0.0,19.4,183.7
2025-01-18 21:00:00+00:00,0.0,13.6,147.4
2025-01-18 22:00:00+00:00,0.0,9.0,164.6
2025-01-18 23:00:00+00:00,0.0,6.1,162.2
2025-01-19 00:00:00+00:00,0.0,3.7,98.6
2025-01-19 01:00:00+00:00,0.0,2.0,27.7
2025-01-19 02:00:00+00:00,0.0,4.4,13.9
2025-01-19 03:00:00+00:00,0.0,6.4,50.5
2025-01-19 04:00:00+00:00,0.0,4.6,39.8
2025-01-19 05:00:00+00:00,0.0,3.1,33.9
2025-01-19 06:00:00+00:00,0.0,2.6,28.6
2025-01-19 07:00:00+00:00,2.1,2.3,24.0
2025-01-19 08:00:00+00:00,97.5,3.7,11.2
2025-01-19 09:00:00+00:00,338.5,1.6,12.1
2025-01-19 10:00:00+00:00,541.5,2.1,27.3
2025-01-19 11:00:00+00:00,633.6,3.9,81.9
2025-01-19 12:00:00+00:00,609.7,3.7,75.5
2025-01-19 13:00:00+00:00,468.7,1.5,80.2
2025-01-19 14:00:00+00:00,240.3,0.9,48.5
2025-01-19 15:00:00+00:00,39.1,0.8,40.9
2025-01-19 16:00:00+00:00,0.2,1.1,27.2
2025-01-19 17:00:00+00:00,0.0,0.9,56.8
2025-01-19 18:00:00+00:00,0.0,0.6,50.7
2025-01-19 19:00:00+00:00,0.0,0.6,7.4
2025-01-19 20:00:00+00:00,0.0,1.0,11.2
2025-01-19 21:00:00+00:00,0.0,0.7,1.2
2025-01-19 22:00:00+00:00,0.0,0.8,0.0
2025-01-19 23:00:00+00:00,0.0,1.5,0.0
2025-01-20 00:00:00+00:00,0.0,1.3,0.0
2025-01-20 01:00:00+00:00,0.0,2.1,17.3
2025-01-20 02:00:00+00:00,0.0,2.3,45.6
2025-01-20 03:00:00+00:00,0.0,2.6,94.5
2025-01-20 04:00:00+00:00,0.0,3.7,91.8
2025-01-20 05:00:00+00:00,0.0,4.1,137.3
2025-01-20 06:00:00+00:00,0.0,6.3,181.5
2025-01-20 07:00:00+00:00,1.2,10.2,259.4
2025-01-20 08:00:00+00:00,77.0,10.0,225.1
2025-01-20 09:00:00+00:00,260.2,8.3,194.0
2025-01-20 10:00:00+00:00,442.4,8.1,204.5
2025-01-20 11:00:00+00:00,620.9,9.3,188.8
2025-01-20 12:00:00+00:00,736.3,8.8,215.1
2025-01-20 13:00:00+00:00,640.4,9.0,204.0
2025-01-20 14:00:00+00:00,409.5,7.9,231.1
2025-01-20 15:00:00+00:00,108.6,9.0,296.8
2025-01-20 16:00:00+00:00,1.6,10.8,399.4
2025-01-20 17:00:00+00:00,0.0,14.3,307.4
2025-01-20 18:00:00+00:00,0.0,21.5,456.8
2025-01-20 19:00:00+00:00,0.0,31.9,479.4
2025-01-20 20:00:00+00:00,0.0,43.2,449.3
2025-01-20 21:00:00+00:00,0.0,49.3,416.0
2025-01-20 22:00:00+00:00,0.0,68.5,327.3
2025-01-20 23:00:00+00:00,0.0,68.6,352.3
2025-01-21 00:00:00+00:00,0.0,69.6,320.1
2025-01-21 01:00:00+00:00,0.0,70.7,308.4
2025-01-21 02:00:00+00:00,0.0,69.9,320.7
2025-01-21 03:00:00+00:00,0.0,59.2,301.3
2025-01-21 04:00:00+00:00,0.0,56.2,337.6
2025-01-21 05:00:00+00:00,0.0,53.8,268.5
2025-01-21 06:00:00+00:00,0.0,77.1,246.6
2025-01-21 07:00:00+00:00,7.9,89.6,241.6
2025-01-21 08:00:00+00:00,248.0,64.7,163.0
2025-01-21 09:00:00+00:00,683.4,50.0,66.9
2025-01-21 10:00:00+00:00,1200.2,58.8,18.8
2025-01-21 11:00:00+00:00,1723.0,56.3,31.6
2025-01-21 12:00:00+00:00,2171.7,29.4,20.5
2025-01-21 13:00:00+00:00,1938.2,16.7,21.4
2025-01-21 14:00:00+00:00,1161.6,20.4,20.4
2025-01-21 15:00:00+00:00,342.9,50.0,3.4
2025-01-21 16:00:00+00:00,4.3,133.5,18.8
2025-01-21 17:00:00+00:00,0.0,259.0,48.4
2025-01-21 18:00:00+00:00,0.0,363.4,104.6
2025-01-21 19:00:00+00:00,0.0,455.1,103.9
2025-01-21 20:00:00+00:00,0.0,580.1,98.0
2025-01-21 21:00:00+00:00,0.0,639.9,78.2
2025-01-21 22:00:00+00:00,0.0,667.2,83.9
2025-01-21 23:00:00+00:00,0.0,680.4,76.0
2025-01-22 00:00:00+00:00,0.0,708.5,75.9
2025-01-22 01:00:00+00:00,0.0,741.9,47.5
2025-01-22 02:00:00+00:00,0.0,769.2,55.1
2025-01-22 03:00:00+00:00,0.0,769.7,110.4
2025-01-22 04:00:00+00:00,0.0,707.6,139.2
2025-01-22 05:00:00+00:00,0.0,694.3,144.9
2025-01-22 06:00:00+00:00,0.0,745.3,115.8
2025-01-22 07:00:00+00:00,7.1,736.6,150.1
2025-01-22 08:00:00+00:00,141.1,655.5,89.9
2025-01-22 09:00:00+00:00,383.8,632.5,3.5
2025-01-22 10:00:00+00:00,502.9,651.5,50.3
2025-01-22 11:00:00+00:00,442.9,665.4,54.1
2025-01-22 12:00:00+00:00,405.1,623.3,0.0
2025-01-22 13:00:00+00:00,326.5,587.7,0.0
2025-01-22 14:00:00+00:00,172.8,530.2,0.0
2025-01-22 15:00:00+00:00,32.5,523.6,0.0
2025-01-22 16:00:00+00:00,0.1,470.4,7.2
2025-01-22 17:00:00+00:00,0.0,430.3,6.6
2025-01-22 18:00:00+00:00,0.0,312.5,65.2
2025-01-22 19:00:00+00:00,0.0,268.5,260.9
2025-01-22 20:00:00+00:00,0.0,272.1,316.7
2025-01-22 21:00:00+00:00,0.0,308.8,369.4
2025-01-22 22:00:00+00:00,0.0,380.3,404.3
2025-01-22 23:00:00+00:00,0.0,494.1,471.6
2025-01-23 00:00:00+00:00,0.0,587.2,563.4
2025-01-23 01:00:00+00:00,0.0,595.3,563.6
2025-01-23 02:00:00+00:00,0.0,694.5,506.3
2025-01-23 03:00:00+00:00,0.0,819.4,662.1
2025-01-23 04:00:00+00:00,0.0,1008.1,842.8
2025-01-23 05:00:00+00:00,0.0,1080.2,754.7
2025-01-23 06:00:00+00:00,0.0,1084.1,1019.8
2025-01-23 07:00:00+00:00,11.8,1020.4,1000.0
2025-01-23 08:00:00+00:00,277.4,883.3,998.2
2025-01-23 09:00:00+00:00,935.7,786.2,1353.6
2025-01-23 10:00:00+00:00,1499.5,879.9,1426.6
2025-01-23 11:00:00+00:00,1420.6,1202.7,1823.1
2025-01-23 12:00:00+00:00,1089.7,1475.1,2043.0
2025-01-23 13:00:00+00:00,866.0,1691.4,2095.5
2025-01-23 14:00:00+00:00,852.8,1639.2,2051.4
2025-01-23 15:00:00+00:00,355.3,1842.5,2084.6
2025-01-23 16:00:00+00:00,5.7,2019.5,2048.5
2025-01-23 17:00:00+00:00,0.0,2421.9,2126.7
2025-01-23 18:00:00+00:00,0.0,2404.4,2125.1
2025-01-23 19:00:00+00:00,0.0,2309.2,2128.9
2025-01-23 20:00:00+00:00,0.0,2148.5,2110.5
2025-01-23 21:00:00+00:00,0.0,1927.9,1986.5
2025-01-23 22:00:00+00:00,0.0,1817.4,2022.1
2025-01-23 23:00:00+00:00,0.0,1712.8,1564.6
2025-01-24 00:00:00+00:00,0.0,1575.0,1235.4
2025-01-24 01:00:00+00:00,0.0,1559.9,1557.5
2025-01-24 02:00:00+00:00,0.0,1495.6,1973.4
2025-01-24 03:00:00+00:00,0.0,1646.2,2051.0
2025-01-24 04:00:00+00:00,0.0,1884.4,2063.4
2025-01-24 05:00:00+00:00,0.0,2127.8,2107.3
2025-01-24 06:00:00+00:00,0.0,2328.8,2110.5
2025-01-24 07:00:00+00:00,2.3,2431.9,2132.5
2025-01-24 08:00:00+00:00,101.6,2442.7,2129.8
2025-01-24 09:00:00+00:00,301.1,2436.9,2132.3
2025-01-24 10:00:00+00:00,402.5,2466.1,2132.6
2025-01-24 11:00:00+00:00,320.4,2470.2,2129.1
2025-01-24 12:00:00+00:00,320.4,2451.1,2129.9
2025-01-24 13:00:00+00:00,298.7,2369.7,2108.3
2025-01-24 14:00:00+00:00,246.8,2152.6,2082.1
2025-01-24 15:00:00+00:00,59.7,1917.9,2123.8
2025-01-24 16:00:00+00:00,1.0,1524.3,1967.0
2025-01-24 17:00:00+00:00,0.0,1291.7,1959.2
2025-01-24 18:00:00+00:00,0.0,1095.4,1863.0
2025-01-24 19:00:00+00:00,0.0,796.4,1544.7
2025-01-24 20:00:00+00:00,0.0,733.6,1205.0
2025-01-24 21:00:00+00:00,0.0,648.4,1009.7
2025-01-24 22:00:00+00:00,0.0,582.0,941.6
2025-01-24 23:00:00+00:00,0.0,633.9,861.9
2025-01-25 00:00:00+00:00,0.0,850.9,703.9
2025-01-25 01:00:00+00:00,0.0,943.6,684.0
2025-01-25 02:00:00+00:00,0.0,938.1,350.2
2025-01-25 03:00:00+00:00,0.0,931.8,118.5
2025-01-25 04:00:00+00:00,0.0,1200.5,63.3
2025-01-25 05:00:00+00:00,0.0,1026.8,110.8
2025-01-25 06:00:00+00:00,0.0,1011.5,283.2
2025-01-25 07:00:00+00:00,1.9,786.4,617.6
2025-01-25 08:00:00+00:00,149.8,602.3,800.0
2025-01-25 09:00:00+00:00,539.2,445.3,718.8
2025-01-25 10:00:00+00:00,629.7,382.8,597.2
2025-01-25 11:00:00+00:00,796.9,394.8,323.5
2025-01-25 12:00:00+00:00,964.3,235.4,84.3
2025-01-25 13:00:00+00:00,938.1,112.2,7.2
2025-01-25 14:00:00+00:00,556.5,57.0,0.0
2025-01-25 15:00:00+00:00,112.8,55.2,0.0
2025-01-25 16:00:00+00:00,0.4,58.6,0.0
2025-01-25 17:00:00+00:00,0.0,75.7,0.0
2025-01-25 18:00:00+00:00,0.0,145.5,0.0
2025-01-25 19:00:00+00:00,0.0,255.7,0.0
2025-01-25 20:00:00+00:00,0.0,243.1,0.0
2025-01-25 21:00:00+00:00,0.0,188.6,0.0
2025-01-25 22:00:00+00:00,0.0,302.6,0.0
2025-01-25 23:00:00+00:00,0.0,338.9,18.7
2025-01-26 00:00:00+00:00,0.0,341.8,7.8
2025-01-26 01:00:00+00:00,0.0,366.0,0.0
2025-01-26 02:00:00+00:00,0.0,414.3,0.0
2025-01-26 03:00:00+00:00,0.0,484.8,15.0
2025-01-26 04:00:00+00:00,0.0,438.3,178.7
2025-01-26 05:00:00+00:00,0.0,345.5,369.7
2025-01-26 06:00:00+00:00,0.0,225.9,892.4
2025-01-26 07:00:00+00:00,38.8,248.9,998.3
2025-01-26 08:00:00+00:00,775.5,384.8,1537.1
2025-01-26 09:00:00+00:00,1694.7,491.1,1617.6
2025-01-26 10:00:00+00:00,1942.4,704.9,1732.9
2025-01-26 11:00:00+00:00,1533.2,1003.3,1798.3
2025-01-26 12:00:00+00:00,1142.5,1417.8,2093.7
2025-01-26 13:00:00+00:00,740.1,1624.1,2132.0
2025-01-26 14:00:00+00:00,486.8,1539.0,2131.3
2025-01-26 15:00:00+00:00,139.3,1701.3,2142.9
2025-01-26 16:00:00+00:00,1.1,2068.8,2144.8
2025-01-26 17:00:00+00:00,0.0,2376.4,2149.0
2025-01-26 18:00:00+00:00,0.0,2389.9,2146.7
2025-01-26 19:00:00+00:00,0.0,2344.3,2148.6
2025-01-26 20:00:00+00:00,0.0,2309.3,2119.0
2025-01-26 21:00:00+00:00,0.0,2236.6,2127.1
2025-01-26 22:00:00+00:00,0.0,2121.4,2145.6
2025-01-26 23:00:00+00:00,0.0,1996.3,2109.0
2025-01-27 00:00:00+00:00,0.0,2104.4,2137.6
2025-01-27 01:00:00+00:00,0.0,2251.6,2108.5
2025-01-27 02:00:00+00:00,0.0,2288.4,2093.4
2025-01-27 03:00:00+00:00,0.0,2262.4,2119.0
2025-01-27 04:00:00+00:00,0.0,2204.5,2064.7
2025-01-27 05:00:00+00:00,0.0,2230.4,2066.9
2025-01-27 06:00:00+00:00,0.0,2092.1,1913.0
2025-01-27 07:00:00+00:00,34.2,1798.5,1933.3
2025-01-27 08:00:00+00:00,845.7,1986.6,2073.6
2025-01-27 09:00:00+00:00,1682.5,1804.6,2068.4
2025-01-27 10:00:00+00:00,3020.8,1790.8,1857.2
2025-01-27 11:00:00+00:00,4235.0,1777.3,1704.1
2025-01-27 12:00:00+00:00,3495.5,2090.8,1997.6
2025-01-27 13:00:00+00:00,2969.4,2038.5,2078.9
2025-01-27 14:00:00+00:00,2332.3,1720.0,1984.5
2025-01-27 15:00:00+00:00,750.9,1772.1,2051.8
2025-01-27 16:00:00+00:00,15.1,1941.1,1998.8
2025-01-27 17:00:00+00:00,0.0,1993.2,2071.4
2025-01-27 18:00:00+00:00,0.0,2077.7,2071.2
2025-01-27 19:00:00+00:00,0.0,2096.9,2042.9
2025-01-27 20:00:00+00:00,0.0,2027.3,2091.0
2025-01-27 21:00:00+00:00,0.0,2017.4,2086.9
2025-01-27 22:00:00+00:00,0.0,2000.1,2089.2
2025-01-27 23:00:00+00:00,0.0,2047.8,2122.8
2025-01-28 00:00:00+00:00,0.0,1938.5,2095.6
2025-01-28 01:00:00+00:00,0.0,1964.4,2129.7
2025-01-28 02:00:00+00:00,0.0,1888.7,2131.2
2025-01-28 03:00:00+00:00,0.0,1971.1,2111.3
2025-01-28 04:00:00+00:00,0.0,2154.7,2110.8
2025-01-28 05:00:00+00:00,0.0,2196.4,2049.9
2025-01-28 06:00:00+00:00,0.0,2356.6,2131.6
2025-01-28 07:00:00+00:00,44.9,2290.0,2127.9
2025-01-28 08:00:00+00:00,571.8,2250.0,2123.9
2025-01-28 09:00:00+00:00,1040.8,2147.4,2097.1
2025-01-28 10:00:00+00:00,1024.7,2233.4,2125.7
2025-01-28 11:00:00+00:00,992.7,2230.5,2127.5
2025-01-28 12:00:00+00:00,939.8,2219.8,2130.7
2025-01-28 13:00:00+00:00,683.5,2198.5,2138.9
2025-01-28 14:00:00+00:00,410.6,2133.6,2139.6
2025-01-28 15:00:00+00:00,145.0,2064.5,2138.7
2025-01-28 16:00:00+00:00,9.3,1940.3,2078.7
2025-01-28 17:00:00+00:00,0.0,1966.7,2119.2
2025-01-28 18:00:00+00:00,0.0,1894.7,2087.9
2025-01-28 19:00:00+00:00,0.0,1911.9,2055.6
2025-01-28 20:00:00+00:00,0.0,1928.7,2071.4
2025-01-28 21:00:00+00:00,0.0,1895.3,2122.7
2025-01-28 22:00:00+00:00,0.0,1917.8,2140.2
2025-01-28 23:00:00+00:00,0.0,1856.3,2135.8
2025-01-29 00:00:00+00:00,0.0,1905.1,2122.8
2025-01-29 01:00:00+00:00,0.0,1930.8,2120.0
2025-01-29 02:00:00+00:00,0.0,1956.9,2135.1
2025-01-29 03:00:00+00:00,0.0,1963.5,2105.6
2025-01-29 04:00:00+00:00,0.0,1792.3,2091.5
2025-01-29 05:00:00+00:00,0.0,1648.2,2064.5
2025-01-29 06:00:00+00:00,0.0,1472.2,1795.2
2025-01-29 07:00:00+00:00,34.9,1254.5,1678.2
2025-01-29 08:00:00+00:00,554.1,1267.2,1556.4
2025-01-29 09:00:00+00:00,1491.7,1104.8,1290.5
2025-01-29 10:00:00+00:00,1703.0,1263.1,1121.3
2025-01-29 11:00:00+00:00,1700.0,1383.7,676.7
2025-01-29 12:00:00+00:00,1771.1,1217.5,406.8
2025-01-29 13:00:00+00:00,1761.3,878.9,255.1
2025-01-29 14:00:00+00:00,980.9,652.7,267.4
2025-01-29 15:00:00+00:00,297.1,539.5,367.5
2025-01-29 16:00:00+00:00,6.7,476.7,272.7
2025-01-29 17:00:00+00:00,0.0,434.8,134.2
2025-01-29 18:00:00+00:00,0.0,451.5,168.1
2025-01-29 19:00:00+00:00,0.0,396.6,141.9
2025-01-29 20:00:00+00:00,0.0,260.1,30.7
2025-01-29 21:00:00+00:00,0.0,230.0,0.0
2025-01-29 22:00:00+00:00,0.0,262.3,0.0
2025-01-29 23:00:00+00:00,0.0,249.0,5.3
2025-01-30 00:00:00+00:00,0.0,223.1,64.7
2025-01-30 01:00:00+00:00,0.0,167.1,181.3
2025-01-30 02:00:00+00:00,0.0,157.4,265.4
2025-01-30 03:00:00+00:00,0.0,200.7,330.1
2025-01-30 04:00:00+00:00,0.0,225.7,559.3
2025-01-30 05:00:00+00:00,0.0,319.3,375.7
2025-01-30 06:00:00+00:00,0.0,283.0,487.4
2025-01-30 07:00:00+00:00,8.2,266.3,570.7
2025-01-30 08:00:00+00:00,142.4,233.1,755.7
2025-01-30 09:00:00+00:00,286.9,243.1,845.5
2025-01-30 10:00:00+00:00,432.7,309.0,848.9
2025-01-30 11:00:00+00:00,564.1,429.7,724.9
2025-01-30 12:00:00+00:00,749.4,568.7,539.0
2025-01-30 13:00:00+00:00,963.1,462.1,337.8
2025-01-30 14:00:00+00:00,1029.6,415.6,209.7
2025-01-30 15:00:00+00:00,615.3,325.4,223.3
2025-01-30 16:00:00+00:00,60.6,333.3,315.5
2025-01-30 17:00:00+00:00,0.0,523.2,455.0
2025-01-30 18:00:00+00:00,0.0,706.2,570.9
2025-01-30 19:00:00+00:00,0.0,647.3,428.3
2025-01-30 20:00:00+00:00,0.0,518.8,332.4
2025-01-30 21:00:00+00:00,0.0,384.4,265.0
2025-01-30 22:00:00+00:00,0.0,341.1,215.2
2025-01-30 23:00:00+00:00,0.0,335.9,255.6
2025-01-31 00:00:00+00:00,0.0,333.3,546.5
2025-01-31 01:00:00+00:00,0.0,335.2,613.4
2025-01-31 02:00:00+00:00,0.0,299.9,701.5
2025-01-31 03:00:00+00:00,0.0,326.6,602.3
2025-01-31 04:00:00+00:00,0.0,397.5,590.9
2025-01-31 05:00:00+00:00,0.0,487.4,689.2
2025-01-31 06:00:00+00:00,0.0,518.2,746.1
2025-01-31 07:00:00+00:00,36.5,535.1,493.6
2025-01-31 08:00:00+00:00,524.1,571.7,547.8
2025-01-31 09:00:00+00:00,1479.3,418.6,535.7
2025-01-31 10:00:00+00:00,2001.1,282.1,508.6
2025-01-31 11:00:00+00:00,1968.0,200.7,392.0
2025-01-31 12:00:00+00:00,1836.0,145.1,323.8
2025-01-31 13:00:00+00:00,1527.4,109.9,377.0
2025-01-31 14:00:00+00:00,1106.8,98.8,402.6
2025-01-31 15:00:00+00:00,538.4,110.3,399.3
2025-01-31 16:00:00+00:00,74.2,170.6,391.9
2025-01-31 17:00:00+00:00,0.0,291.3,307.4
2025-01-31 18:00:00+00:00,0.0,315.9,224.2
2025-01-31 19:00:00+00:00,0.0,272.7,156.2
2025-01-31 20:00:00+00:00,0.0,207.6,119.2
2025-01-31 21:00:00+00:00,0.0,192.6,55.1
2025-01-31 22:00:00+00:00,0.0,180.3,46.5
2025-01-31 23:00:00+00:00,0.0,183.1,47.7
2025-02-01 00:00:00+00:00,0.0,171.1,34.8
2025-02-01 01:00:00+00:00,0.0,176.2,24.5
2025-02-01 02:00:00+00:00,0.0,142.0,0.0
2025-02-01 03:00:00+00:00,0.0,133.0,37.3
2025-02-01 04:00:00+00:00,0.0,197.4,3.0
2025-02-01 05:00:00+00:00,0.0,165.6,0.0
2025-02-01 06:00:00+00:00,0.0,159.2,0.0
2025-02-01 07:00:00+00:00,167.9,177.2,13.5
2025-02-01 08:00:00+00:00,1490.5,211.9,29.9
2025-02-01 09:00:00+00:00,3252.3,204.3,77.1
2025-02-01 10:00:00+00:00,4604.9,141.7,40.9
2025-02-01 11:00:00+00:00,5266.5,67.2,40.5
2025-02-01 12:00:00+00:00,5239.6,61.4,17.2
2025-02-01 13:00:00+00:00,4510.1,58.6,2.8
2025-02-01 14:00:00+00:00,3126.1,55.8,0.0
2025-02-01 15:00:00+00:00,1324.1,69.1,0.0
2025-02-01 16:00:00+00:00,116.9,139.4,14.5
2025-02-01 17:00:00+00:00,0.0,301.3,100.3
2025-02-01 18:00:00+00:00,0.0,497.2,150.8
2025-02-01 19:00:00+00:00,0.0,648.1,179.9
2025-02-01 20:00:00+00:00,0.0,711.7,166.5
2025-02-01 21:00:00+00:00,0.0,605.9,321.2
2025-02-01 22:00:00+00:00,0.0,554.1,379.0
2025-02-01 23:00:00+00:00,0.0,453.5,337.6
2025-02-02 00:00:00+00:00,0.0,318.9,286.7
2025-02-02 01:00:00+00:00,0.0,227.9,83.5
2025-02-02 02:00:00+00:00,0.0,165.6,12.5
2025-02-02 03:00:00+00:00,0.0,130.1,14.2
2025-02-02 04:00:00+00:00,0.0,92.4,69.2
2025-02-02 05:00:00+00:00,0.0,99.3,109.0
2025-02-02 06:00:00+00:00,0.0,123.1,76.2
2025-02-02 07:00:00+00:00,199.6,162.3,118.7
2025-02-02 08:00:00+00:00,1639.3,166.5,140.5
2025-02-02 09:00:00+00:00,3373.0,108.7,127.5
2025-02-02 10:00:00+00:00,4686.1,36.8,142.6
2025-02-02 11:00:00+00:00,5303.7,13.7,83.1
2025-02-02 12:00:00+00:00,5261.6,6.7,27.3
2025-02-02 13:00:00+00:00,4528.9,9.1,6.3
2025-02-02 14:00:00+00:00,3156.9,6.2,0.0
2025-02-02 15:00:00+00:00,1339.0,3.6,8.5
2025-02-02 16:00:00+00:00,132.4,4.6,8.6
2025-02-02 17:00:00+00:00,0.0,14.2,28.4
2025-02-02 18:00:00+00:00,0.0,37.9,24.5
2025-02-02 19:00:00+00:00,0.0,51.4,67.7
2025-02-02 20:00:00+00:00,0.0,50.5,82.8
2025-02-02 21:00:00+00:00,0.0,58.8,122.3
2025-02-02 22:00:00+00:00,0.0,96.2,106.6
2025-02-02 23:00:00+00:00,0.0,116.5,50.7
2025-02-03 00:00:00+00:00,0.0,124.8,60.6
2025-02-03 01:00:00+00:00,0.0,150.5,182.5
2025-02-03 02:00:00+00:00,0.0,176.1,113.6
2025-02-03 03:00:00+00:00,0.0,257.7,114.7
2025-02-03 04:00:00+00:00,0.0,345.0,148.0
2025-02-03 05:00:00+00:00,0.0,376.5,65.1
2025-02-03 06:00:00+00:00,0.0,333.1,36.8
2025-02-03 07:00:00+00:00,179.0,250.3,56.7
2025-02-03 08:00:00+00:00,1490.6,249.7,148.4
2025-02-03 09:00:00+00:00,2973.2,246.6,146.7
2025-02-03 10:00:00+00:00,4424.4,102.6,179.5
2025-02-03 11:00:00+00:00,5051.9,63.4,184.1
2025-02-03 12:00:00+00:00,4983.4,79.0,150.7
2025-02-03 13:00:00+00:00,4258.8,75.9,127.8
2025-02-03 14:00:00+00:00,2663.8,80.5,155.7
2025-02-03 15:00:00+00:00,995.2,68.9,237.4
2025-02-03 16:00:00+00:00,95.8,69.6,348.5
2025-02-03 17:00:00+00:00,0.0,128.0,454.5
2025-02-03 18:00:00+00:00,0.0,224.9,528.1
2025-02-03 19:00:00+00:00,0.0,320.7,680.3
2025-02-03 20:00:00+00:00,0.0,366.9,713.4
2025-02-03 21:00:00+00:00,0.0,418.0,735.7
2025-02-03 22:00:00+00:00,0.0,417.0,635.7
2025-02-03 23:00:00+00:00,0.0,411.4,573.7
2025-02-04 00:00:00+00:00,0.0,378.3,606.1
2025-02-04 01:00:00+00:00,0.0,333.2,578.9
2025-02-04 02:00:00+00:00,0.0,335.4,611.5
2025-02-04 03:00:00+00:00,0.0,313.6,768.5
2025-02-04 04:00:00+00:00,0.0,303.7,825.4
2025-02-04 05:00:00+00:00,0.0,311.5,1064.2
2025-02-04 06:00:00+00:00,0.0,319.5,1512.5
2025-02-04 07:00:00+00:00,32.6,336.4,1729.3
2025-02-04 08:00:00+00:00,371.7,363.4,1699.2
2025-02-04 09:00:00+00:00,965.4,360.8,1562.1
2025-02-04 10:00:00+00:00,1588.1,333.6,1600.2
2025-02-04 11:00:00+00:00,2055.4,369.4,1588.7
2025-02-04 12:00:00+00:00,2112.0,452.6,1621.8
2025-02-04 13:00:00+00:00,1944.8,475.3,1695.9
2025-02-04 14:00:00+00:00,1640.0,531.1,1865.1
2025-02-04 15:00:00+00:00,951.6,578.2,1929.2
2025-02-04 16:00:00+00:00,141.6,602.0,1977.9
2025-02-04 17:00:00+00:00,0.0,793.5,1960.8
2025-02-04 18:00:00+00:00,0.0,1031.4,2019.3
2025-02-04 19:00:00+00:00,0.0,1172.6,2026.3
2025-02-04 20:00:00+00:00,0.0,1121.7,1887.3
2025-02-04 21:00:00+00:00,0.0,967.9,1857.4
2025-02-04 22:00:00+00:00,0.0,873.9,1753.0
2025-02-04 23:00:00+00:00,0.0,936.7,1480.7
2025-02-05 00:00:00+00:00,0.0,906.7,1134.3
2025-02-05 01:00:00+00:00,0.0,784.2,770.7
2025-02-05 02:00:00+00:00,0.0,645.2,471.7
2025-02-05 03:00:00+00:00,0.0,540.8,387.0
2025-02-05 04:00:00+00:00,0.0,474.8,346.1
2025-02-05 05:00:00+00:00,0.0,377.3,271.6
2025-02-05 06:00:00+00:00,0.0,286.2,263.0
2025-02-05 07:00:00+00:00,27.3,214.1,188.9
2025-02-05 08:00:00+00:00,300.1,164.1,153.8
2025-02-05 09:00:00+00:00,736.1,92.2,104.2
2025-02-05 10:00:00+00:00,1116.8,50.8,63.4
2025-02-05 11:00:00+00:00,1277.6,33.2,76.1
2025-02-05 12:00:00+00:00,1301.2,25.8,32.8
2025-02-05 13:00:00+00:00,1142.5,21.2,3.9
2025-02-05 14:00:00+00:00,798.2,15.3,8.8
2025-02-05 15:00:00+00:00,416.2,12.5,9.5
2025-02-05 16:00:00+00:00,35.5,16.7,0.0
2025-02-05 17:00:00+00:00,0.0,26.4,0.0
2025-02-05 18:00:00+00:00,0.0,17.7,0.0
2025-02-05 19:00:00+00:00,0.0,19.9,0.0
2025-02-05 20:00:00+00:00,0.0,23.6,0.0
2025-02-05 21:00:00+00:00,0.0,25.8,0.0
2025-02-05 22:00:00+00:00,0.0,28.6,0.0
2025-02-05 23:00:00+00:00,0.0,30.1,2.8
2025-02-06 00:00:00+00:00,0.0,26.0,107.0
2025-02-06 01:00:00+00:00,0.0,24.0,236.3
2025-02-06 02:00:00+00:00,0.0,42.7,215.6
2025-02-06 03:00:00+00:00,0.0,82.8,393.0
2025-02-06 04:00:00+00:00,0.0,152.4,432.2
2025-02-06 05:00:00+00:00,0.0,251.4,474.9
2025-02-06 06:00:00+00:00,0.0,339.3,381.6
2025-02-06 07:00:00+00:00,12.4,353.9,447.1
2025-02-06 08:00:00+00:00,178.7,319.6,387.2
2025-02-06 09:00:00+00:00,463.7,344.8,467.1
2025-02-06 10:00:00+00:00,693.2,438.7,726.2
2025-02-06 11:00:00+00:00,982.6,528.1,793.1
2025-02-06 12:00:00+00:00,1569.3,631.2,565.3
2025-02-06 13:00:00+00:00,1488.6,723.0,516.5
2025-02-06 14:00:00+00:00,842.7,793.7,542.9
2025-02-06 15:00:00+00:00,245.0,806.5,718.7
2025-02-06 16:00:00+00:00,16.1,811.5,1042.4
2025-02-06 17:00:00+00:00,0.0,960.4,1405.0
2025-02-06 18:00:00+00:00,0.0,1067.9,1787.8
2025-02-06 19:00:00+00:00,0.0,1183.2,1911.2
2025-02-06 20:00:00+00:00,0.0,1399.5,1963.9
2025-02-06 21:00:00+00:00,0.0,1535.5,1934.8
2025-02-06 22:00:00+00:00,0.0,1503.2,1812.3
2025-02-06 23:00:00+00:00,0.0,1472.2,1795.0
2025-02-07 00:00:00+00:00,0.0,1501.5,1803.8
2025-02-07 01:00:00+00:00,0.0,1473.2,1925.5
2025-02-07 02:00:00+00:00,0.0,1587.4,2035.8
2025-02-07 03:00:00+00:00,0.0,1714.9,2131.9
2025-02-07 04:00:00+00:00,0.0,1793.1,2139.9
2025-02-07 05:00:00+00:00,0.0,1846.9,2142.5
2025-02-07 06:00:00+00:00,0.0,1886.2,2145.6
2025-02-07 07:00:00+00:00,10.7,1883.8,2148.0
2025-02-07 08:00:00+00:00,133.9,1884.1,2142.5
2025-02-07 09:00:00+00:00,254.2,1865.5,2139.5
2025-02-07 10:00:00+00:00,258.3,1893.6,2150.0
2025-02-07 11:00:00+00:00,303.9,1912.6,2151.0
2025-02-07 12:00:00+00:00,466.8,1858.8,2152.0
2025-02-07 13:00:00+00:00,641.4,1852.6,2153.2
2025-02-07 14:00:00+00:00,683.8,1813.5,2152.5
2025-02-07 15:00:00+00:00,372.5,1704.5,2151.5
2025-02-07 16:00:00+00:00,48.1,1584.7,2150.0
2025-02-07 17:00:00+00:00,0.0,1400.2,2146.7
2025-02-07 18:00:00+00:00,0.0,1303.3,2136.7
2025-02-07 19:00:00+00:00,0.0,1283.8,2099.8
2025-02-07 20:00:00+00:00,0.0,1242.7,2067.3
2025-02-07 21:00:00+00:00,0.0,1151.7,1977.7
2025-02-07 22:00:00+00:00,0.0,1083.7,1891.2
2025-02-07 23:00:00+00:00,0.0,1064.2,1795.2
2025-02-08 00:00:00+00:00,0.0,1043.3,1562.5
2025-02-08 01:00:00+00:00,0.0,998.8,1230.9
2025-02-08 02:00:00+00:00,0.0,934.4,1005.0
2025-02-08 03:00:00+00:00,0.0,905.4,894.6
2025-02-08 04:00:00+00:00,0.0,871.4,698.5
2025-02-08 05:00:00+00:00,0.0,783.3,554.9
2025-02-08 06:00:00+00:00,0.0,723.5,477.7
2025-02-08 07:00:00+00:00,56.9,843.4,395.5
2025-02-08 08:00:00+00:00,378.9,898.9,243.6
2025-02-08 09:00:00+00:00,1448.7,763.4,199.4
2025-02-08 10:00:00+00:00,3224.4,551.4,164.3
2025-02-08 11:00:00+00:00,3591.3,388.1,114.5
2025-02-08 12:00:00+00:00,2984.9,354.3,159.2
2025-02-08 13:00:00+00:00,2628.0,192.0,173.0
2025-02-08 14:00:00+00:00,1387.3,138.2,194.4
2025-02-08 15:00:00+00:00,401.1,96.3,59.6
2025-02-08 16:00:00+00:00,46.2,97.6,33.2
2025-02-08 17:00:00+00:00,0.2,104.9,37.0
2025-02-08 18:00:00+00:00,0.0,130.2,79.2
2025-02-08 19:00:00+00:00,0.0,152.4,62.8
2025-02-08 20:00:00+00:00,0.0,208.1,68.1
2025-02-08 21:00:00+00:00,0.0,247.4,141.4
2025-02-08 22:00:00+00:00,0.0,214.2,26.1
2025-02-08 23:00:00+00:00,0.0,182.1,1.2
2025-02-09 00:00:00+00:00,0.0,156.1,0.0
2025-02-09 01:00:00+00:00,0.0,120.7,0.0
2025-02-09 02:00:00+00:00,0.0,80.1,0.0
2025-02-09 03:00:00+00:00,0.0,46.8,0.0
2025-02-09 04:00:00+00:00,0.0,51.2,0.0
2025-02-09 05:00:00+00:00,0.0,63.9,0.0
2025-02-09 06:00:00+00:00,0.0,80.9,0.0
2025-02-09 07:00:00+00:00,33.6,73.5,0.0
2025-02-09 08:00:00+00:00,246.0,57.1,0.0
2025-02-09 09:00:00+00:00,669.7,46.6,0.0
2025-02-09 10:00:00+00:00,1225.0,28.3,0.0
2025-02-09 11:00:00+00:00,1563.1,19.1,0.0
2025-02-09 12:00:00+00:00,1549.0,13.4,0.0
2025-02-09 13:00:00+00:00,1246.9,11.6,0.0
2025-02-09 14:00:00+00:00,784.2,12.8,0.0
2025-02-09 15:00:00+00:00,350.1,27.9,16.8
2025-02-09 16:00:00+00:00,42.1,55.9,135.4
2025-02-09 17:00:00+00:00,0.0,83.7,222.5
2025-02-09 18:00:00+00:00,0.0,99.8,285.4
2025-02-09 19:00:00+00:00,0.0,138.8,549.8
2025-02-09 20:00:00+00:00,0.0,172.1,568.2
2025-02-09 21:00:00+00:00,0.0,177.2,688.8
2025-02-09 22:00:00+00:00,0.0,193.8,909.4
2025-02-09 23:00:00+00:00,0.0,229.9,975.4
2025-02-10 00:00:00+00:00,0.0,251.0,949.9
2025-02-10 01:00:00+00:00,0.0,270.4,1093.9
2025-02-10 02:00:00+00:00,0.0,341.9,1444.7
2025-02-10 03:00:00+00:00,0.0,424.5,1613.2
2025-02-10 04:00:00+00:00,0.0,466.8,1690.7
2025-02-10 05:00:00+00:00,0.0,535.9,1539.8
2025-02-10 06:00:00+00:00,0.0,582.7,1629.8
2025-02-10 07:00:00+00:00,58.7,589.3,1604.3
2025-02-10 08:00:00+00:00,355.1,597.9,1352.3
2025-02-10 09:00:00+00:00,631.9,610.5,1375.3
2025-02-10 10:00:00+00:00,910.0,711.7,1519.2
2025-02-10 11:00:00+00:00,910.4,776.5,1752.5
2025-02-10 12:00:00+00:00,590.4,800.8,1673.6
2025-02-10 13:00:00+00:00,419.3,840.8,1563.8
2025-02-10 14:00:00+00:00,312.8,895.9,1672.9
2025-02-10 15:00:00+00:00,91.0,938.3,1800.6
2025-02-10 16:00:00+00:00,7.5,1007.5,1836.0
2025-02-10 17:00:00+00:00,0.0,1065.1,1851.9
2025-02-10 18:00:00+00:00,0.0,1071.3,1794.2
2025-02-10 19:00:00+00:00,0.0,1139.1,1462.8
2025-02-10 20:00:00+00:00,0.0,1114.4,1284.4
2025-02-10 21:00:00+00:00,0.0,1080.2,1074.8
2025-02-10 22:00:00+00:00,0.0,959.0,690.0
2025-02-10 23:00:00+00:00,0.0,741.5,597.2
2025-02-11 00:00:00+00:00,0.0,656.9,602.6
2025-02-11 01:00:00+00:00,0.0,726.1,531.9
2025-02-11 02:00:00+00:00,0.0,808.3,275.9
2025-02-11 03:00:00+00:00,0.0,948.7,118.8
2025-02-11 04:00:00+00:00,0.0,910.7,27.0
2025-02-11 05:00:00+00:00,0.0,871.3,0.0
2025-02-11 06:00:00+00:00,0.0,763.1,37.3
2025-02-11 07:00:00+00:00,18.9,760.4,51.4
2025-02-11 08:00:00+00:00,134.6,727.8,21.0
2025-02-11 09:00:00+00:00,298.5,586.8,30.1
2025-02-11 10:00:00+00:00,400.3,506.8,99.0
2025-02-11 11:00:00+00:00,471.2,456.6,100.5
2025-02-11 12:00:00+00:00,451.7,412.4,162.3
2025-02-11 13:00:00+00:00,348.7,366.0,150.8
2025-02-11 14:00:00+00:00,194.6,314.1,147.9
2025-02-11 15:00:00+00:00,62.6,298.5,131.6
2025-02-11 16:00:00+00:00,5.3,283.0,177.7
2025-02-11 17:00:00+00:00,0.0,258.1,216.6
2025-02-11 18:00:00+00:00,0.0,249.2,214.2
2025-02-11 19:00:00+00:00,0.0,247.5,263.1
2025-02-11 20:00:00+00:00,0.0,248.0,294.5
2025-02-11 21:00:00+00:00,0.0,206.1,195.5
2025-02-11 22:00:00+00:00,0.0,158.3,97.9
2025-02-11 23:00:00+00:00,0.0,127.5,53.3
2025-02-12 00:00:00+00:00,0.0,112.8,35.7
2025-02-12 01:00:00+00:00,0.0,109.3,34.3
2025-02-12 02:00:00+00:00,0.0,109.1,40.5
2025-02-12 03:00:00+00:00,0.0,90.4,7.9
2025-02-12 04:00:00+00:00,0.0,65.1,0.0
2025-02-12 05:00:00+00:00,0.0,53.1,0.0
2025-02-12 06:00:00+00:00,0.0,51.0,0.0
2025-02-12 07:00:00+00:00,69.8,65.5,0.0
2025-02-12 08:00:00+00:00,351.0,66.9,4.3
2025-02-12 09:00:00+00:00,711.0,46.9,2.4
2025-02-12 10:00:00+00:00,1057.8,25.4,0.0
2025-02-12 11:00:00+00:00,1237.7,17.1,0.0
2025-02-12 12:00:00+00:00,1214.5,20.2,11.7
2025-02-12 13:00:00+00:00,985.1,25.5,29.1
2025-02-12 14:00:00+00:00,642.5,26.8,85.7
2025-02-12 15:00:00+00:00,294.3,22.9,70.4
2025-02-12 16:00:00+00:00,53.9,24.5,57.2
2025-02-12 17:00:00+00:00,0.0,33.1,80.5
2025-02-12 18:00:00+00:00,0.0,44.1,89.4
2025-02-12 19:00:00+00:00,0.0,52.3,35.0
2025-02-12 20:00:00+00:00,0.0,60.3,109.7
2025-02-12 21:00:00+00:00,0.0,77.9,361.4
2025-02-12 22:00:00+00:00,0.0,93.9,350.1
2025-02-12 23:00:00+00:00,0.0,88.4,180.5
2025-02-13 00:00:00+00:00,0.0,81.2,178.6
2025-02-13 01:00:00+00:00,0.0,61.1,236.5
2025-02-13 02:00:00+00:00,0.0,68.7,229.9
2025-02-13 03:00:00+00:00,0.0,101.6,335.8
2025-02-13 04:00:00+00:00,0.0,147.0,371.9
2025-02-13 05:00:00+00:00,0.0,153.9,484.2
2025-02-13 06:00:00+00:00,0.0,179.5,495.3
2025-02-13 07:00:00+00:00,23.9,240.0,815.7
2025-02-13 08:00:00+00:00,194.7,309.8,756.6
2025-02-13 09:00:00+00:00,435.6,331.2,809.5
2025-02-13 10:00:00+00:00,506.6,348.9,800.6
2025-02-13 11:00:00+00:00,469.0,419.4,577.1
2025-02-13 12:00:00+00:00,521.1,342.3,427.0
2025-02-13 13:00:00+00:00,526.3,261.5,296.8
2025-02-13 14:00:00+00:00,341.4,282.7,481.8
2025-02-13 15:00:00+00:00,212.3,305.9,408.1
2025-02-13 16:00:00+00:00,49.4,280.7,445.8
2025-02-13 17:00:00+00:00,0.0,217.4,564.8
2025-02-13 18:00:00+00:00,0.0,122.7,469.8
2025-02-13 19:00:00+00:00,0.0,139.2,427.9
2025-02-13 20:00:00+00:00,0.0,122.6,363.4
2025-02-13 21:00:00+00:00,0.0,106.2,323.7
2025-02-13 22:00:00+00:00,0.0,92.4,303.5
2025-02-13 23:00:00+00:00,0.0,90.3,278.4
2025-02-14 00:00:00+00:00,0.0,92.4,150.3
2025-02-14 01:00:00+00:00,0.0,111.7,142.5
2025-02-14 02:00:00+00:00,0.0,151.2,162.5
2025-02-14 03:00:00+00:00,0.0,154.1,221.9
2025-02-14 04:00:00+00:00,0.0,127.3,275.8
2025-02-14 05:00:00+00:00,0.0,134.4,276.4
2025-02-14 06:00:00+00:00,0.0,148.8,226.7
2025-02-14 07:00:00+00:00,314.8,170.5,182.2
2025-02-14 08:00:00+00:00,1418.4,125.1,107.0
2025-02-14 09:00:00+00:00,2550.3,78.8,86.1
2025-02-14 10:00:00+00:00,2998.0,82.1,58.3
2025-02-14 11:00:00+00:00,3039.9,69.6,50.4
2025-02-14 12:00:00+00:00,2808.2,66.1,17.5
2025-02-14 13:00:00+00:00,2318.4,90.7,35.8
2025-02-14 14:00:00+00:00,1582.4,151.3,196.8
2025-02-14 15:00:00+00:00,812.9,190.6,234.6
2025-02-14 16:00:00+00:00,195.8,185.2,274.8
2025-02-14 17:00:00+00:00,0.0,202.3,409.6
2025-02-14 18:00:00+00:00,0.0,218.5,522.4
2025-02-14 19:00:00+00:00,0.0,227.6,438.4
2025-02-14 20:00:00+00:00,0.0,244.6,381.0
2025-02-14 21:00:00+00:00,0.0,288.5,463.0
2025-02-14 22:00:00+00:00,0.0,358.6,472.6
2025-02-14 23:00:00+00:00,0.0,376.8,427.8
2025-02-15 00:00:00+00:00,0.0,308.9,447.8
2025-02-15 01:00:00+00:00,0.0,219.1,486.3
2025-02-15 02:00:00+00:00,0.0,172.2,483.7
2025-02-15 03:00:00+00:00,0.0,132.9,380.3
2025-02-15 04:00:00+00:00,0.0,116.0,367.5
2025-02-15 05:00:00+00:00,0.0,124.8,350.7
2025-02-15 06:00:00+00:00,0.0,113.4,289.3
2025-02-15 07:00:00+00:00,279.7,115.3,302.7
2025-02-15 08:00:00+00:00,1149.7,143.0,268.8
2025-02-15 09:00:00+00:00,2184.1,142.2,263.3
2025-02-15 10:00:00+00:00,2947.3,144.0,300.8
2025-02-15 11:00:00+00:00,3088.8,143.7,243.6
2025-02-15 12:00:00+00:00,2907.0,94.4,173.7
2025-02-15 13:00:00+00:00,2163.4,86.5,117.3
2025-02-15 14:00:00+00:00,1279.2,105.0,151.6
2025-02-15 15:00:00+00:00,464.8,118.3,262.1
2025-02-15 16:00:00+00:00,76.8,169.0,368.6
2025-02-15 17:00:00+00:00,0.0,204.3,281.6
2025-02-15 18:00:00+00:00,0.0,236.9,228.1
2025-02-15 19:00:00+00:00,0.0,286.0,248.6
2025-02-15 20:00:00+00:00,0.0,331.1,284.1
2025-02-15 21:00:00+00:00,0.0,320.9,560.1
2025-02-15 22:00:00+00:00,0.0,309.9,746.7
2025-02-15 23:00:00+00:00,0.0,256.8,835.4
2025-02-16 00:00:00+00:00,0.0,212.2,822.7
2025-02-16 01:00:00+00:00,0.0,226.5,762.7
2025-02-16 02:00:00+00:00,0.0,232.6,582.3
2025-02-16 03:00:00+00:00,0.0,246.2,574.2
2025-02-16 04:00:00+00:00,0.0,316.0,733.9
2025-02-16 05:00:00+00:00,0.0,383.3,871.7
2025-02-16 06:00:00+00:00,0.0,383.2,874.2
2025-02-16 07:00:00+00:00,201.1,412.9,1029.6
2025-02-16 08:00:00+00:00,936.7,473.2,1164.6
2025-02-16 09:00:00+00:00,2280.1,559.6,839.9
2025-02-16 10:00:00+00:00,3691.0,605.7,828.8
2025-02-16 11:00:00+00:00,4703.6,628.5,867.1
2025-02-16 12:00:00+00:00,4825.1,629.2,972.2
2025-02-16 13:00:00+00:00,4130.1,654.2,1067.8
2025-02-16 14:00:00+00:00,3001.1,664.7,980.5
2025-02-16 15:00:00+00:00,1583.3,605.0,1086.8
2025-02-16 16:00:00+00:00,331.6,592.2,1171.8
2025-02-16 17:00:00+00:00,0.4,658.9,1206.1
2025-02-16 18:00:00+00:00,0.0,768.3,1541.9
2025-02-16 19:00:00+00:00,0.0,819.9,1573.6
2025-02-16 20:00:00+00:00,0.0,847.0,1502.3
2025-02-16 21:00:00+00:00,0.0,758.1,1510.7
2025-02-16 22:00:00+00:00,0.0,595.9,1109.2
2025-02-16 23:00:00+00:00,0.0,535.3,844.5
2025-02-17 00:00:00+00:00,0.0,535.0,557.6
2025-02-17 01:00:00+00:00,0.0,509.6,459.9
2025-02-17 02:00:00+00:00,0.0,470.6,310.5
2025-02-17 03:00:00+00:00,0.0,439.6,278.9
2025-02-17 04:00:00+00:00,0.0,395.7,246.3
2025-02-17 05:00:00+00:00,0.0,385.1,242.2
2025-02-17 06:00:00+00:00,0.0,392.5,249.7
2025-02-17 07:00:00+00:00,626.8,403.5,265.9
2025-02-17 08:00:00+00:00,2379.5,229.0,234.7
2025-02-17 09:00:00+00:00,4288.8,102.5,122.5
2025-02-17 10:00:00+00:00,5553.7,73.3,107.7
2025-02-17 11:00:00+00:00,6202.2,76.3,155.4
2025-02-17 12:00:00+00:00,6194.9,143.2,191.9
2025-02-17 13:00:00+00:00,5475.8,203.5,157.3
2025-02-17 14:00:00+00:00,4057.4,234.8,134.3
2025-02-17 15:00:00+00:00,1886.1,241.7,142.0
2025-02-17 16:00:00+00:00,284.6,250.7,182.5
2025-02-17 17:00:00+00:00,1.5,396.5,228.6
2025-02-17 18:00:00+00:00,0.0,603.4,363.9
2025-02-17 19:00:00+00:00,0.0,652.9,467.8
2025-02-17 20:00:00+00:00,0.0,617.4,717.4
2025-02-17 21:00:00+00:00,0.0,556.6,776.2
2025-02-17 22:00:00+00:00,0.0,570.4,825.1
2025-02-17 23:00:00+00:00,0.0,484.7,692.5
2025-02-18 00:00:00+00:00,0.0,394.6,588.1
2025-02-18 01:00:00+00:00,0.0,405.9,804.0
2025-02-18 02:00:00+00:00,0.0,507.8,678.1
2025-02-18 03:00:00+00:00,0.0,603.7,643.8
2025-02-18 04:00:00+00:00,0.0,533.5,469.7
2025-02-18 05:00:00+00:00,0.0,494.3,361.9
2025-02-18 06:00:00+00:00,0.0,506.7,372.9
2025-02-18 07:00:00+00:00,619.9,501.3,381.4
2025-02-18 08:00:00+00:00,2269.6,385.6,422.5
2025-02-18 09:00:00+00:00,4243.8,251.1,383.2
2025-02-18 10:00:00+00:00,5550.0,225.4,348.1
2025-02-18 11:00:00+00:00,6199.8,227.0,383.9
2025-02-18 12:00:00+00:00,6207.9,309.6,490.1
2025-02-18 13:00:00+00:00,5456.4,442.8,569.0
2025-02-18 14:00:00+00:00,4019.9,559.0,479.3
2025-02-18 15:00:00+00:00,2006.1,653.2,758.6
2025-02-18 16:00:00+00:00,433.4,749.0,1056.7
2025-02-18 17:00:00+00:00,1.6,1008.4,1334.4
2025-02-18 18:00:00+00:00,0.0,1104.0,1606.7
2025-02-18 19:00:00+00:00,0.0,1153.7,1484.6
2025-02-18 20:00:00+00:00,0.0,1082.7,1535.5
2025-02-18 21:00:00+00:00,0.0,1064.9,1282.1
2025-02-18 22:00:00+00:00,0.0,1016.1,997.5
2025-02-18 23:00:00+00:00,0.0,921.3,890.6
2025-02-19 00:00:00+00:00,0.0,843.0,1043.8
2025-02-19 01:00:00+00:00,0.0,827.2,949.8
2025-02-19 02:00:00+00:00,0.0,820.7,908.0
2025-02-19 03:00:00+00:00,0.0,805.1,807.4
2025-02-19 04:00:00+00:00,0.0,778.9,734.7
2025-02-19 05:00:00+00:00,0.0,722.1,882.5
2025-02-19 06:00:00+00:00,0.3,755.2,870.8
2025-02-19 07:00:00+00:00,335.3,784.2,1024.3
2025-02-19 08:00:00+00:00,1327.5,710.9,739.9
2025-02-19 09:00:00+00:00,2686.1,545.1,712.3
2025-02-19 10:00:00+00:00,3708.6,429.7,592.9
2025-02-19 11:00:00+00:00,4730.2,352.5,322.2
2025-02-19 12:00:00+00:00,5049.1,306.2,228.8
2025-02-19 13:00:00+00:00,4050.7,252.6,284.0
2025-02-19 14:00:00+00:00,2225.1,249.8,311.1
2025-02-19 15:00:00+00:00,1072.9,333.9,377.6
2025-02-19 16:00:00+00:00,301.6,487.4,456.4
2025-02-19 17:00:00+00:00,7.6,690.9,435.7
2025-02-19 18:00:00+00:00,0.0,792.0,533.1
2025-02-19 19:00:00+00:00,0.0,907.8,713.6
2025-02-19 20:00:00+00:00,0.0,1041.6,821.2
2025-02-19 21:00:00+00:00,0.0,1059.1,1049.1
2025-02-19 22:00:00+00:00,0.0,1006.4,815.7
2025-02-19 23:00:00+00:00,0.0,1055.4,610.3
2025-02-20 00:00:00+00:00,0.0,1024.4,507.1
2025-02-20 01:00:00+00:00,0.0,959.3,463.7
2025-02-20 02:00:00+00:00,0.0,1004.0,430.0
2025-02-20 03:00:00+00:00,0.0,982.3,612.2
2025-02-20 04:00:00+00:00,0.0,971.1,942.0
2025-02-20 05:00:00+00:00,0.0,910.9,1069.3
2025-02-20 06:00:00+00:00,0.5,950.2,1092.3
2025-02-20 07:00:00+00:00,222.5,1019.8,1370.9
2025-02-20 08:00:00+00:00,800.3,920.2,1617.3
2025-02-20 09:00:00+00:00,1275.1,914.9,1824.1
2025-02-20 10:00:00+00:00,1677.4,953.8,1862.8
2025-02-20 11:00:00+00:00,1637.3,991.7,1973.2
2025-02-20 12:00:00+00:00,1307.6,1025.9,1970.7
2025-02-20 13:00:00+00:00,1064.0,982.9,2029.0
2025-02-20 14:00:00+00:00,757.6,969.9,2022.3
2025-02-20 15:00:00+00:00,441.9,924.3,2021.1
2025-02-20 16:00:00+00:00,121.9,958.1,2091.6
2025-02-20 17:00:00+00:00,0.1,1159.3,1976.3
2025-02-20 18:00:00+00:00,0.0,1390.1,2060.1
2025-02-20 19:00:00+00:00,0.0,1459.0,2097.0
2025-02-20 20:00:00+00:00,0.0,1393.0,1974.8
2025-02-20 21:00:00+00:00,0.0,1231.3,1840.5
2025-02-20 22:00:00+00:00,0.0,1134.1,1717.3
2025-02-20 23:00:00+00:00,0.0,1038.1,1846.3
2025-02-21 00:00:00+00:00,0.0,1127.3,1716.5
2025-02-21 01:00:00+00:00,0.0,1235.8,1706.0
2025-02-21 02:00:00+00:00,0.0,1230.1,1800.8
2025-02-21 03:00:00+00:00,0.0,1360.8,1832.5
2025-02-21 04:00:00+00:00,0.0,1538.0,1930.8
2025-02-21 05:00:00+00:00,0.0,1477.6,2008.1
2025-02-21 06:00:00+00:00,0.1,1505.0,2102.6
2025-02-21 07:00:00+00:00,315.9,1419.5,2054.0
2025-02-21 08:00:00+00:00,984.4,1281.1,2068.7
2025-02-21 09:00:00+00:00,2034.4,1158.8,2009.9
2025-02-21 10:00:00+00:00,3347.5,1206.8,1966.1
2025-02-21 11:00:00+00:00,4055.8,1361.3,2021.4
2025-02-21 12:00:00+00:00,3975.3,1656.4,2042.1
2025-02-21 13:00:00+00:00,2739.2,1676.2,2050.7
2025-02-21 14:00:00+00:00,1532.0,1558.6,2058.5
2025-02-21 15:00:00+00:00,637.5,1400.2,2081.5
2025-02-21 16:00:00+00:00,133.5,1324.7,2094.6
2025-02-21 17:00:00+00:00,0.2,1369.8,2096.7
2025-02-21 18:00:00+00:00,0.0,1530.8,2013.7
2025-02-21 19:00:00+00:00,0.0,1445.0,1917.9
2025-02-21 20:00:00+00:00,0.0,1265.4,1942.4
2025-02-21 21:00:00+00:00,0.0,1202.4,1943.6
2025-02-21 22:00:00+00:00,0.0,1160.9,1851.4
2025-02-21 23:00:00+00:00,0.0,1220.8,1807.9
2025-02-22 00:00:00+00:00,0.0,1233.3,1750.2
2025-02-22 01:00:00+00:00,0.0,1290.6,1877.7
2025-02-22 02:00:00+00:00,0.0,1221.5,1966.2
2025-02-22 03:00:00+00:00,0.0,1238.6,2001.8
2025-02-22 04:00:00+00:00,0.0,1216.6,1997.0
2025-02-22 05:00:00+00:00,0.0,1228.6,2038.2
2025-02-22 06:00:00+00:00,0.2,1185.7,2010.1
2025-02-22 07:00:00+00:00,29.7,1043.1,1684.8
2025-02-22 08:00:00+00:00,179.3,1139.3,1551.8
2025-02-22 09:00:00+00:00,498.1,1074.3,1045.4
2025-02-22 10:00:00+00:00,874.5,1090.8,772.2
2025-02-22 11:00:00+00:00,970.6,1307.2,544.4
2025-02-22 12:00:00+00:00,889.0,1355.7,454.4
2025-02-22 13:00:00+00:00,734.9,1209.1,562.7
2025-02-22 14:00:00+00:00,567.2,1030.1,688.4
2025-02-22 15:00:00+00:00,379.8,849.6,797.6
2025-02-22 16:00:00+00:00,113.1,742.3,813.2
2025-02-22 17:00:00+00:00,0.7,714.0,789.1
2025-02-22 18:00:00+00:00,0.0,647.6,842.2
2025-02-22 19:00:00+00:00,0.0,656.3,896.8
2025-02-22 20:00:00+00:00,0.0,724.3,1071.1
2025-02-22 21:00:00+00:00,0.0,801.1,1116.0
2025-02-22 22:00:00+00:00,0.0,817.3,960.5
2025-02-22 23:00:00+00:00,0.0,724.4,797.3
2025-02-23 00:00:00+00:00,0.0,662.5,1056.5
2025-02-23 01:00:00+00:00,0.0,622.6,1180.8
2025-02-23 02:00:00+00:00,0.0,588.8,984.9
2025-02-23 03:00:00+00:00,0.0,477.0,877.1
2025-02-23 04:00:00+00:00,0.0,430.9,946.0
2025-02-23 05:00:00+00:00,0.0,474.5,740.9
2025-02-23 06:00:00+00:00,5.8,529.0,741.0
2025-02-23 07:00:00+00:00,738.2,582.0,718.1
2025-02-23 08:00:00+00:00,2289.0,524.0,854.1
2025-02-23 09:00:00+00:00,4122.7,419.4,1271.5
2025-02-23 10:00:00+00:00,5557.2,546.6,1491.3
2025-02-23 11:00:00+00:00,6163.4,835.4,1775.4
2025-02-23 12:00:00+00:00,5704.7,1220.2,1859.7
2025-02-23 13:00:00+00:00,4796.5,1407.3,1984.0
2025-02-23 14:00:00+00:00,3547.9,1225.0,1907.0
2025-02-23 15:00:00+00:00,1962.7,1161.8,1874.5
2025-02-23 16:00:00+00:00,354.3,1076.1,2060.5
2025-02-23 17:00:00+00:00,1.2,1150.3,2115.1
2025-02-23 18:00:00+00:00,0.0,1432.5,2141.3
2025-02-23 19:00:00+00:00,0.0,1591.2,2149.7
2025-02-23 20:00:00+00:00,0.0,1697.8,2149.6
2025-02-23 21:00:00+00:00,0.0,1765.6,2147.5
2025-02-23 22:00:00+00:00,0.0,1854.6,2148.7
2025-02-23 23:00:00+00:00,0.0,1852.8,2150.1
2025-02-24 00:00:00+00:00,0.0,1828.0,2151.0
2025-02-24 01:00:00+00:00,0.0,1836.4,2151.1
2025-02-24 02:00:00+00:00,0.0,1885.6,2151.3
2025-02-24 03:00:00+00:00,0.0,1925.7,2150.9
2025-02-24 04:00:00+00:00,0.0,1959.1,2149.9
2025-02-24 05:00:00+00:00,0.0,1966.6,2149.5
2025-02-24 06:00:00+00:00,0.2,2003.2,2133.2
2025-02-24 07:00:00+00:00,150.5,2060.4,2139.0
2025-02-24 08:00:00+00:00,619.1,2062.8,2140.0
2025-02-24 09:00:00+00:00,1102.1,2017.1,2145.9
2025-02-24 10:00:00+00:00,1058.4,1989.4,2135.3
2025-02-24 11:00:00+00:00,1056.6,2032.8,2143.1
2025-02-24 12:00:00+00:00,785.0,2076.3,2139.7
2025-02-24 13:00:00+00:00,747.8,1947.5,2067.7
2025-02-24 14:00:00+00:00,848.0,1567.5,2089.9
2025-02-24 15:00:00+00:00,510.7,1356.2,2119.9
2025-02-24 16:00:00+00:00,225.7,1128.9,2052.5
2025-02-24 17:00:00+00:00,4.0,1027.9,2093.7
2025-02-24 18:00:00+00:00,0.0,983.5,2137.9
2025-02-24 19:00:00+00:00,0.0,1015.0,2124.4
2025-02-24 20:00:00+00:00,0.0,1025.3,2058.2
2025-02-24 21:00:00+00:00,0.0,1011.5,1848.6
2025-02-24 22:00:00+00:00,0.0,958.3,1708.3
2025-02-24 23:00:00+00:00,0.0,936.8,1534.4
2025-02-25 00:00:00+00:00,0.0,856.8,1106.0
2025-02-25 01:00:00+00:00,0.0,710.2,1042.9
2025-02-25 02:00:00+00:00,0.0,598.6,638.0
2025-02-25 03:00:00+00:00,0.0,456.1,464.3
2025-02-25 04:00:00+00:00,0.0,518.1,350.9
2025-02-25 05:00:00+00:00,0.0,654.4,339.3
2025-02-25 06:00:00+00:00,8.0,611.3,289.2
2025-02-25 07:00:00+00:00,346.2,448.1,228.1
2025-02-25 08:00:00+00:00,1147.8,262.4,104.6
2025-02-25 09:00:00+00:00,1772.7,169.4,57.3
2025-02-25 10:00:00+00:00,2254.2,119.1,0.0
2025-02-25 11:00:00+00:00,2421.1,67.6,0.0
2025-02-25 12:00:00+00:00,1992.4,55.5,0.2
2025-02-25 13:00:00+00:00,1664.1,66.5,12.3
2025-02-25 14:00:00+00:00,1178.5,133.1,58.7
2025-02-25 15:00:00+00:00,553.3,236.5,66.3
2025-02-25 16:00:00+00:00,121.8,305.8,76.2
2025-02-25 17:00:00+00:00,0.3,389.1,46.1
2025-02-25 18:00:00+00:00,0.0,453.9,34.5
2025-02-25 19:00:00+00:00,0.0,506.0,18.3
2025-02-25 20:00:00+00:00,0.0,642.3,0.0
2025-02-25 21:00:00+00:00,0.0,683.9,0.0
2025-02-25 22:00:00+00:00,0.0,687.0,0.0
2025-02-25 23:00:00+00:00,0.0,690.1,20.3
2025-02-26 00:00:00+00:00,0.0,745.6,38.5
2025-02-26 01:00:00+00:00,0.0,686.5,215.5
2025-02-26 02:00:00+00:00,0.0,534.5,301.1
2025-02-26 03:00:00+00:00,0.0,460.9,253.3
2025-02-26 04:00:00+00:00,0.0,404.6,228.3
2025-02-26 05:00:00+00:00,0.0,366.4,122.7
2025-02-26 06:00:00+00:00,17.0,363.0,42.6
2025-02-26 07:00:00+00:00,856.2,447.9,240.0
2025-02-26 08:00:00+00:00,2513.5,374.5,316.9
2025-02-26 09:00:00+00:00,4129.0,285.8,468.7
2025-02-26 10:00:00+00:00,5154.9,406.4,758.8
2025-02-26 11:00:00+00:00,4958.0,720.5,1335.7
2025-02-26 12:00:00+00:00,4312.1,944.6,1508.1
2025-02-26 13:00:00+00:00,3070.6,1111.5,1727.3
2025-02-26 14:00:00+00:00,1560.0,1310.3,1965.3
2025-02-26 15:00:00+00:00,536.3,1349.2,1859.6
2025-02-26 16:00:00+00:00,101.2,1337.4,1951.1
2025-02-26 17:00:00+00:00,0.6,1627.8,1337.0
2025-02-26 18:00:00+00:00,0.0,1850.7,1484.7
2025-02-26 19:00:00+00:00,0.0,1855.7,1517.4
2025-02-26 20:00:00+00:00,0.0,1691.9,945.5
2025-02-26 21:00:00+00:00,0.0,1459.5,822.4
2025-02-26 22:00:00+00:00,0.0,1162.7,1101.9
2025-02-26 23:00:00+00:00,0.0,954.4,1341.4
2025-02-27 00:00:00+00:00,0.0,846.2,984.9
2025-02-27 01:00:00+00:00,0.0,785.9,1020.2
2025-02-27 02:00:00+00:00,0.0,816.0,1041.2
2025-02-27 03:00:00+00:00,0.0,825.7,933.3
2025-02-27 04:00:00+00:00,0.0,807.8,820.3
2025-02-27 05:00:00+00:00,0.0,744.0,502.8
2025-02-27 06:00:00+00:00,30.0,656.7,422.1
2025-02-27 07:00:00+00:00,689.2,555.5,338.9
2025-02-27 08:00:00+00:00,1480.2,452.7,415.5
2025-02-27 09:00:00+00:00,1932.2,433.2,578.9
2025-02-27 10:00:00+00:00,2119.6,537.9,574.2
2025-02-27 11:00:00+00:00,2272.2,680.5,521.2
2025-02-27 12:00:00+00:00,2140.0,739.1,656.3
2025-02-27 13:00:00+00:00,1869.9,746.1,1104.9
2025-02-27 14:00:00+00:00,1376.0,885.1,1660.3
2025-02-27 15:00:00+00:00,660.2,976.8,1969.4
2025-02-27 16:00:00+00:00,189.7,1023.8,2040.6
2025-02-27 17:00:00+00:00,1.9,1150.4,2090.8
2025-02-27 18:00:00+00:00,0.0,1288.1,2080.8
2025-02-27 19:00:00+00:00,0.0,1346.4,2045.2
2025-02-27 20:00:00+00:00,0.0,1312.3,1804.8
2025-02-27 21:00:00+00:00,0.0,1166.9,1579.7
2025-02-27 22:00:00+00:00,0.0,1021.0,1259.6
2025-02-27 23:00:00+00:00,0.0,849.1,1151.8
2025-02-28 00:00:00+00:00,0.0,782.4,965.2
2025-02-28 01:00:00+00:00,0.0,777.0,763.9
2025-02-28 02:00:00+00:00,0.0,776.0,540.1
2025-02-28 03:00:00+00:00,0.0,751.3,385.2
2025-02-28 04:00:00+00:00,0.0,680.7,572.2
2025-02-28 05:00:00+00:00,0.0,598.0,700.0
2025-02-28 06:00:00+00:00,12.3,532.1,679.4
2025-02-28 07:00:00+00:00,499.4,453.3,541.4
2025-02-28 08:00:00+00:00,1527.2,294.9,563.3
2025-02-28 09:00:00+00:00,2133.4,307.5,542.2
2025-02-28 10:00:00+00:00,2553.5,370.0,383.5
2025-02-28 11:00:00+00:00,3038.4,403.3,250.6
2025-02-28 12:00:00+00:00,3201.0,369.1,192.9
2025-02-28 13:00:00+00:00,3245.3,383.9,206.0
2025-02-28 14:00:00+00:00,2771.5,461.0,171.3
2025-02-28 15:00:00+00:00,1802.9,448.8,185.7
2025-02-28 16:00:00+00:00,723.6,378.6,187.7
2025-02-28 17:00:00+00:00,19.3,416.4,211.4
2025-02-28 18:00:00+00:00,0.0,472.5,231.5
2025-02-28 19:00:00+00:00,0.0,509.8,216.7
2025-02-28 20:00:00+00:00,0.0,490.6,250.4
2025-02-28 21:00:00+00:00,0.0,507.9,226.6
2025-02-28 22:00:00+00:00,0.0,529.6,200.7
2025-02-28 23:00:00+00:00,0.0,518.2,164.7
2025-03-01 00:00:00+00:00,0.0,510.8,128.9
2025-03-01 01:00:00+00:00,0.0,412.0,106.3
2025-03-01 02:00:00+00:00,0.0,359.0,102.5
2025-03-01 03:00:00+00:00,0.0,320.5,84.9
2025-03-01 04:00:00+00:00,0.0,278.0,72.6
2025-03-01 05:00:00+00:00,0.0,230.3,101.3
2025-03-01 06:00:00+00:00,10.8,170.1,110.0
2025-03-01 07:00:00+00:00,349.0,143.0,63.9
2025-03-01 08:00:00+00:00,1047.4,140.1,45.6
2025-03-01 09:00:00+00:00,1595.8,155.1,49.9
2025-03-01 10:00:00+00:00,1650.1,222.0,36.6
2025-03-01 11:00:00+00:00,1888.1,261.7,29.4
2025-03-01 12:00:00+00:00,2327.4,278.8,47.9
2025-03-01 13:00:00+00:00,2362.8,310.0,92.5
2025-03-01 14:00:00+00:00,1972.7,308.5,91.0
2025-03-01 15:00:00+00:00,1214.5,311.1,45.4
2025-03-01 16:00:00+00:00,525.1,270.4,43.6
2025-03-01 17:00:00+00:00,15.2,269.6,74.0
2025-03-01 18:00:00+00:00,0.0,300.9,82.3
2025-03-01 19:00:00+00:00,0.0,300.7,38.1
2025-03-01 20:00:00+00:00,0.0,251.7,100.0
2025-03-01 21:00:00+00:00,0.0,177.9,128.1
2025-03-01 22:00:00+00:00,0.0,166.4,97.7
2025-03-01 23:00:00+00:00,0.0,163.9,37.4
2025-03-02 00:00:00+00:00,0.0,273.9,3.8
2025-03-02 01:00:00+00:00,0.0,318.0,0.0
2025-03-02 02:00:00+00:00,0.0,337.1,0.0
2025-03-02 03:00:00+00:00,0.0,315.1,0.0
2025-03-02 04:00:00+00:00,0.0,315.9,0.0
2025-03-02 05:00:00+00:00,0.0,341.3,0.0
2025-03-02 06:00:00+00:00,50.1,382.8,0.0
2025-03-02 07:00:00+00:00,1105.3,287.2,0.0
2025-03-02 08:00:00+00:00,2945.5,156.4,0.0
2025-03-02 09:00:00+00:00,4799.9,76.9,0.0
2025-03-02 10:00:00+00:00,6152.8,64.7,0.0
2025-03-02 11:00:00+00:00,6837.8,81.6,0.0
2025-03-02 12:00:00+00:00,6800.3,76.5,0.0
2025-03-02 13:00:00+00:00,6051.8,75.9,0.0
2025-03-02 14:00:00+00:00,4748.7,111.7,0.0
2025-03-02 15:00:00+00:00,2815.5,125.2,0.0
2025-03-02 16:00:00+00:00,1059.5,144.7,0.0
2025-03-02 17:00:00+00:00,29.2,230.1,3.3
2025-03-02 18:00:00+00:00,0.0,335.0,0.4
2025-03-02 19:00:00+00:00,0.0,363.8,0.0
2025-03-02 20:00:00+00:00,0.0,412.7,0.0
2025-03-02 21:00:00+00:00,0.0,461.0,3.0
2025-03-02 22:00:00+00:00,0.0,404.6,0.0
2025-03-02 23:00:00+00:00,0.0,276.9,0.0
2025-03-03 00:00:00+00:00,0.0,161.2,0.0
2025-03-03 01:00:00+00:00,0.0,94.4,0.0
2025-03-03 02:00:00+00:00,0.0,59.0,0.0
2025-03-03 03:00:00+00:00,0.0,22.8,0.0
2025-03-03 04:00:00+00:00,0.0,11.8,0.0
2025-03-03 05:00:00+00:00,0.0,20.1,0.0
2025-03-03 06:00:00+00:00,110.0,32.3,0.0
2025-03-03 07:00:00+00:00,1499.0,45.9,0.0
2025-03-03 08:00:00+00:00,3312.9,24.9,0.0
2025-03-03 09:00:00+00:00,5025.0,9.1,0.0
2025-03-03 10:00:00+00:00,6197.8,4.1,0.0
2025-03-03 11:00:00+00:00,6818.3,6.9,0.0
2025-03-03 12:00:00+00:00,6760.0,12.9,0.0
2025-03-03 13:00:00+00:00,5995.2,15.4,0.0
2025-03-03 14:00:00+00:00,4706.3,14.1,0.0
2025-03-03 15:00:00+00:00,2811.9,12.6,0.0
2025-03-03 16:00:00+00:00,1073.5,12.9,0.0
2025-03-03 17:00:00+00:00,34.1,37.8,0.0
2025-03-03 18:00:00+00:00,0.0,59.9,0.0
2025-03-03 19:00:00+00:00,0.0,96.0,0.0
2025-03-03 20:00:00+00:00,0.0,116.0,0.0
2025-03-03 21:00:00+00:00,0.0,108.7,0.0
2025-03-03 22:00:00+00:00,0.0,95.4,0.0
2025-03-03 23:00:00+00:00,0.0,97.4,0.0
2025-03-04 00:00:00+00:00,0.0,121.4,0.0
2025-03-04 01:00:00+00:00,0.0,143.0,0.0
2025-03-04 02:00:00+00:00,0.0,123.8,0.0
2025-03-04 03:00:00+00:00,0.0,82.0,0.0
2025-03-04 04:00:00+00:00,0.0,71.7,0.0
2025-03-04 05:00:00+00:00,0.0,66.1,0.0
2025-03-04 06:00:00+00:00,77.3,61.5,0.0
2025-03-04 07:00:00+00:00,884.9,54.2,0.0
2025-03-04 08:00:00+00:00,2338.8,58.8,0.0
2025-03-04 09:00:00+00:00,4031.7,48.1,0.0
2025-03-04 10:00:00+00:00,5263.9,12.2,0.0
2025-03-04 11:00:00+00:00,5784.8,6.9,0.0
2025-03-04 12:00:00+00:00,5861.5,10.4,0.0
2025-03-04 13:00:00+00:00,5311.8,16.2,0.0
2025-03-04 14:00:00+00:00,4158.2,12.5,0.0
2025-03-04 15:00:00+00:00,2603.0,6.9,0.0
2025-03-04 16:00:00+00:00,973.8,9.5,0.0
2025-03-04 17:00:00+00:00,59.7,23.0,5.2
2025-03-04 18:00:00+00:00,0.0,77.0,33.9
2025-03-04 19:00:00+00:00,0.0,189.9,6.2
2025-03-04 20:00:00+00:00,0.0,268.2,5.6
2025-03-04 21:00:00+00:00,0.0,288.0,34.8
2025-03-04 22:00:00+00:00,0.0,267.0,30.4
2025-03-04 23:00:00+00:00,0.0,158.7,0.3
2025-03-05 00:00:00+00:00,0.0,85.9,0.0
2025-03-05 01:00:00+00:00,0.0,35.9,12.9
2025-03-05 02:00:00+00:00,0.0,11.2,47.2
2025-03-05 03:00:00+00:00,0.0,37.7,162.0
2025-03-05 04:00:00+00:00,0.0,87.6,316.1
2025-03-05 05:00:00+00:00,0.0,174.4,456.3
2025-03-05 06:00:00+00:00,134.5,235.2,340.0
2025-03-05 07:00:00+00:00,1511.3,296.5,405.1
2025-03-05 08:00:00+00:00,3108.4,278.4,520.2
2025-03-05 09:00:00+00:00,4529.7,199.0,429.6
2025-03-05 10:00:00+00:00,5538.4,129.3,321.9
2025-03-05 11:00:00+00:00,6020.8,99.0,203.8
2025-03-05 12:00:00+00:00,5990.8,92.4,137.0
2025-03-05 13:00:00+00:00,5354.2,91.8,112.7
2025-03-05 14:00:00+00:00,4204.0,87.8,78.4
2025-03-05 15:00:00+00:00,2617.1,80.6,31.3
2025-03-05 16:00:00+00:00,987.3,69.4,38.9
2025-03-05 17:00:00+00:00,56.3,56.1,35.7
2025-03-05 18:00:00+00:00,0.0,90.8,33.9
2025-03-05 19:00:00+00:00,0.0,158.7,73.1
2025-03-05 20:00:00+00:00,0.0,259.3,59.1
2025-03-05 21:00:00+00:00,0.0,340.4,24.3
2025-03-05 22:00:00+00:00,0.0,408.8,34.7
2025-03-05 23:00:00+00:00,0.0,500.4,82.1
2025-03-06 00:00:00+00:00,0.0,605.2,136.4
2025-03-06 01:00:00+00:00,0.0,681.9,238.0
2025-03-06 02:00:00+00:00,0.0,731.4,291.2
2025-03-06 03:00:00+00:00,0.0,857.8,254.1
2025-03-06 04:00:00+00:00,0.0,910.5,224.2
2025-03-06 05:00:00+00:00,0.0,873.6,315.3
2025-03-06 06:00:00+00:00,156.3,1030.0,334.6
2025-03-06 07:00:00+00:00,1471.2,1062.6,374.2
2025-03-06 08:00:00+00:00,2545.2,750.3,432.9
2025-03-06 09:00:00+00:00,4013.7,424.9,442.3
2025-03-06 10:00:00+00:00,5229.3,369.8,476.4
2025-03-06 11:00:00+00:00,6012.3,492.5,475.9
2025-03-06 12:00:00+00:00,6012.6,626.1,486.5
2025-03-06 13:00:00+00:00,5455.5,594.4,487.4
2025-03-06 14:00:00+00:00,4258.5,621.4,598.7
2025-03-06 15:00:00+00:00,2659.6,711.2,639.7
2025-03-06 16:00:00+00:00,1066.2,511.2,705.0
2025-03-06 17:00:00+00:00,60.0,460.6,563.7
2025-03-06 18:00:00+00:00,0.0,617.9,478.9
2025-03-06 19:00:00+00:00,0.0,819.6,1007.4
2025-03-06 20:00:00+00:00,0.0,951.2,1422.4
2025-03-06 21:00:00+00:00,0.0,1051.5,1280.8
2025-03-06 22:00:00+00:00,0.0,1250.8,1244.6
2025-03-06 23:00:00+00:00,0.0,1169.6,1426.9
2025-03-07 00:00:00+00:00,0.0,1006.4,1359.7
2025-03-07 01:00:00+00:00,0.0,1077.1,1102.9
2025-03-07 02:00:00+00:00,0.0,1059.2,1001.5
2025-03-07 03:00:00+00:00,0.0,1019.7,967.7
2025-03-07 04:00:00+00:00,0.0,975.4,905.8
2025-03-07 05:00:00+00:00,0.0,982.0,692.0
2025-03-07 06:00:00+00:00,154.5,986.1,601.5
2025-03-07 07:00:00+00:00,1399.7,883.6,545.7
2025-03-07 08:00:00+00:00,2901.5,570.2,584.3
2025-03-07 09:00:00+00:00,4366.6,401.5,568.5
2025-03-07 10:00:00+00:00,5409.0,387.9,532.2
2025-03-07 11:00:00+00:00,5849.0,430.2,571.9
2025-03-07 12:00:00+00:00,5833.2,478.7,485.7
2025-03-07 13:00:00+00:00,5234.9,575.8,360.1
2025-03-07 14:00:00+00:00,4115.8,552.6,240.8
2025-03-07 15:00:00+00:00,2550.9,434.3,145.3
2025-03-07 16:00:00+00:00,1068.7,311.8,135.3
2025-03-07 17:00:00+00:00,61.1,222.0,109.8
2025-03-07 18:00:00+00:00,0.0,271.5,228.9
2025-03-07 19:00:00+00:00,0.0,409.0,250.7
2025-03-07 20:00:00+00:00,0.0,586.9,230.3
2025-03-07 21:00:00+00:00,0.0,774.6,232.9
2025-03-07 22:00:00+00:00,0.0,943.6,319.4
2025-03-07 23:00:00+00:00,0.0,1020.1,356.5
2025-03-08 00:00:00+00:00,0.0,922.7,511.1
2025-03-08 01:00:00+00:00,0.0,783.6,745.1
2025-03-08 02:00:00+00:00,0.0,726.6,836.6
2025-03-08 03:00:00+00:00,0.0,750.2,580.9
2025-03-08 04:00:00+00:00,0.0,759.6,434.3
2025-03-08 05:00:00+00:00,0.0,772.4,430.3
2025-03-08 06:00:00+00:00,178.2,727.1,412.9
2025-03-08 07:00:00+00:00,1473.9,601.3,389.7
2025-03-08 08:00:00+00:00,2965.3,390.3,328.0
2025-03-08 09:00:00+00:00,4429.2,183.2,242.3
2025-03-08 10:00:00+00:00,5409.6,116.7,207.3
2025-03-08 11:00:00+00:00,5890.7,174.6,252.1
2025-03-08 12:00:00+00:00,5826.9,262.2,213.9
2025-03-08 13:00:00+00:00,5180.8,335.7,321.0
2025-03-08 14:00:00+00:00,4009.8,382.2,415.9
2025-03-08 15:00:00+00:00,2382.2,386.7,474.6
2025-03-08 16:00:00+00:00,979.9,377.2,528.4
2025-03-08 17:00:00+00:00,53.7,499.4,592.1
2025-03-08 18:00:00+00:00,0.0,731.2,650.2
2025-03-08 19:00:00+00:00,0.0,881.0,721.0
2025-03-08 20:00:00+00:00,0.0,848.1,891.8
2025-03-08 21:00:00+00:00,0.0,813.3,855.5
2025-03-08 22:00:00+00:00,0.0,804.6,469.4
2025-03-08 23:00:00+00:00,0.0,786.3,291.0
2025-03-09 00:00:00+00:00,0.0,723.4,271.2
2025-03-09 01:00:00+00:00,0.0,691.0,303.7
2025-03-09 02:00:00+00:00,0.0,659.4,249.0
2025-03-09 03:00:00+00:00,0.0,635.3,189.0
2025-03-09 04:00:00+00:00,0.0,583.7,175.8
2025-03-09 05:00:00+00:00,0.0,486.6,240.3
2025-03-09 06:00:00+00:00,203.6,458.5,289.8
2025-03-09 07:00:00+00:00,1476.0,415.2,311.5
2025-03-09 08:00:00+00:00,2870.9,236.6,311.0
2025-03-09 09:00:00+00:00,4243.2,83.5,276.6
2025-03-09 10:00:00+00:00,5269.3,27.3,193.8
2025-03-09 11:00:00+00:00,5711.9,18.9,138.1
2025-03-09 12:00:00+00:00,5694.2,49.0,126.6
2025-03-09 13:00:00+00:00,5072.2,77.6,120.8
2025-03-09 14:00:00+00:00,3895.5,88.4,144.8
2025-03-09 15:00:00+00:00,2270.0,94.6,139.8
2025-03-09 16:00:00+00:00,878.9,138.6,144.5
2025-03-09 17:00:00+00:00,44.5,265.2,176.6
2025-03-09 18:00:00+00:00,0.0,426.9,232.2
2025-03-09 19:00:00+00:00,0.0,581.8,272.6
2025-03-09 20:00:00+00:00,0.0,605.2,303.1
2025-03-09 21:00:00+00:00,0.0,513.3,295.3
2025-03-09 22:00:00+00:00,0.0,408.5,276.2
2025-03-09 23:00:00+00:00,0.0,309.7,189.7
2025-03-10 00:00:00+00:00,0.0,220.7,152.4
2025-03-10 01:00:00+00:00,0.0,150.2,101.8
2025-03-10 02:00:00+00:00,0.0,163.9,69.9
2025-03-10 03:00:00+00:00,0.0,200.6,65.7
2025-03-10 04:00:00+00:00,0.0,225.4,106.0
2025-03-10 05:00:00+00:00,0.0,250.3,144.9
2025-03-10 06:00:00+00:00,187.8,211.8,198.5
2025-03-10 07:00:00+00:00,1120.2,138.2,276.5
2025-03-10 08:00:00+00:00,2017.7,93.8,171.1
2025-03-10 09:00:00+00:00,3090.2,65.5,139.7
2025-03-10 10:00:00+00:00,4276.3,47.8,193.4
2025-03-10 11:00:00+00:00,4812.1,38.7,116.3
2025-03-10 12:00:00+00:00,4267.9,40.0,78.3
2025-03-10 13:00:00+00:00,3032.3,57.9,86.0
2025-03-10 14:00:00+00:00,1789.4,85.6,160.7
2025-03-10 15:00:00+00:00,919.6,132.2,290.6
2025-03-10 16:00:00+00:00,374.2,169.8,331.5
2025-03-10 17:00:00+00:00,18.4,244.3,411.1
2025-03-10 18:00:00+00:00,0.0,304.3,393.3
2025-03-10 19:00:00+00:00,0.0,345.8,340.0
2025-03-10 20:00:00+00:00,0.0,374.3,570.9
2025-03-10 21:00:00+00:00,0.0,394.5,505.9
2025-03-10 22:00:00+00:00,0.0,432.6,385.2
2025-03-10 23:00:00+00:00,0.0,425.0,492.3
2025-03-11 00:00:00+00:00,0.0,400.1,528.1
2025-03-11 01:00:00+00:00,0.0,399.1,613.9
2025-03-11 02:00:00+00:00,0.0,406.5,830.0
2025-03-11 03:00:00+00:00,0.0,409.4,1087.9
2025-03-11 04:00:00+00:00,0.0,408.1,1301.3
2025-03-11 05:00:00+00:00,0.0,381.4,1187.2
2025-03-11 06:00:00+00:00,31.0,373.1,1037.1
2025-03-11 07:00:00+00:00,282.8,314.4,919.4
2025-03-11 08:00:00+00:00,540.3,272.7,677.1
2025-03-11 09:00:00+00:00,780.1,251.1,725.8
2025-03-11 10:00:00+00:00,882.7,263.7,623.1
2025-03-11 11:00:00+00:00,970.0,250.7,638.1
2025-03-11 12:00:00+00:00,1024.9,299.0,634.4
2025-03-11 13:00:00+00:00,1013.6,359.9,609.8
2025-03-11 14:00:00+00:00,945.5,371.1,546.9
2025-03-11 15:00:00+00:00,781.3,388.1,524.3
2025-03-11 16:00:00+00:00,447.5,361.9,627.2
2025-03-11 17:00:00+00:00,35.4,382.7,562.9
2025-03-11 18:00:00+00:00,0.0,337.3,596.3
2025-03-11 19:00:00+00:00,0.0,308.5,461.4
2025-03-11 20:00:00+00:00,0.0,288.1,464.4
2025-03-11 21:00:00+00:00,0.0,280.5,465.7
2025-03-11 22:00:00+00:00,0.0,230.3,489.6
2025-03-11 23:00:00+00:00,0.0,219.1,602.0
2025-03-12 00:00:00+00:00,0.0,175.0,428.1
2025-03-12 01:00:00+00:00,0.0,155.1,427.5
2025-03-12 02:00:00+00:00,0.0,116.6,403.5
2025-03-12 03:00:00+00:00,0.0,107.7,354.6
2025-03-12 04:00:00+00:00,0.0,116.5,225.2
2025-03-12 05:00:00+00:00,0.0,95.3,142.1
2025-03-12 06:00:00+00:00,135.3,123.0,185.2
2025-03-12 07:00:00+00:00,1020.2,68.9,168.2
2025-03-12 08:00:00+00:00,2142.1,50.0,118.7
2025-03-12 09:00:00+00:00,2850.6,73.2,81.4
2025-03-12 10:00:00+00:00,2658.6,113.1,96.1
2025-03-12 11:00:00+00:00,2332.6,149.4,80.9
2025-03-12 12:00:00+00:00,1759.8,187.9,115.4
2025-03-12 13:00:00+00:00,1392.4,212.4,127.3
2025-03-12 14:00:00+00:00,1119.3,256.7,100.9
2025-03-12 15:00:00+00:00,837.4,227.4,48.2
2025-03-12 16:00:00+00:00,441.5,136.2,19.9
2025-03-12 17:00:00+00:00,52.1,92.9,3.6
2025-03-12 18:00:00+00:00,0.0,86.7,0.5
2025-03-12 19:00:00+00:00,0.0,57.3,0.0
2025-03-12 20:00:00+00:00,0.0,50.5,12.9
2025-03-12 21:00:00+00:00,0.0,47.8,79.8
2025-03-12 22:00:00+00:00,0.0,48.4,75.8
2025-03-12 23:00:00+00:00,0.0,69.5,138.5
2025-03-13 00:00:00+00:00,0.0,91.0,287.1
2025-03-13 01:00:00+00:00,0.0,92.8,431.3
2025-03-13 02:00:00+00:00,0.0,103.7,339.9
2025-03-13 03:00:00+00:00,0.0,136.6,257.7
2025-03-13 04:00:00+00:00,0.0,112.4,303.3
2025-03-13 05:00:00+00:00,0.0,79.6,389.1
2025-03-13 06:00:00+00:00,156.9,68.4,382.2
2025-03-13 07:00:00+00:00,962.8,58.2,434.7
2025-03-13 08:00:00+00:00,1915.1,43.8,356.9
2025-03-13 09:00:00+00:00,2667.2,41.5,309.2
2025-03-13 10:00:00+00:00,2758.1,52.2,399.7
2025-03-13 11:00:00+00:00,2860.1,66.7,378.0
2025-03-13 12:00:00+00:00,2438.6,107.3,451.6
2025-03-13 13:00:00+00:00,1860.8,133.2,414.1
2025-03-13 14:00:00+00:00,1371.4,176.4,329.7
2025-03-13 15:00:00+00:00,918.5,242.1,354.9
2025-03-13 16:00:00+00:00,436.3,284.2,477.2
2025-03-13 17:00:00+00:00,57.3,255.6,465.1
2025-03-13 18:00:00+00:00,0.0,249.4,589.1
2025-03-13 19:00:00+00:00,0.0,283.4,429.3
2025-03-13 20:00:00+00:00,0.0,304.7,560.1
2025-03-13 21:00:00+00:00,0.0,259.7,393.3
2025-03-13 22:00:00+00:00,0.0,197.8,181.7
2025-03-13 23:00:00+00:00,0.0,159.2,285.6
2025-03-14 00:00:00+00:00,0.0,162.3,292.2
2025-03-14 01:00:00+00:00,0.0,168.4,148.1
2025-03-14 02:00:00+00:00,0.0,129.1,114.5
2025-03-14 03:00:00+00:00,0.0,131.0,232.2
2025-03-14 04:00:00+00:00,0.0,132.2,1.5
2025-03-14 05:00:00+00:00,0.0,106.5,25.7
2025-03-14 06:00:00+00:00,294.4,79.5,30.6
2025-03-14 07:00:00+00:00,1688.5,54.7,9.2
2025-03-14 08:00:00+00:00,3113.4,36.8,6.6
2025-03-14 09:00:00+00:00,4164.3,88.3,102.8
2025-03-14 10:00:00+00:00,4178.3,116.2,20.6
2025-03-14 11:00:00+00:00,3864.7,131.4,32.3
2025-03-14 12:00:00+00:00,3015.3,163.0,94.8
2025-03-14 13:00:00+00:00,2390.4,184.8,213.0
2025-03-14 14:00:00+00:00,1806.0,250.9,283.6
2025-03-14 15:00:00+00:00,1044.4,330.7,465.3
2025-03-14 16:00:00+00:00,529.7,444.0,642.2
2025-03-14 17:00:00+00:00,65.1,493.0,822.0
2025-03-14 18:00:00+00:00,0.0,563.4,959.7
2025-03-14 19:00:00+00:00,0.0,707.1,1066.8
2025-03-14 20:00:00+00:00,0.0,834.5,1058.0
2025-03-14 21:00:00+00:00,0.0,860.3,1259.8
2025-03-14 22:00:00+00:00,0.0,875.0,1335.6
2025-03-14 23:00:00+00:00,0.0,909.6,1368.4
2025-03-15 00:00:00+00:00,0.0,917.1,1159.3
2025-03-15 01:00:00+00:00,0.0,900.8,1009.3
2025-03-15 02:00:00+00:00,0.0,846.5,1145.2
2025-03-15 03:00:00+00:00,0.0,771.8,1322.0
2025-03-15 04:00:00+00:00,0.0,766.9,957.6
2025-03-15 05:00:00+00:00,0.0,812.3,1238.5
2025-03-15 06:00:00+00:00,213.1,762.3,1690.8
2025-03-15 07:00:00+00:00,907.2,756.8,1768.6
2025-03-15 08:00:00+00:00,1334.1,855.2,1728.7
2025-03-15 09:00:00+00:00,1971.6,978.2,1560.2
2025-03-15 10:00:00+00:00,3253.4,1023.5,1248.4
2025-03-15 11:00:00+00:00,4427.3,944.1,935.2
2025-03-15 12:00:00+00:00,5039.1,858.3,667.4
2025-03-15 13:00:00+00:00,4516.8,975.1,565.8
2025-03-15 14:00:00+00:00,3437.9,1153.8,1068.0
2025-03-15 15:00:00+00:00,2079.6,1315.5,1357.0
2025-03-15 16:00:00+00:00,931.3,1335.7,1402.5
2025-03-15 17:00:00+00:00,105.2,1324.4,1636.1
2025-03-15 18:00:00+00:00,0.0,1241.7,1694.8
2025-03-15 19:00:00+00:00,0.0,1224.8,1769.6
2025-03-15 20:00:00+00:00,0.0,1200.2,1616.1
2025-03-15 21:00:00+00:00,0.0,1204.5,1421.0
2025-03-15 22:00:00+00:00,0.0,1233.1,1352.0
2025-03-15 23:00:00+00:00,0.0,1199.9,1140.8
2025-03-16 00:00:00+00:00,0.0,1120.2,973.3
2025-03-16 01:00:00+00:00,0.0,1094.6,832.2
2025-03-16 02:00:00+00:00,0.0,1038.3,737.4
2025-03-16 03:00:00+00:00,0.0,915.1,851.4
2025-03-16 04:00:00+00:00,0.0,812.7,824.3
2025-03-16 05:00:00+00:00,0.0,836.5,874.5
2025-03-16 06:00:00+00:00,388.2,815.6,745.7
2025-03-16 07:00:00+00:00,1852.8,591.3,731.3
2025-03-16 08:00:00+00:00,3494.2,458.6,793.5
2025-03-16 09:00:00+00:00,5036.6,515.1,723.9
2025-03-16 10:00:00+00:00,6028.1,615.9,667.6
2025-03-16 11:00:00+00:00,6275.9,587.6,524.7
2025-03-16 12:00:00+00:00,6085.2,667.8,619.7
2025-03-16 13:00:00+00:00,5612.3,589.9,517.8
2025-03-16 14:00:00+00:00,4512.3,722.1,613.1
2025-03-16 15:00:00+00:00,2944.1,779.5,676.5
2025-03-16 16:00:00+00:00,1467.9,694.5,727.9
2025-03-16 17:00:00+00:00,194.3,636.8,747.3
2025-03-16 18:00:00+00:00,0.0,741.8,771.3
2025-03-16 19:00:00+00:00,0.0,822.2,539.8
2025-03-16 20:00:00+00:00,0.0,750.6,305.4
2025-03-16 21:00:00+00:00,0.0,655.2,129.8
2025-03-16 22:00:00+00:00,0.0,571.8,72.0
2025-03-16 23:00:00+00:00,0.0,556.1,209.5
2025-03-17 00:00:00+00:00,0.0,549.6,364.7
2025-03-17 01:00:00+00:00,0.0,493.8,419.3
2025-03-17 02:00:00+00:00,0.0,393.2,350.5
2025-03-17 03:00:00+00:00,0.0,310.3,564.2
2025-03-17 04:00:00+00:00,0.0,275.0,457.2
2025-03-17 05:00:00+00:00,0.0,347.9,371.0
2025-03-17 06:00:00+00:00,70.8,367.8,351.6
2025-03-17 07:00:00+00:00,463.8,314.1,375.9
2025-03-17 08:00:00+00:00,946.1,270.4,420.8
2025-03-17 09:00:00+00:00,1633.7,310.0,385.8
2025-03-17 10:00:00+00:00,2332.3,447.3,405.1
2025-03-17 11:00:00+00:00,2337.4,599.6,339.8
2025-03-17 12:00:00+00:00,2699.4,648.1,165.8
2025-03-17 13:00:00+00:00,3135.0,619.1,402.5
2025-03-17 14:00:00+00:00,3549.2,500.7,302.0
2025-03-17 15:00:00+00:00,2824.8,532.5,314.6
2025-03-17 16:00:00+00:00,1454.1,618.2,494.1
2025-03-17 17:00:00+00:00,191.9,574.6,710.1
2025-03-17 18:00:00+00:00,0.0,784.3,831.7
2025-03-17 19:00:00+00:00,0.0,1037.6,1267.9
2025-03-17 20:00:00+00:00,0.0,1095.7,1668.7
2025-03-17 21:00:00+00:00,0.0,1058.8,1588.7
2025-03-17 22:00:00+00:00,0.0,1049.0,1339.7
2025-03-17 23:00:00+00:00,0.0,1012.9,1116.6
2025-03-18 00:00:00+00:00,0.0,987.2,842.4
2025-03-18 01:00:00+00:00,0.0,878.6,524.7
2025-03-18 02:00:00+00:00,0.0,803.5,473.9
2025-03-18 03:00:00+00:00,0.0,773.2,452.1
2025-03-18 04:00:00+00:00,0.0,873.2,395.1
2025-03-18 05:00:00+00:00,0.0,940.3,430.3
2025-03-18 06:00:00+00:00,653.7,884.3,625.2
2025-03-18 07:00:00+00:00,2327.0,639.8,727.9
2025-03-18 08:00:00+00:00,3944.3,523.7,535.6
2025-03-18 09:00:00+00:00,5356.9,576.8,428.3
2025-03-18 10:00:00+00:00,6300.6,523.6,428.2
2025-03-18 11:00:00+00:00,6752.9,464.9,817.3
2025-03-18 12:00:00+00:00,6675.7,540.4,673.6
2025-03-18 13:00:00+00:00,6075.0,752.0,607.2
2025-03-18 14:00:00+00:00,4935.6,755.7,574.5
2025-03-18 15:00:00+00:00,3273.0,903.6,661.3
2025-03-18 16:00:00+00:00,1658.7,812.4,558.7
2025-03-18 17:00:00+00:00,257.8,761.2,655.2
2025-03-18 18:00:00+00:00,0.0,948.5,792.2
2025-03-18 19:00:00+00:00,0.0,1132.5,1033.2
2025-03-18 20:00:00+00:00,0.0,1188.1,1125.2
2025-03-18 21:00:00+00:00,0.0,1050.3,1046.2
2025-03-18 22:00:00+00:00,0.0,879.5,742.4
2025-03-18 23:00:00+00:00,0.0,832.0,391.5
2025-03-19 00:00:00+00:00,0.0,909.7,242.2
2025-03-19 01:00:00+00:00,0.0,956.8,162.1
2025-03-19 02:00:00+00:00,0.0,861.8,145.7
2025-03-19 03:00:00+00:00,0.0,786.5,150.5
2025-03-19 04:00:00+00:00,0.0,726.8,115.1
2025-03-19 05:00:00+00:00,0.0,763.6,87.3
2025-03-19 06:00:00+00:00,619.1,781.0,81.6
2025-03-19 07:00:00+00:00,2181.6,589.8,72.7
2025-03-19 08:00:00+00:00,3738.9,249.7,76.6
2025-03-19 09:00:00+00:00,5115.7,162.2,53.4
2025-03-19 10:00:00+00:00,6039.6,160.7,51.6
2025-03-19 11:00:00+00:00,6480.9,264.0,72.8
2025-03-19 12:00:00+00:00,6424.1,281.9,69.4
2025-03-19 13:00:00+00:00,5806.0,376.1,50.5
2025-03-19 14:00:00+00:00,4723.7,475.6,13.9
2025-03-19 15:00:00+00:00,3098.6,447.3,0.0
2025-03-19 16:00:00+00:00,1532.9,345.0,0.5
2025-03-19 17:00:00+00:00,222.8,208.2,27.4
2025-03-19 18:00:00+00:00,0.0,185.6,107.8
2025-03-19 19:00:00+00:00,0.0,276.1,115.1
2025-03-19 20:00:00+00:00,0.0,383.1,37.7
2025-03-19 21:00:00+00:00,0.0,487.0,1.6
2025-03-19 22:00:00+00:00,0.0,564.7,5.9
2025-03-19 23:00:00+00:00,0.0,530.8,21.5
2025-03-20 00:00:00+00:00,0.0,510.5,24.0
2025-03-20 01:00:00+00:00,0.0,476.1,16.6
2025-03-20 02:00:00+00:00,0.0,467.7,0.0
2025-03-20 03:00:00+00:00,0.0,479.5,0.0
2025-03-20 04:00:00+00:00,0.0,429.7,10.7
2025-03-20 05:00:00+00:00,1.9,422.8,2.2
2025-03-20 06:00:00+00:00,569.9,403.8,20.4
2025-03-20 07:00:00+00:00,2102.7,268.0,64.0
2025-03-20 08:00:00+00:00,3566.5,100.7,45.7
2025-03-20 09:00:00+00:00,4956.8,29.4,44.8
2025-03-20 10:00:00+00:00,5863.5,27.8,25.1
2025-03-20 11:00:00+00:00,6276.5,52.4,0.4
2025-03-20 12:00:00+00:00,6212.7,49.2,0.0
2025-03-20 13:00:00+00:00,5590.6,30.2,0.0
2025-03-20 14:00:00+00:00,4507.2,13.5,0.0
2025-03-20 15:00:00+00:00,2946.8,6.9,0.0
2025-03-20 16:00:00+00:00,1497.1,9.8,24.5
2025-03-20 17:00:00+00:00,220.1,36.6,85.4
2025-03-20 18:00:00+00:00,0.0,139.4,219.1
2025-03-20 19:00:00+00:00,0.0,319.8,280.9
2025-03-20 20:00:00+00:00,0.0,515.9,439.4
2025-03-20 21:00:00+00:00,0.0,645.7,570.2
2025-03-20 22:00:00+00:00,0.0,727.3,806.0
2025-03-20 23:00:00+00:00,0.0,784.0,925.0
2025-03-21 00:00:00+00:00,0.0,872.7,642.4
2025-03-21 01:00:00+00:00,0.0,881.9,532.9
2025-03-21 02:00:00+00:00,0.0,839.2,591.1
2025-03-21 03:00:00+00:00,0.0,935.5,558.4
2025-03-21 04:00:00+00:00,0.0,924.8,608.2
2025-03-21 05:00:00+00:00,6.6,903.7,809.1
2025-03-21 06:00:00+00:00,594.7,929.2,843.3
2025-03-21 07:00:00+00:00,1734.3,794.0,671.8
2025-03-21 08:00:00+00:00,3147.3,698.7,580.5
2025-03-21 09:00:00+00:00,4689.0,876.3,375.2
2025-03-21 10:00:00+00:00,5340.2,1107.4,687.6
2025-03-21 11:00:00+00:00,5427.3,1126.6,713.6
2025-03-21 12:00:00+00:00,4953.7,1243.3,978.4
2025-03-21 13:00:00+00:00,3939.2,1359.1,912.2
2025-03-21 14:00:00+00:00,2503.3,1375.3,577.3
2025-03-21 15:00:00+00:00,1204.2,1063.4,656.5
2025-03-21 16:00:00+00:00,442.0,795.0,790.6
2025-03-21 17:00:00+00:00,40.7,714.1,670.6
2025-03-21 18:00:00+00:00,0.0,898.9,518.6
2025-03-21 19:00:00+00:00,0.0,1097.8,573.6
2025-03-21 20:00:00+00:00,0.0,1088.8,723.8
2025-03-21 21:00:00+00:00,0.0,1058.2,736.9
2025-03-21 22:00:00+00:00,0.0,993.6,925.4
2025-03-21 23:00:00+00:00,0.0,891.7,809.6
2025-03-22 00:00:00+00:00,0.0,804.6,741.2
2025-03-22 01:00:00+00:00,0.0,628.3,560.2
2025-03-22 02:00:00+00:00,0.0,563.6,321.3
2025-03-22 03:00:00+00:00,0.0,616.5,502.8
2025-03-22 04:00:00+00:00,0.0,727.5,677.4
2025-03-22 05:00:00+00:00,0.7,685.6,779.4
2025-03-22 06:00:00+00:00,142.8,692.5,712.2
2025-03-22 07:00:00+00:00,573.8,697.2,627.2
2025-03-22 08:00:00+00:00,1138.3,526.9,613.9
2025-03-22 09:00:00+00:00,1695.8,492.2,311.3
2025-03-22 10:00:00+00:00,2613.8,591.8,170.2
2025-03-22 11:00:00+00:00,2937.6,483.3,119.7
2025-03-22 12:00:00+00:00,3226.7,378.2,101.5
2025-03-22 13:00:00+00:00,3429.5,317.0,90.4
2025-03-22 14:00:00+00:00,2905.9,255.2,202.2
2025-03-22 15:00:00+00:00,1852.7,161.2,11.5
2025-03-22 16:00:00+00:00,1071.2,100.7,0.0
2025-03-22 17:00:00+00:00,203.7,136.1,0.0
2025-03-22 18:00:00+00:00,0.0,289.8,12.9
2025-03-22 19:00:00+00:00,0.0,481.0,52.4
2025-03-22 20:00:00+00:00,0.0,586.6,34.2
2025-03-22 21:00:00+00:00,0.0,634.4,86.5
2025-03-22 22:00:00+00:00,0.0,665.1,74.6
2025-03-22 23:00:00+00:00,0.0,646.6,38.3
2025-03-23 00:00:00+00:00,0.0,629.3,19.9
2025-03-23 01:00:00+00:00,0.0,581.9,0.1
2025-03-23 02:00:00+00:00,0.0,512.6,8.7
2025-03-23 03:00:00+00:00,0.0,475.2,17.5
2025-03-23 04:00:00+00:00,0.0,352.5,109.1
2025-03-23 05:00:00+00:00,3.2,369.3,123.4
2025-03-23 06:00:00+00:00,403.1,359.2,221.0
2025-03-23 07:00:00+00:00,1506.0,271.5,365.1
2025-03-23 08:00:00+00:00,2540.3,290.6,420.1
2025-03-23 09:00:00+00:00,3674.2,304.6,600.9
2025-03-23 10:00:00+00:00,4949.9,227.9,522.8
2025-03-23 11:00:00+00:00,5052.4,217.3,243.8
2025-03-23 12:00:00+00:00,3966.0,294.9,118.8
2025-03-23 13:00:00+00:00,2593.7,269.5,39.7
2025-03-23 14:00:00+00:00,1806.1,235.0,0.0
2025-03-23 15:00:00+00:00,1285.4,199.3,0.0
2025-03-23 16:00:00+00:00,715.8,131.5,0.0
2025-03-23 17:00:00+00:00,159.2,78.6,0.0
2025-03-23 18:00:00+00:00,0.0,56.6,0.0
2025-03-23 19:00:00+00:00,0.0,43.5,0.0
2025-03-23 20:00:00+00:00,0.0,27.2,0.0
2025-03-23 21:00:00+00:00,0.0,22.4,7.4
2025-03-23 22:00:00+00:00,0.0,17.3,9.0
2025-03-23 23:00:00+00:00,0.0,15.5,0.9
2025-03-24 00:00:00+00:00,0.0,12.9,0.0
2025-03-24 01:00:00+00:00,0.0,17.2,0.0
2025-03-24 02:00:00+00:00,0.0,17.7,0.2
2025-03-24 03:00:00+00:00,0.0,9.9,107.8
2025-03-24 04:00:00+00:00,0.0,9.1,108.8
2025-03-24 05:00:00+00:00,4.2,24.1,153.9
2025-03-24 06:00:00+00:00,196.5,43.2,143.3
2025-03-24 07:00:00+00:00,741.0,83.5,100.0
2025-03-24 08:00:00+00:00,1597.6,55.9,125.6
2025-03-24 09:00:00+00:00,2543.5,49.4,176.3
2025-03-24 10:00:00+00:00,2854.0,60.0,191.7
2025-03-24 11:00:00+00:00,2848.1,79.5,301.8
2025-03-24 12:00:00+00:00,2705.4,156.5,312.9
2025-03-24 13:00:00+00:00,2283.9,222.6,225.0
2025-03-24 14:00:00+00:00,1945.1,275.6,214.3
2025-03-24 15:00:00+00:00,1813.3,359.0,171.1
2025-03-24 16:00:00+00:00,1014.4,345.8,169.8
2025-03-24 17:00:00+00:00,175.7,314.6,139.0
2025-03-24 18:00:00+00:00,0.0,338.2,63.3
2025-03-24 19:00:00+00:00,0.0,319.2,0.0
2025-03-24 20:00:00+00:00,0.0,244.0,0.0
2025-03-24 21:00:00+00:00,0.0,142.2,0.0
2025-03-24 22:00:00+00:00,0.0,77.7,0.0
2025-03-24 23:00:00+00:00,0.0,43.3,0.0
2025-03-25 00:00:00+00:00,0.0,35.6,14.5
2025-03-25 01:00:00+00:00,0.0,31.3,70.8
2025-03-25 02:00:00+00:00,0.0,41.3,114.8
2025-03-25 03:00:00+00:00,0.0,47.8,189.9
2025-03-25 04:00:00+00:00,0.0,49.3,230.6
2025-03-25 05:00:00+00:00,3.6,46.7,179.6
2025-03-25 06:00:00+00:00,182.7,53.6,167.1
2025-03-25 07:00:00+00:00,707.1,64.4,181.6
2025-03-25 08:00:00+00:00,1647.3,65.7,227.4
2025-03-25 09:00:00+00:00,3157.7,71.7,317.6
2025-03-25 10:00:00+00:00,5432.6,81.9,267.6
2025-03-25 11:00:00+00:00,5951.9,130.3,357.8
2025-03-25 12:00:00+00:00,5633.5,214.6,327.7
2025-03-25 13:00:00+00:00,4596.4,291.2,261.1
2025-03-25 14:00:00+00:00,3278.6,389.1,239.3
2025-03-25 15:00:00+00:00,1852.0,448.7,210.6
2025-03-25 16:00:00+00:00,714.2,402.5,111.2
2025-03-25 17:00:00+00:00,99.6,281.9,8.3
2025-03-25 18:00:00+00:00,0.0,268.7,45.5
2025-03-25 19:00:00+00:00,0.0,319.7,89.0
2025-03-25 20:00:00+00:00,0.0,289.3,80.9
2025-03-25 21:00:00+00:00,0.0,226.0,114.9
2025-03-25 22:00:00+00:00,0.0,193.3,90.0
2025-03-25 23:00:00+00:00,0.0,173.3,34.1
2025-03-26 00:00:00+00:00,0.0,171.9,104.8
2025-03-26 01:00:00+00:00,0.0,226.9,77.6
2025-03-26 02:00:00+00:00,0.0,236.0,41.7
2025-03-26 03:00:00+00:00,0.0,268.8,3.5
2025-03-26 04:00:00+00:00,0.0,272.1,29.9
2025-03-26 05:00:00+00:00,11.0,266.8,73.4
2025-03-26 06:00:00+00:00,227.7,266.2,107.1
2025-03-26 07:00:00+00:00,527.9,269.2,68.4
2025-03-26 08:00:00+00:00,886.4,270.4,49.6
2025-03-26 09:00:00+00:00,1334.6,249.8,31.7
2025-03-26 10:00:00+00:00,1779.9,190.6,4.4
2025-03-26 11:00:00+00:00,1916.1,142.8,6.9
2025-03-26 12:00:00+00:00,2088.1,144.1,36.0
2025-03-26 13:00:00+00:00,1925.6,163.5,3.0
2025-03-26 14:00:00+00:00,1841.8,179.1,0.0
2025-03-26 15:00:00+00:00,1497.3,174.0,0.0
2025-03-26 16:00:00+00:00,878.5,177.2,1.1
2025-03-26 17:00:00+00:00,228.4,154.8,0.0
2025-03-26 18:00:00+00:00,1.4,122.4,0.0
2025-03-26 19:00:00+00:00,0.0,132.0,0.0
2025-03-26 20:00:00+00:00,0.0,123.2,0.0
2025-03-26 21:00:00+00:00,0.0,114.7,0.0
2025-03-26 22:00:00+00:00,0.0,88.5,0.0
2025-03-26 23:00:00+00:00,0.0,58.8,0.0
2025-03-27 00:00:00+00:00,0.0,33.9,2.5
2025-03-27 01:00:00+00:00,0.0,23.1,0.0
2025-03-27 02:00:00+00:00,0.0,16.3,0.0
2025-03-27 03:00:00+00:00,0.0,10.4,17.0
2025-03-27 04:00:00+00:00,0.0,11.6,13.3
2025-03-27 05:00:00+00:00,50.2,19.4,11.4
2025-03-27 06:00:00+00:00,833.0,23.5,23.5
2025-03-27 07:00:00+00:00,2453.5,12.0,65.9
2025-03-27 08:00:00+00:00,4018.7,5.2,112.1
2025-03-27 09:00:00+00:00,5345.9,4.5,195.5
2025-03-27 10:00:00+00:00,6241.0,4.3,161.5
2025-03-27 11:00:00+00:00,6660.0,5.3,81.2
2025-03-27 12:00:00+00:00,6543.2,6.2,49.6
2025-03-27 13:00:00+00:00,5909.1,6.1,19.0
2025-03-27 14:00:00+00:00,4849.2,6.5,6.5
2025-03-27 15:00:00+00:00,3260.2,5.1,16.7
2025-03-27 16:00:00+00:00,1698.2,6.5,21.8
2025-03-27 17:00:00+00:00,376.8,11.0,30.6
2025-03-27 18:00:00+00:00,3.2,35.5,84.6
2025-03-27 19:00:00+00:00,0.0,52.0,190.1
2025-03-27 20:00:00+00:00,0.0,53.5,277.1
2025-03-27 21:00:00+00:00,0.0,50.5,430.7
2025-03-27 22:00:00+00:00,0.0,74.6,554.8
2025-03-27 23:00:00+00:00,0.0,139.2,557.9
2025-03-28 00:00:00+00:00,0.0,228.7,822.3
2025-03-28 01:00:00+00:00,0.0,304.1,1126.1
2025-03-28 02:00:00+00:00,0.0,374.9,1092.9
2025-03-28 03:00:00+00:00,0.0,483.8,989.1
2025-03-28 04:00:00+00:00,0.0,505.8,1075.2
2025-03-28 05:00:00+00:00,40.5,346.9,1204.5
2025-03-28 06:00:00+00:00,477.8,246.7,947.1
2025-03-28 07:00:00+00:00,1274.7,195.2,940.7
2025-03-28 08:00:00+00:00,2083.7,178.4,634.1
2025-03-28 09:00:00+00:00,2535.7,232.4,350.8
2025-03-28 10:00:00+00:00,2885.2,233.0,633.9
2025-03-28 11:00:00+00:00,3262.3,238.4,883.1
2025-03-28 12:00:00+00:00,3372.3,243.3,1239.5
2025-03-28 13:00:00+00:00,2968.4,234.5,1027.3
2025-03-28 14:00:00+00:00,2177.4,277.6,651.9
2025-03-28 15:00:00+00:00,1196.2,238.8,164.5
2025-03-28 16:00:00+00:00,476.3,181.6,56.8
2025-03-28 17:00:00+00:00,61.6,188.7,0.0
2025-03-28 18:00:00+00:00,1.0,205.1,0.0
2025-03-28 19:00:00+00:00,0.0,198.1,0.0
2025-03-28 20:00:00+00:00,0.0,291.7,2.2
2025-03-28 21:00:00+00:00,0.0,529.8,144.4
2025-03-28 22:00:00+00:00,0.0,543.6,164.7
2025-03-28 23:00:00+00:00,0.0,556.8,225.5
2025-03-29 00:00:00+00:00,0.0,520.6,487.8
2025-03-29 01:00:00+00:00,0.0,501.0,576.0
2025-03-29 02:00:00+00:00,0.0,580.9,488.0
2025-03-29 03:00:00+00:00,0.0,625.5,509.2
2025-03-29 04:00:00+00:00,0.0,688.4,433.1
2025-03-29 05:00:00+00:00,56.1,641.0,360.8
2025-03-29 06:00:00+00:00,829.7,584.1,291.7
2025-03-29 07:00:00+00:00,2512.8,412.3,171.3
2025-03-29 08:00:00+00:00,3807.0,354.8,96.4
2025-03-29 09:00:00+00:00,4425.4,384.4,21.6
2025-03-29 10:00:00+00:00,4874.9,337.9,26.2
2025-03-29 11:00:00+00:00,5121.5,312.8,35.6
2025-03-29 12:00:00+00:00,5571.7,335.1,8.9
2025-03-29 13:00:00+00:00,5214.4,427.5,35.8
2025-03-29 14:00:00+00:00,4449.6,402.7,80.3
2025-03-29 15:00:00+00:00,3258.1,311.7,137.8
2025-03-29 16:00:00+00:00,1870.4,214.3,348.2
2025-03-29 17:00:00+00:00,496.2,146.0,666.6
2025-03-29 18:00:00+00:00,2.1,160.8,1311.0
2025-03-29 19:00:00+00:00,0.0,235.0,1932.5
2025-03-29 20:00:00+00:00,0.0,382.4,2007.2
2025-03-29 21:00:00+00:00,0.0,719.2,2073.0
2025-03-29 22:00:00+00:00,0.0,1112.5,2105.6
2025-03-29 23:00:00+00:00,0.0,1266.9,2060.0
2025-03-30 00:00:00+00:00,0.0,1277.6,2140.3
2025-03-30 01:00:00+00:00,0.0,1386.4,2147.2
2025-03-30 02:00:00+00:00,0.0,1409.0,2141.4
2025-03-30 03:00:00+00:00,0.0,1406.4,2120.0
2025-03-30 04:00:00+00:00,0.0,1329.1,2109.4
2025-03-30 05:00:00+00:00,12.7,1264.1,2056.7
2025-03-30 06:00:00+00:00,236.0,1130.9,2002.4
2025-03-30 07:00:00+00:00,699.2,1129.8,1827.6
2025-03-30 08:00:00+00:00,1313.2,1164.0,1401.3
2025-03-30 09:00:00+00:00,1948.4,1264.7,905.9
2025-03-30 10:00:00+00:00,3057.6,1245.9,461.5
2025-03-30 11:00:00+00:00,4084.6,1095.2,273.0
2025-03-30 12:00:00+00:00,4362.8,1200.9,199.0
2025-03-30 13:00:00+00:00,4132.7,1179.1,144.4
2025-03-30 14:00:00+00:00,3208.6,1278.7,60.8
2025-03-30 15:00:00+00:00,2264.2,1195.2,76.3
2025-03-30 16:00:00+00:00,1138.7,1202.3,135.2
2025-03-30 17:00:00+00:00,267.2,1092.2,274.5
2025-03-30 18:00:00+00:00,1.2,761.2,300.7
2025-03-30 19:00:00+00:00,0.0,590.5,586.2
2025-03-30 20:00:00+00:00,0.0,548.6,1007.0
2025-03-30 21:00:00+00:00,0.0,729.9,1125.7
2025-03-30 22:00:00+00:00,0.0,739.5,953.4
2025-03-30 23:00:00+00:00,0.0,669.5,526.4
2025-03-31 00:00:00+00:00,0.0,569.2,390.7
2025-03-31 01:00:00+00:00,0.0,482.3,386.5
2025-03-31 02:00:00+00:00,0.0,361.2,377.8
2025-03-31 03:00:00+00:00,0.0,321.8,338.8
2025-03-31 04:00:00+00:00,0.0,326.2,317.0
2025-03-31 05:00:00+00:00,20.9,299.5,285.4
2025-03-31 06:00:00+00:00,384.9,302.4,294.0
2025-03-31 07:00:00+00:00,1099.5,310.1,192.8
2025-03-31 08:00:00+00:00,2514.4,283.7,155.8
2025-03-31 09:00:00+00:00,4386.3,197.5,143.4
2025-03-31 10:00:00+00:00,5458.0,171.0,140.3
2025-03-31 11:00:00+00:00,5994.8,186.3,37.9
2025-03-31 12:00:00+00:00,6017.1,229.9,32.9
2025-03-31 13:00:00+00:00,5653.0,257.2,45.9
2025-03-31 14:00:00+00:00,4828.7,234.2,33.4
2025-03-31 15:00:00+00:00,3496.5,280.3,55.0
2025-03-31 16:00:00+00:00,1871.1,355.6,179.7
2025-03-31 17:00:00+00:00,537.6,417.1,223.1
2025-03-31 18:00:00+00:00,4.3,498.9,336.3
2025-03-31 19:00:00+00:00,0.0,588.9,513.5
2025-03-31 20:00:00+00:00,0.0,651.8,544.1
2025-03-31 21:00:00+00:00,0.0,695.9,475.8
2025-03-31 22:00:00+00:00,0.0,678.9,454.8
2025-03-31 23:00:00+00:00,0.0,759.4,545.9
2025-04-01 00:00:00+00:00,0.0,730.0,405.2
2025-04-01 01:00:00+00:00,0.0,692.3,407.8
2025-04-01 02:00:00+00:00,0.0,680.1,281.5
2025-04-01 03:00:00+00:00,0.0,657.2,273.6
2025-04-01 04:00:00+00:00,0.0,619.4,300.1
2025-04-01 05:00:00+00:00,104.4,641.1,343.5
2025-04-01 06:00:00+00:00,1236.6,539.3,374.7
2025-04-01 07:00:00+00:00,2750.6,303.5,340.0
2025-04-01 08:00:00+00:00,4392.2,371.4,342.3
2025-04-01 09:00:00+00:00,5717.2,846.2,425.4
2025-04-01 10:00:00+00:00,6523.3,1208.7,312.4
2025-04-01 11:00:00+00:00,6814.8,1295.6,634.9
2025-04-01 12:00:00+00:00,6603.8,1317.1,645.2
2025-04-01 13:00:00+00:00,5869.5,1314.1,902.2
2025-04-01 14:00:00+00:00,4752.5,1539.6,1076.5
2025-04-01 15:00:00+00:00,3465.7,1655.0,1178.8
2025-04-01 16:00:00+00:00,1849.6,1605.2,1088.4
2025-04-01 17:00:00+00:00,568.7,1403.1,1259.6
2025-04-01 18:00:00+00:00,6.5,1154.0,1557.9
2025-04-01 19:00:00+00:00,0.0,1106.2,1625.3
2025-04-01 20:00:00+00:00,0.0,1323.7,1641.4
2025-04-01 21:00:00+00:00,0.0,1513.0,1765.0
2025-04-01 22:00:00+00:00,0.0,1419.9,1866.2
2025-04-01 23:00:00+00:00,0.0,1233.0,1647.0
2025-04-02 00:00:00+00:00,0.0,1171.4,1684.5
2025-04-02 01:00:00+00:00,0.0,1306.3,1394.5
2025-04-02 02:00:00+00:00,0.0,1445.9,1351.6
2025-04-02 03:00:00+00:00,0.0,1370.9,1491.2
2025-04-02 04:00:00+00:00,0.0,1390.4,1633.6
2025-04-02 05:00:00+00:00,105.2,1580.7,1591.8
2025-04-02 06:00:00+00:00,1204.5,1420.9,1480.8
2025-04-02 07:00:00+00:00,2683.3,1319.8,1426.8
2025-04-02 08:00:00+00:00,4282.6,1446.7,1409.2
2025-04-02 09:00:00+00:00,5603.3,1452.0,1275.0
2025-04-02 10:00:00+00:00,6506.1,1412.3,1260.9
2025-04-02 11:00:00+00:00,6854.7,1407.2,1042.3
2025-04-02 12:00:00+00:00,6542.1,1468.0,1422.8
2025-04-02 13:00:00+00:00,5818.6,1630.7,1607.8
2025-04-02 14:00:00+00:00,4766.5,1584.9,1677.5
2025-04-02 15:00:00+00:00,3413.5,1671.9,1586.6
2025-04-02 16:00:00+00:00,1793.7,1692.0,1574.9
2025-04-02 17:00:00+00:00,535.1,1371.5,1301.5
2025-04-02 18:00:00+00:00,6.9,1220.1,1215.2
2025-04-02 19:00:00+00:00,0.0,1177.5,1632.7
2025-04-02 20:00:00+00:00,0.0,1205.9,1938.4
2025-04-02 21:00:00+00:00,0.0,1325.3,1945.9
2025-04-02 22:00:00+00:00,0.0,1447.3,1933.4
2025-04-02 23:00:00+00:00,0.0,1507.0,1909.4
2025-04-03 00:00:00+00:00,0.0,1467.2,1796.5
2025-04-03 01:00:00+00:00,0.0,1329.2,1818.9
2025-04-03 02:00:00+00:00,0.0,1279.9,1623.6
2025-04-03 03:00:00+00:00,0.0,1306.4,1478.1
2025-04-03 04:00:00+00:00,0.0,1310.8,1491.2
2025-04-03 05:00:00+00:00,95.2,1255.9,1464.0
2025-04-03 06:00:00+00:00,1031.6,989.1,1336.4
2025-04-03 07:00:00+00:00,2572.1,735.6,1018.9
2025-04-03 08:00:00+00:00,4245.0,674.2,782.4
2025-04-03 09:00:00+00:00,5545.1,441.6,657.6
2025-04-03 10:00:00+00:00,6383.3,314.0,587.2
2025-04-03 11:00:00+00:00,6770.6,290.6,492.8
2025-04-03 12:00:00+00:00,6617.1,318.9,428.4
2025-04-03 13:00:00+00:00,5924.6,315.0,408.7
2025-04-03 14:00:00+00:00,4724.7,294.9,426.6
2025-04-03 15:00:00+00:00,3300.7,288.1,507.7
2025-04-03 16:00:00+00:00,1650.4,270.8,362.0
2025-04-03 17:00:00+00:00,422.1,272.8,365.1
2025-04-03 18:00:00+00:00,8.0,431.7,316.5
2025-04-03 19:00:00+00:00,0.0,691.5,411.9
2025-04-03 20:00:00+00:00,0.0,890.0,503.3
2025-04-03 21:00:00+00:00,0.0,899.5,456.2
2025-04-03 22:00:00+00:00,0.0,790.4,466.4
2025-04-03 23:00:00+00:00,0.0,611.6,407.9
2025-04-04 00:00:00+00:00,0.0,460.5,265.2
2025-04-04 01:00:00+00:00,0.0,369.2,139.0
2025-04-04 02:00:00+00:00,0.0,367.9,73.3
2025-04-04 03:00:00+00:00,0.0,335.3,72.8
2025-04-04 04:00:00+00:00,0.0,290.4,93.9
2025-04-04 05:00:00+00:00,161.5,261.2,113.6
2025-04-04 06:00:00+00:00,1311.6,263.7,125.2
2025-04-04 07:00:00+00:00,2748.1,248.0,188.3
2025-04-04 08:00:00+00:00,4293.6,147.6,170.7
2025-04-04 09:00:00+00:00,5551.2,226.0,179.3
2025-04-04 10:00:00+00:00,6381.4,492.0,236.7
2025-04-04 11:00:00+00:00,6842.1,528.2,231.2
2025-04-04 12:00:00+00:00,6699.2,449.9,640.8
2025-04-04 13:00:00+00:00,6065.6,380.0,775.7
2025-04-04 14:00:00+00:00,4938.7,482.2,786.8
2025-04-04 15:00:00+00:00,3519.0,605.3,952.2
2025-04-04 16:00:00+00:00,1880.5,738.9,1124.1
2025-04-04 17:00:00+00:00,579.5,769.5,1285.3
2025-04-04 18:00:00+00:00,6.0,1008.3,1457.5
2025-04-04 19:00:00+00:00,0.0,1200.2,1500.0
2025-04-04 20:00:00+00:00,0.0,1264.2,1521.5
2025-04-04 21:00:00+00:00,0.0,1177.0,1168.9
2025-04-04 22:00:00+00:00,0.0,1025.8,1344.1
2025-04-04 23:00:00+00:00,0.0,1152.4,1593.1
2025-04-05 00:00:00+00:00,0.0,1077.8,1271.7
2025-04-05 01:00:00+00:00,0.0,928.6,723.5
2025-04-05 02:00:00+00:00,0.0,766.6,547.2
2025-04-05 03:00:00+00:00,0.0,666.9,682.5
2025-04-05 04:00:00+00:00,0.0,661.9,712.6
2025-04-05 05:00:00+00:00,164.5,621.6,536.6
2025-04-05 06:00:00+00:00,1312.4,523.8,664.2
2025-04-05 07:00:00+00:00,2771.5,326.8,667.7
2025-04-05 08:00:00+00:00,4388.8,297.7,711.9
2025-04-05 09:00:00+00:00,5668.3,315.0,825.6
2025-04-05 10:00:00+00:00,6520.3,308.8,1061.2
2025-04-05 11:00:00+00:00,6922.9,319.5,1070.8
2025-04-05 12:00:00+00:00,6783.5,414.1,915.0
2025-04-05 13:00:00+00:00,6127.7,585.6,1341.1
2025-04-05 14:00:00+00:00,4975.0,715.7,1599.9
2025-04-05 15:00:00+00:00,3502.5,828.3,1655.0
2025-04-05 16:00:00+00:00,1819.0,1036.0,1841.9
2025-04-05 17:00:00+00:00,587.8,1038.1,1974.4
2025-04-05 18:00:00+00:00,14.2,1098.3,1920.0
2025-04-05 19:00:00+00:00,0.0,1280.6,1813.8
2025-04-05 20:00:00+00:00,0.0,1347.5,1847.9
2025-04-05 21:00:00+00:00,0.0,1394.3,1773.8
2025-04-05 22:00:00+00:00,0.0,1263.3,1692.1
2025-04-05 23:00:00+00:00,0.0,1278.3,1514.2
2025-04-06 00:00:00+00:00,0.0,1249.3,1652.7
2025-04-06 01:00:00+00:00,0.0,1300.0,1628.6
2025-04-06 02:00:00+00:00,0.0,1233.1,1592.9
2025-04-06 03:00:00+00:00,0.0,1324.9,1512.1
2025-04-06 04:00:00+00:00,0.0,1307.7,1386.9
2025-04-06 05:00:00+00:00,210.7,1203.0,1224.8
2025-04-06 06:00:00+00:00,1486.0,1005.8,1157.0
2025-04-06 07:00:00+00:00,3044.4,910.8,1040.8
2025-04-06 08:00:00+00:00,4665.8,925.3,814.5
2025-04-06 09:00:00+00:00,5947.0,803.9,727.7
2025-04-06 10:00:00+00:00,6805.6,733.9,765.7
2025-04-06 11:00:00+00:00,7176.3,625.0,599.8
2025-04-06 12:00:00+00:00,7041.5,606.9,442.6
2025-04-06 13:00:00+00:00,6402.7,662.7,531.9
2025-04-06 14:00:00+00:00,5238.8,758.9,870.7
2025-04-06 15:00:00+00:00,3788.0,836.8,1173.5
2025-04-06 16:00:00+00:00,2060.0,846.5,1015.7
2025-04-06 17:00:00+00:00,661.2,748.8,775.9
2025-04-06 18:00:00+00:00,20.5,859.9,801.1
2025-04-06 19:00:00+00:00,0.0,1010.9,847.0
2025-04-06 20:00:00+00:00,0.0,1054.0,664.9
2025-04-06 21:00:00+00:00,0.0,990.4,559.1
2025-04-06 22:00:00+00:00,0.0,895.5,412.8
2025-04-06 23:00:00+00:00,0.0,757.6,321.3
2025-04-07 00:00:00+00:00,0.0,717.0,412.6
2025-04-07 01:00:00+00:00,0.0,653.4,492.6
2025-04-07 02:00:00+00:00,0.0,593.8,446.3
2025-04-07 03:00:00+00:00,0.0,516.0,388.2
2025-04-07 04:00:00+00:00,0.0,458.2,370.0
2025-04-07 05:00:00+00:00,241.2,465.1,305.9
2025-04-07 06:00:00+00:00,1518.1,340.4,337.4
2025-04-07 07:00:00+00:00,3028.1,166.5,266.5
2025-04-07 08:00:00+00:00,4614.0,150.6,131.4
2025-04-07 09:00:00+00:00,5876.2,271.2,22.7
2025-04-07 10:00:00+00:00,6703.4,279.9,31.9
2025-04-07 11:00:00+00:00,7095.3,198.3,45.7
2025-04-07 12:00:00+00:00,6944.7,203.9,89.1
2025-04-07 13:00:00+00:00,6311.7,242.3,141.6
2025-04-07 14:00:00+00:00,5175.9,300.9,360.2
2025-04-07 15:00:00+00:00,3734.5,310.3,470.5
2025-04-07 16:00:00+00:00,2054.4,316.5,505.3
2025-04-07 17:00:00+00:00,718.1,353.0,564.2
2025-04-07 18:00:00+00:00,22.1,440.5,552.0
2025-04-07 19:00:00+00:00,0.0,574.2,533.1
2025-04-07 20:00:00+00:00,0.0,687.0,507.2
2025-04-07 21:00:00+00:00,0.0,770.9,506.2
2025-04-07 22:00:00+00:00,0.0,702.9,522.0
2025-04-07 23:00:00+00:00,0.0,512.1,346.4
2025-04-08 00:00:00+00:00,0.0,423.2,230.5
2025-04-08 01:00:00+00:00,0.0,383.2,205.9
2025-04-08 02:00:00+00:00,0.0,368.6,191.7
2025-04-08 03:00:00+00:00,0.0,383.3,181.3
2025-04-08 04:00:00+00:00,0.0,380.0,164.6
2025-04-08 05:00:00+00:00,253.9,392.5,144.9
2025-04-08 06:00:00+00:00,1516.0,325.7,135.7
2025-04-08 07:00:00+00:00,2996.2,125.4,83.5
2025-04-08 08:00:00+00:00,4524.7,79.6,24.5
2025-04-08 09:00:00+00:00,5737.9,149.0,41.2
2025-04-08 10:00:00+00:00,6545.5,160.4,116.0
2025-04-08 11:00:00+00:00,6927.6,106.4,176.2
2025-04-08 12:00:00+00:00,6790.6,106.9,235.8
2025-04-08 13:00:00+00:00,6151.8,136.2,250.7
2025-04-08 14:00:00+00:00,4998.9,157.0,224.8
2025-04-08 15:00:00+00:00,3575.0,193.1,252.5
2025-04-08 16:00:00+00:00,1956.2,239.1,353.5
2025-04-08 17:00:00+00:00,663.6,339.0,531.8
2025-04-08 18:00:00+00:00,21.5,470.9,581.1
2025-04-08 19:00:00+00:00,0.0,639.9,684.3
2025-04-08 20:00:00+00:00,0.0,689.2,700.4
2025-04-08 21:00:00+00:00,0.0,630.2,766.0
2025-04-08 22:00:00+00:00,0.0,676.5,730.3
2025-04-08 23:00:00+00:00,0.0,648.7,687.3
2025-04-09 00:00:00+00:00,0.0,616.6,556.4
2025-04-09 01:00:00+00:00,0.0,496.2,412.7
2025-04-09 02:00:00+00:00,0.0,356.3,371.2
2025-04-09 03:00:00+00:00,0.0,307.8,409.6
2025-04-09 04:00:00+00:00,0.0,308.9,373.8
2025-04-09 05:00:00+00:00,140.9,374.7,456.0
2025-04-09 06:00:00+00:00,1096.9,315.4,535.5
2025-04-09 07:00:00+00:00,2490.3,219.8,602.1
2025-04-09 08:00:00+00:00,4076.6,182.3,488.2
2025-04-09 09:00:00+00:00,5465.1,171.0,518.6
2025-04-09 10:00:00+00:00,6421.3,199.7,538.6
2025-04-09 11:00:00+00:00,6847.0,250.4,618.6
2025-04-09 12:00:00+00:00,6762.6,347.6,721.8
2025-04-09 13:00:00+00:00,6170.6,455.3,870.2
2025-04-09 14:00:00+00:00,5072.0,577.9,889.0
2025-04-09 15:00:00+00:00,3648.8,674.0,1018.0
2025-04-09 16:00:00+00:00,1981.5,753.9,998.9
2025-04-09 17:00:00+00:00,698.1,713.1,1199.8
2025-04-09 18:00:00+00:00,30.8,965.2,1297.2
2025-04-09 19:00:00+00:00,0.0,1021.3,1049.7
2025-04-09 20:00:00+00:00,0.0,836.9,942.6
2025-04-09 21:00:00+00:00,0.0,616.6,752.9
2025-04-09 22:00:00+00:00,0.0,561.3,687.3
2025-04-09 23:00:00+00:00,0.0,475.4,628.9
2025-04-10 00:00:00+00:00,0.0,502.7,563.1
2025-04-10 01:00:00+00:00,0.0,392.9,501.4
2025-04-10 02:00:00+00:00,0.0,279.5,420.8
2025-04-10 03:00:00+00:00,0.0,206.2,275.8
2025-04-10 04:00:00+00:00,0.0,206.5,313.8
2025-04-10 05:00:00+00:00,24.4,201.7,301.2
2025-04-10 06:00:00+00:00,288.0,224.5,315.7
2025-04-10 07:00:00+00:00,717.9,213.1,372.4
2025-04-10 08:00:00+00:00,1361.0,235.3,324.7
2025-04-10 09:00:00+00:00,2737.8,257.0,325.0
2025-04-10 10:00:00+00:00,4131.7,191.7,252.1
2025-04-10 11:00:00+00:00,5163.5,149.0,174.1
2025-04-10 12:00:00+00:00,5717.4,151.2,163.5
2025-04-10 13:00:00+00:00,5706.9,192.6,164.4
2025-04-10 14:00:00+00:00,4923.6,246.8,117.1
2025-04-10 15:00:00+00:00,3630.3,255.5,55.9
2025-04-10 16:00:00+00:00,2036.5,223.7,1.2
2025-04-10 17:00:00+00:00,735.8,199.7,0.0
2025-04-10 18:00:00+00:00,37.9,200.5,0.0
2025-04-10 19:00:00+00:00,0.0,253.0,0.0
2025-04-10 20:00:00+00:00,0.0,243.2,0.0
2025-04-10 21:00:00+00:00,0.0,185.6,0.0
2025-04-10 22:00:00+00:00,0.0,133.8,0.0
2025-04-10 23:00:00+00:00,0.0,68.5,0.0
2025-04-11 00:00:00+00:00,0.0,34.5,0.0
2025-04-11 01:00:00+00:00,0.0,26.8,0.0
2025-04-11 02:00:00+00:00,0.0,37.0,15.1
2025-04-11 03:00:00+00:00,0.0,40.2,36.8
2025-04-11 04:00:00+00:00,0.0,27.4,42.3
2025-04-11 05:00:00+00:00,198.6,51.8,164.7
2025-04-11 06:00:00+00:00,1179.1,85.7,221.9
2025-04-11 07:00:00+00:00,2697.1,71.2,180.8
2025-04-11 08:00:00+00:00,4552.3,31.6,230.7
2025-04-11 09:00:00+00:00,5841.7,37.3,238.2
2025-04-11 10:00:00+00:00,6608.2,39.9,202.8
2025-04-11 11:00:00+00:00,6929.6,39.4,125.8
2025-04-11 12:00:00+00:00,6738.5,36.7,51.5
2025-04-11 13:00:00+00:00,6124.2,50.3,0.0
2025-04-11 14:00:00+00:00,4978.2,60.5,0.0
2025-04-11 15:00:00+00:00,3589.9,80.5,0.0
2025-04-11 16:00:00+00:00,1979.7,85.3,0.0
2025-04-11 17:00:00+00:00,740.4,87.6,0.0
2025-04-11 18:00:00+00:00,46.7,124.1,0.0
2025-04-11 19:00:00+00:00,0.0,206.0,0.0
2025-04-11 20:00:00+00:00,0.0,280.8,0.3
2025-04-11 21:00:00+00:00,0.0,339.9,0.0
2025-04-11 22:00:00+00:00,0.0,393.8,35.6
2025-04-11 23:00:00+00:00,0.0,469.0,56.6
2025-04-12 00:00:00+00:00,0.0,514.0,89.0
2025-04-12 01:00:00+00:00,0.0,621.9,130.5
2025-04-12 02:00:00+00:00,0.0,739.8,121.8
2025-04-12 03:00:00+00:00,0.0,780.4,147.3
2025-04-12 04:00:00+00:00,0.0,789.7,186.3
2025-04-12 05:00:00+00:00,317.8,828.6,297.9
2025-04-12 06:00:00+00:00,1588.8,788.8,381.3
2025-04-12 07:00:00+00:00,3055.4,520.2,454.6
2025-04-12 08:00:00+00:00,4596.5,343.3,337.2
2025-04-12 09:00:00+00:00,5820.8,337.7,228.6
2025-04-12 10:00:00+00:00,6628.7,351.6,230.8
2025-04-12 11:00:00+00:00,6989.2,465.3,327.5
2025-04-12 12:00:00+00:00,6822.9,449.0,392.2
2025-04-12 13:00:00+00:00,6181.9,627.7,486.9
2025-04-12 14:00:00+00:00,5036.7,816.7,282.4
2025-04-12 15:00:00+00:00,3571.4,1096.9,328.3
2025-04-12 16:00:00+00:00,1783.8,1227.3,292.5
2025-04-12 17:00:00+00:00,436.9,1231.1,524.8
2025-04-12 18:00:00+00:00,10.5,1122.2,1349.5
2025-04-12 19:00:00+00:00,0.0,990.6,1496.2
2025-04-12 20:00:00+00:00,0.0,970.9,1530.9
2025-04-12 21:00:00+00:00,0.0,1101.4,1554.2
2025-04-12 22:00:00+00:00,0.0,1040.0,1623.0
2025-04-12 23:00:00+00:00,0.0,1009.4,1367.4
2025-04-13 00:00:00+00:00,0.0,916.9,1014.9
2025-04-13 01:00:00+00:00,0.0,850.3,707.2
2025-04-13 02:00:00+00:00,0.0,799.5,1038.4
2025-04-13 03:00:00+00:00,0.0,806.1,1315.1
2025-04-13 04:00:00+00:00,0.0,1071.1,1168.9
2025-04-13 05:00:00+00:00,83.2,1179.5,1064.2
2025-04-13 06:00:00+00:00,357.0,1210.0,1534.6
2025-04-13 07:00:00+00:00,749.4,1097.6,1333.7
2025-04-13 08:00:00+00:00,1483.2,945.6,1074.4
2025-04-13 09:00:00+00:00,2312.1,886.6,818.9
2025-04-13 10:00:00+00:00,2662.1,946.4,539.7
2025-04-13 11:00:00+00:00,2533.5,1015.7,786.9
2025-04-13 12:00:00+00:00,2429.9,1041.9,1422.1
2025-04-13 13:00:00+00:00,2319.0,1101.8,1575.6
2025-04-13 14:00:00+00:00,2006.0,1046.6,2051.5
2025-04-13 15:00:00+00:00,1708.4,1036.5,2051.1
2025-04-13 16:00:00+00:00,1084.1,852.1,2060.9
2025-04-13 17:00:00+00:00,456.3,582.0,2125.7
2025-04-13 18:00:00+00:00,20.7,368.4,1937.7
2025-04-13 19:00:00+00:00,0.0,321.4,1753.2
2025-04-13 20:00:00+00:00,0.0,382.7,1703.5
2025-04-13 21:00:00+00:00,0.0,452.9,1355.6
2025-04-13 22:00:00+00:00,0.0,441.7,1494.7
2025-04-13 23:00:00+00:00,0.0,441.5,962.3
2025-04-14 00:00:00+00:00,0.0,487.6,752.2
2025-04-14 01:00:00+00:00,0.0,502.3,539.7
2025-04-14 02:00:00+00:00,0.0,413.6,500.9
2025-04-14 03:00:00+00:00,0.0,156.0,615.4
2025-04-14 04:00:00+00:00,0.0,119.7,402.0
2025-04-14 05:00:00+00:00,257.9,132.4,255.5
2025-04-14 06:00:00+00:00,1194.9,148.7,107.9
2025-04-14 07:00:00+00:00,2748.2,79.8,131.3
2025-04-14 08:00:00+00:00,4371.8,52.1,141.4
2025-04-14 09:00:00+00:00,5456.8,52.4,115.2
2025-04-14 10:00:00+00:00,6161.5,53.1,62.4
2025-04-14 11:00:00+00:00,6489.4,74.8,12.0
2025-04-14 12:00:00+00:00,5879.1,102.1,0.0
2025-04-14 13:00:00+00:00,4915.3,154.1,0.0
2025-04-14 14:00:00+00:00,3878.7,218.4,21.5
2025-04-14 15:00:00+00:00,3003.1,273.0,84.8
2025-04-14 16:00:00+00:00,1889.6,234.3,150.3
2025-04-14 17:00:00+00:00,740.2,152.8,179.2
2025-04-14 18:00:00+00:00,33.2,152.2,246.8
2025-04-14 19:00:00+00:00,0.0,270.4,208.1
2025-04-14 20:00:00+00:00,0.0,397.2,166.5
2025-04-14 21:00:00+00:00,0.0,555.3,207.1
2025-04-14 22:00:00+00:00,0.0,740.4,239.1
2025-04-14 23:00:00+00:00,0.0,1032.1,289.0
2025-04-15 00:00:00+00:00,0.0,1087.8,372.4
2025-04-15 01:00:00+00:00,0.0,1219.2,394.3
2025-04-15 02:00:00+00:00,0.0,1201.8,460.8
2025-04-15 03:00:00+00:00,0.0,1068.8,537.6
2025-04-15 04:00:00+00:00,0.0,1015.7,659.0
2025-04-15 05:00:00+00:00,212.7,957.5,628.5
2025-04-15 06:00:00+00:00,946.3,709.5,482.6
2025-04-15 07:00:00+00:00,2014.1,577.0,470.1
2025-04-15 08:00:00+00:00,2850.3,620.1,607.9
2025-04-15 09:00:00+00:00,2371.8,575.0,567.7
2025-04-15 10:00:00+00:00,2465.3,559.0,202.9
2025-04-15 11:00:00+00:00,2621.8,525.8,260.4
2025-04-15 12:00:00+00:00,2357.0,651.6,183.6
2025-04-15 13:00:00+00:00,2517.6,566.4,44.1
2025-04-15 14:00:00+00:00,2504.1,537.3,0.0
2025-04-15 15:00:00+00:00,2232.9,454.1,0.0
2025-04-15 16:00:00+00:00,1319.5,516.3,0.0
2025-04-15 17:00:00+00:00,436.6,528.4,3.3
2025-04-15 18:00:00+00:00,49.9,489.4,0.0
2025-04-15 19:00:00+00:00,0.0,600.2,12.7
2025-04-15 20:00:00+00:00,0.0,675.1,79.6
2025-04-15 21:00:00+00:00,0.0,664.2,761.6
2025-04-15 22:00:00+00:00,0.0,668.3,985.7
2025-04-15 23:00:00+00:00,0.0,642.6,1104.4
2025-04-16 00:00:00+00:00,0.0,616.1,1253.6
2025-04-16 01:00:00+00:00,0.0,538.5,1693.5
2025-04-16 02:00:00+00:00,0.0,502.2,1734.8
2025-04-16 03:00:00+00:00,0.0,443.8,1471.0
2025-04-16 04:00:00+00:00,0.0,396.7,1573.4
2025-04-16 05:00:00+00:00,45.6,283.6,1557.1
2025-04-16 06:00:00+00:00,448.3,209.4,1374.0
2025-04-16 07:00:00+00:00,801.5,224.8,1298.4
2025-04-16 08:00:00+00:00,1423.3,296.1,1504.8
2025-04-16 09:00:00+00:00,2136.4,279.9,1470.6
2025-04-16 10:00:00+00:00,2319.4,250.2,1096.3
2025-04-16 11:00:00+00:00,2199.9,292.9,836.3
2025-04-16 12:00:00+00:00,2075.2,283.7,562.2
2025-04-16 13:00:00+00:00,2654.3,213.0,356.2
2025-04-16 14:00:00+00:00,1960.0,198.6,397.6
2025-04-16 15:00:00+00:00,1177.9,132.0,503.6
2025-04-16 16:00:00+00:00,654.4,54.3,462.7
2025-04-16 17:00:00+00:00,250.2,17.2,427.4
2025-04-16 18:00:00+00:00,20.0,12.8,256.9
2025-04-16 19:00:00+00:00,0.0,25.4,245.4
2025-04-16 20:00:00+00:00,0.0,32.1,219.6
2025-04-16 21:00:00+00:00,0.0,46.2,111.4
2025-04-16 22:00:00+00:00,0.0,50.1,15.3
2025-04-16 23:00:00+00:00,0.0,67.6,1.5
2025-04-17 00:00:00+00:00,0.0,74.3,0.0
2025-04-17 01:00:00+00:00,0.0,110.4,0.0
2025-04-17 02:00:00+00:00,0.0,88.2,0.0
2025-04-17 03:00:00+00:00,0.0,97.9,0.0
2025-04-17 04:00:00+00:00,0.0,142.0,0.0
2025-04-17 05:00:00+00:00,126.8,132.4,0.0
2025-04-17 06:00:00+00:00,560.3,157.6,0.0
2025-04-17 07:00:00+00:00,981.0,167.5,0.0
2025-04-17 08:00:00+00:00,1525.9,138.3,0.0
2025-04-17 09:00:00+00:00,2643.1,162.9,0.0
2025-04-17 10:00:00+00:00,3537.2,164.5,0.0
2025-04-17 11:00:00+00:00,2660.2,199.4,0.0
2025-04-17 12:00:00+00:00,1999.3,220.5,0.0
2025-04-17 13:00:00+00:00,1596.5,246.3,0.0
2025-04-17 14:00:00+00:00,1277.0,239.5,0.0
2025-04-17 15:00:00+00:00,858.6,262.9,0.0
2025-04-17 16:00:00+00:00,533.0,280.7,0.0
2025-04-17 17:00:00+00:00,230.7,276.9,0.0
2025-04-17 18:00:00+00:00,34.1,227.9,0.0
2025-04-17 19:00:00+00:00,0.0,159.2,0.0
2025-04-17 20:00:00+00:00,0.0,111.5,0.0
2025-04-17 21:00:00+00:00,0.0,121.8,0.0
2025-04-17 22:00:00+00:00,0.0,141.1,0.0
2025-04-17 23:00:00+00:00,0.0,170.1,0.0
2025-04-18 00:00:00+00:00,0.0,196.8,0.0
2025-04-18 01:00:00+00:00,0.0,185.9,0.0
2025-04-18 02:00:00+00:00,0.0,183.0,0.0
2025-04-18 03:00:00+00:00,0.0,120.4,0.0
2025-04-18 04:00:00+00:00,0.7,77.1,0.0
2025-04-18 05:00:00+00:00,217.7,63.5,6.6
2025-04-18 06:00:00+00:00,931.9,55.9,1.0
2025-04-18 07:00:00+00:00,2027.4,41.9,12.3
2025-04-18 08:00:00+00:00,3404.3,29.6,36.1
2025-04-18 09:00:00+00:00,4638.0,34.9,73.6
2025-04-18 10:00:00+00:00,5627.7,50.7,130.0
2025-04-18 11:00:00+00:00,6400.0,52.4,117.0
2025-04-18 12:00:00+00:00,6246.7,55.7,77.4
2025-04-18 13:00:00+00:00,5664.1,55.2,55.2
2025-04-18 14:00:00+00:00,4715.6,67.9,102.2
2025-04-18 15:00:00+00:00,3474.1,102.6,181.6
2025-04-18 16:00:00+00:00,2029.1,158.0,273.9
2025-04-18 17:00:00+00:00,761.2,217.8,399.9
2025-04-18 18:00:00+00:00,54.3,337.8,509.3
2025-04-18 19:00:00+00:00,0.0,509.3,703.0
2025-04-18 20:00:00+00:00,0.0,597.2,597.4
2025-04-18 21:00:00+00:00,0.0,537.4,346.2
2025-04-18 22:00:00+00:00,0.0,479.0,316.3
2025-04-18 23:00:00+00:00,0.0,419.2,344.8
2025-04-19 00:00:00+00:00,0.0,404.1,368.2
2025-04-19 01:00:00+00:00,0.0,364.2,293.9
2025-04-19 02:00:00+00:00,0.0,379.4,272.1
2025-04-19 03:00:00+00:00,0.0,410.3,257.8
2025-04-19 04:00:00+00:00,9.1,462.7,211.8
2025-04-19 05:00:00+00:00,420.7,574.1,275.9
2025-04-19 06:00:00+00:00,1338.2,519.1,361.5
2025-04-19 07:00:00+00:00,2584.0,347.7,286.7
2025-04-19 08:00:00+00:00,4335.6,447.2,251.1
2025-04-19 09:00:00+00:00,5700.8,421.3,328.7
2025-04-19 10:00:00+00:00,6542.0,467.1,475.0
2025-04-19 11:00:00+00:00,6856.7,551.2,660.0
2025-04-19 12:00:00+00:00,6687.2,554.3,867.0
2025-04-19 13:00:00+00:00,5748.1,636.4,968.6
2025-04-19 14:00:00+00:00,3967.6,653.5,1335.3
2025-04-19 15:00:00+00:00,2522.6,768.3,1282.0
2025-04-19 16:00:00+00:00,1344.6,811.9,1361.4
2025-04-19 17:00:00+00:00,509.1,697.7,1260.5
2025-04-19 18:00:00+00:00,42.0,607.8,1105.1
2025-04-19 19:00:00+00:00,0.0,717.8,1081.8
2025-04-19 20:00:00+00:00,0.0,844.6,1088.1
2025-04-19 21:00:00+00:00,0.0,877.2,1085.8
2025-04-19 22:00:00+00:00,0.0,866.1,1017.5
2025-04-19 23:00:00+00:00,0.0,792.2,1010.6
2025-04-20 00:00:00+00:00,0.0,703.5,930.9
2025-04-20 01:00:00+00:00,0.0,682.3,903.9
2025-04-20 02:00:00+00:00,0.0,610.1,809.9
2025-04-20 03:00:00+00:00,0.0,476.4,731.0
2025-04-20 04:00:00+00:00,11.0,358.6,725.2
2025-04-20 05:00:00+00:00,248.7,247.3,559.6
2025-04-20 06:00:00+00:00,1054.4,185.6,538.8
2025-04-20 07:00:00+00:00,2206.3,104.9,494.8
2025-04-20 08:00:00+00:00,3326.5,69.8,331.7
2025-04-20 09:00:00+00:00,4077.3,88.4,174.4
2025-04-20 10:00:00+00:00,4170.7,83.6,247.8
2025-04-20 11:00:00+00:00,3533.2,122.0,249.2
2025-04-20 12:00:00+00:00,2722.7,137.3,309.6
2025-04-20 13:00:00+00:00,1345.3,124.2,190.0
2025-04-20 14:00:00+00:00,849.4,127.4,193.7
2025-04-20 15:00:00+00:00,575.1,148.0,252.0
2025-04-20 16:00:00+00:00,398.4,133.1,177.3
2025-04-20 17:00:00+00:00,248.4,162.8,117.6
2025-04-20 18:00:00+00:00,23.1,131.3,88.5
2025-04-20 19:00:00+00:00,0.0,105.1,63.2
2025-04-20 20:00:00+00:00,0.0,80.0,15.7
2025-04-20 21:00:00+00:00,0.0,49.0,8.6
2025-04-20 22:00:00+00:00,0.0,63.7,82.0
2025-04-20 23:00:00+00:00,0.0,100.3,64.0
2025-04-21 00:00:00+00:00,0.0,280.7,9.1
2025-04-21 01:00:00+00:00,0.0,217.9,0.0
2025-04-21 02:00:00+00:00,0.0,219.9,0.0
2025-04-21 03:00:00+00:00,0.0,265.5,11.3
2025-04-21 04:00:00+00:00,14.2,357.2,0.0
2025-04-21 05:00:00+00:00,377.5,417.2,0.0
2025-04-21 06:00:00+00:00,1176.5,337.0,0.0
2025-04-21 07:00:00+00:00,2143.9,245.0,0.0
2025-04-21 08:00:00+00:00,3092.3,175.2,0.0
2025-04-21 09:00:00+00:00,3444.1,117.6,0.0
2025-04-21 10:00:00+00:00,3306.6,68.1,0.0
2025-04-21 11:00:00+00:00,2745.7,49.2,0.0
2025-04-21 12:00:00+00:00,2296.6,64.5,0.0
2025-04-21 13:00:00+00:00,2142.6,71.9,28.5
2025-04-21 14:00:00+00:00,1922.4,84.1,23.2
2025-04-21 15:00:00+00:00,1489.2,97.5,29.3
2025-04-21 16:00:00+00:00,881.0,95.5,64.2
2025-04-21 17:00:00+00:00,338.2,90.4,149.9
2025-04-21 18:00:00+00:00,25.4,94.2,153.6
2025-04-21 19:00:00+00:00,0.0,147.6,365.5
2025-04-21 20:00:00+00:00,0.0,214.2,853.9
2025-04-21 21:00:00+00:00,0.0,272.8,866.4
2025-04-21 22:00:00+00:00,0.0,288.8,713.8
2025-04-21 23:00:00+00:00,0.0,271.7,519.4
2025-04-22 00:00:00+00:00,0.0,309.1,379.8
2025-04-22 01:00:00+00:00,0.0,303.4,368.2
2025-04-22 02:00:00+00:00,0.0,301.0,385.9
2025-04-22 03:00:00+00:00,0.0,328.1,291.0
2025-04-22 04:00:00+00:00,13.4,328.1,306.7
2025-04-22 05:00:00+00:00,369.5,249.4,168.5
2025-04-22 06:00:00+00:00,1265.6,180.3,149.3
2025-04-22 07:00:00+00:00,2443.0,122.8,103.3
2025-04-22 08:00:00+00:00,4079.0,96.6,113.1
2025-04-22 09:00:00+00:00,5292.2,135.7,128.3
2025-04-22 10:00:00+00:00,5540.3,183.4,94.5
2025-04-22 11:00:00+00:00,5281.1,209.7,41.8
2025-04-22 12:00:00+00:00,5071.2,226.2,2.3
2025-04-22 13:00:00+00:00,4609.1,165.4,8.9
2025-04-22 14:00:00+00:00,3563.7,197.8,17.7
2025-04-22 15:00:00+00:00,2539.1,174.5,20.8
2025-04-22 16:00:00+00:00,1329.3,135.7,108.2
2025-04-22 17:00:00+00:00,520.6,99.5,243.8
2025-04-22 18:00:00+00:00,71.2,50.7,362.8
2025-04-22 19:00:00+00:00,0.0,27.6,344.9
2025-04-22 20:00:00+00:00,0.0,24.4,534.7
2025-04-22 21:00:00+00:00,0.0,30.6,612.5
2025-04-22 22:00:00+00:00,0.0,37.7,627.6
2025-04-22 23:00:00+00:00,0.0,39.1,400.1
2025-04-23 00:00:00+00:00,0.0,33.5,148.3
2025-04-23 01:00:00+00:00,0.0,32.1,45.5
2025-04-23 02:00:00+00:00,0.0,80.0,17.5
2025-04-23 03:00:00+00:00,0.0,228.9,48.2
2025-04-23 04:00:00+00:00,16.8,440.9,266.7
2025-04-23 05:00:00+00:00,273.4,540.2,83.4
2025-04-23 06:00:00+00:00,615.6,399.9,93.2
2025-04-23 07:00:00+00:00,820.7,236.2,93.0
2025-04-23 08:00:00+00:00,943.1,195.3,207.7
2025-04-23 09:00:00+00:00,1282.6,179.7,7.8
2025-04-23 10:00:00+00:00,1863.7,177.6,0.0
2025-04-23 11:00:00+00:00,2229.1,300.4,0.0
2025-04-23 12:00:00+00:00,1823.0,290.5,43.9
2025-04-23 13:00:00+00:00,1581.1,197.9,115.1
2025-04-23 14:00:00+00:00,1158.2,93.8,77.9
2025-04-23 15:00:00+00:00,937.7,84.9,49.7
2025-04-23 16:00:00+00:00,753.8,44.9,71.8
2025-04-23 17:00:00+00:00,341.8,27.8,32.3
2025-04-23 18:00:00+00:00,46.3,20.7,52.1
2025-04-23 19:00:00+00:00,0.0,15.9,53.6
2025-04-23 20:00:00+00:00,0.0,18.9,41.4
2025-04-23 21:00:00+00:00,0.0,43.7,86.4
2025-04-23 22:00:00+00:00,0.0,83.6,206.3
2025-04-23 23:00:00+00:00,0.0,125.3,348.8
2025-04-24 00:00:00+00:00,0.0,127.5,465.3
2025-04-24 01:00:00+00:00,0.0,159.3,791.1
2025-04-24 02:00:00+00:00,0.0,198.5,994.3
2025-04-24 03:00:00+00:00,0.0,241.7,1140.3
2025-04-24 04:00:00+00:00,0.4,280.9,1220.8
2025-04-24 05:00:00+00:00,55.3,296.3,1236.5
2025-04-24 06:00:00+00:00,230.4,324.4,1228.8
2025-04-24 07:00:00+00:00,409.1,346.0,1148.0
2025-04-24 08:00:00+00:00,583.0,405.9,1144.0
2025-04-24 09:00:00+00:00,885.9,528.2,1242.4
2025-04-24 10:00:00+00:00,1146.0,584.4,1125.0
2025-04-24 11:00:00+00:00,1433.3,638.7,1068.6
2025-04-24 12:00:00+00:00,1738.2,677.9,1166.5
2025-04-24 13:00:00+00:00,1735.6,733.2,1159.9
2025-04-24 14:00:00+00:00,1182.4,805.0,1194.2
2025-04-24 15:00:00+00:00,750.8,920.6,1257.2
2025-04-24 16:00:00+00:00,467.4,935.1,1183.7
2025-04-24 17:00:00+00:00,190.9,828.5,1039.4
2025-04-24 18:00:00+00:00,19.8,773.1,914.7
2025-04-24 19:00:00+00:00,0.0,724.7,925.5
2025-04-24 20:00:00+00:00,0.0,637.7,826.5
2025-04-24 21:00:00+00:00,0.0,576.0,546.4
2025-04-24 22:00:00+00:00,0.0,508.6,397.8
2025-04-24 23:00:00+00:00,0.0,472.3,298.9
2025-04-25 00:00:00+00:00,0.0,378.0,255.7
2025-04-25 01:00:00+00:00,0.0,328.2,241.0
2025-04-25 02:00:00+00:00,0.0,280.7,188.1
2025-04-25 03:00:00+00:00,0.0,287.4,239.1
2025-04-25 04:00:00+00:00,7.3,272.6,322.2
2025-04-25 05:00:00+00:00,247.3,245.0,464.2
2025-04-25 06:00:00+00:00,778.4,247.5,572.0
2025-04-25 07:00:00+00:00,1345.1,225.9,581.5
2025-04-25 08:00:00+00:00,2226.4,197.1,328.1
2025-04-25 09:00:00+00:00,3204.0,156.8,311.3
2025-04-25 10:00:00+00:00,3975.6,153.9,292.1
2025-04-25 11:00:00+00:00,4422.2,134.3,317.9
2025-04-25 12:00:00+00:00,4428.7,126.0,246.8
2025-04-25 13:00:00+00:00,4119.9,140.5,288.3
2025-04-25 14:00:00+00:00,3585.3,183.0,317.7
2025-04-25 15:00:00+00:00,2816.4,227.7,314.7
2025-04-25 16:00:00+00:00,1773.0,260.7,288.5
2025-04-25 17:00:00+00:00,836.6,272.4,331.9
2025-04-25 18:00:00+00:00,101.3,265.9,353.4
2025-04-25 19:00:00+00:00,0.0,259.5,414.7
2025-04-25 20:00:00+00:00,0.0,307.4,483.4
2025-04-25 21:00:00+00:00,0.0,366.8,459.6
2025-04-25 22:00:00+00:00,0.0,405.9,316.6
2025-04-25 23:00:00+00:00,0.0,462.0,173.3
2025-04-26 00:00:00+00:00,0.0,556.3,95.9
2025-04-26 01:00:00+00:00,0.0,597.8,86.5
2025-04-26 02:00:00+00:00,0.0,481.7,194.9
2025-04-26 03:00:00+00:00,0.0,394.2,251.2
2025-04-26 04:00:00+00:00,26.0,330.6,134.8
2025-04-26 05:00:00+00:00,530.9,241.0,91.8
2025-04-26 06:00:00+00:00,1311.4,108.9,89.8
2025-04-26 07:00:00+00:00,2487.1,55.5,119.1
2025-04-26 08:00:00+00:00,4181.2,63.3,88.0
2025-04-26 09:00:00+00:00,5770.4,110.1,129.7
2025-04-26 10:00:00+00:00,6677.3,140.5,206.5
2025-04-26 11:00:00+00:00,6632.3,179.0,161.1
2025-04-26 12:00:00+00:00,5972.2,204.1,165.0
2025-04-26 13:00:00+00:00,5427.5,300.3,275.6
2025-04-26 14:00:00+00:00,4732.1,300.1,257.1
2025-04-26 15:00:00+00:00,3549.6,323.6,295.9
2025-04-26 16:00:00+00:00,2187.3,424.7,364.4
2025-04-26 17:00:00+00:00,1003.4,382.1,361.9
2025-04-26 18:00:00+00:00,125.8,357.7,327.7
2025-04-26 19:00:00+00:00,0.0,465.4,315.1
2025-04-26 20:00:00+00:00,0.0,606.3,276.5
2025-04-26 21:00:00+00:00,0.0,660.0,219.0
2025-04-26 22:00:00+00:00,0.0,571.2,168.1
2025-04-26 23:00:00+00:00,0.0,464.3,144.5
2025-04-27 00:00:00+00:00,0.0,362.9,89.9
2025-04-27 01:00:00+00:00,0.0,292.4,76.9
2025-04-27 02:00:00+00:00,0.0,221.7,54.4
2025-04-27 03:00:00+00:00,0.0,171.7,42.6
2025-04-27 04:00:00+00:00,42.5,148.1,32.2
2025-04-27 05:00:00+00:00,743.7,121.2,54.5
2025-04-27 06:00:00+00:00,1935.2,62.8,57.4
2025-04-27 07:00:00+00:00,3396.9,20.8,62.0
2025-04-27 08:00:00+00:00,4840.7,36.4,67.2
2025-04-27 09:00:00+00:00,5962.5,67.5,76.0
2025-04-27 10:00:00+00:00,6781.5,79.0,92.8
2025-04-27 11:00:00+00:00,6982.8,60.1,78.5
2025-04-27 12:00:00+00:00,6658.0,54.4,56.1
2025-04-27 13:00:00+00:00,6001.9,76.2,40.5
2025-04-27 14:00:00+00:00,5088.3,105.5,37.5
2025-04-27 15:00:00+00:00,3769.4,149.4,60.9
2025-04-27 16:00:00+00:00,2268.5,229.5,39.5
2025-04-27 17:00:00+00:00,1061.9,256.6,14.7
2025-04-27 18:00:00+00:00,164.4,287.3,3.6
2025-04-27 19:00:00+00:00,0.0,354.6,0.0
2025-04-27 20:00:00+00:00,0.0,451.8,0.0
2025-04-27 21:00:00+00:00,0.0,447.1,0.0
2025-04-27 22:00:00+00:00,0.0,377.0,0.0
2025-04-27 23:00:00+00:00,0.0,316.8,0.0
2025-04-28 00:00:00+00:00,0.0,252.4,0.0
2025-04-28 01:00:00+00:00,0.0,175.7,0.0
2025-04-28 02:00:00+00:00,0.0,106.8,0.0
2025-04-28 03:00:00+00:00,0.0,61.5,0.0
2025-04-28 04:00:00+00:00,50.9,46.8,0.0
2025-04-28 05:00:00+00:00,794.1,39.2,0.0
2025-04-28 06:00:00+00:00,1999.2,32.2,0.0
2025-04-28 07:00:00+00:00,3519.3,17.4,0.0
2025-04-28 08:00:00+00:00,4949.6,22.7,0.0
2025-04-28 09:00:00+00:00,6064.5,64.6,0.0
2025-04-28 10:00:00+00:00,6851.2,56.6,0.0
2025-04-28 11:00:00+00:00,7108.0,57.1,0.0
2025-04-28 12:00:00+00:00,6977.1,85.0,0.0
2025-04-28 13:00:00+00:00,6322.3,112.2,0.0
2025-04-28 14:00:00+00:00,5314.9,129.6,0.0
2025-04-28 15:00:00+00:00,3873.6,163.1,0.0
2025-04-28 16:00:00+00:00,2339.0,208.2,2.0
2025-04-28 17:00:00+00:00,1096.4,247.2,21.3
2025-04-28 18:00:00+00:00,166.7,313.8,20.7
2025-04-28 19:00:00+00:00,0.0,491.2,52.5
2025-04-28 20:00:00+00:00,0.0,612.2,80.7
2025-04-28 21:00:00+00:00,0.0,624.4,103.4
2025-04-28 22:00:00+00:00,0.0,651.3,121.5
2025-04-28 23:00:00+00:00,0.0,678.3,152.2
2025-04-29 00:00:00+00:00,0.0,660.6,153.2
2025-04-29 01:00:00+00:00,0.0,592.1,103.6
2025-04-29 02:00:00+00:00,0.0,483.2,120.2
2025-04-29 03:00:00+00:00,0.0,419.5,106.1
2025-04-29 04:00:00+00:00,56.4,428.0,109.2
2025-04-29 05:00:00+00:00,819.2,402.5,112.4
2025-04-29 06:00:00+00:00,2034.1,278.0,72.1
2025-04-29 07:00:00+00:00,3527.4,86.4,70.6
2025-04-29 08:00:00+00:00,5002.0,92.6,81.0
2025-04-29 09:00:00+00:00,6106.5,189.3,85.4
2025-04-29 10:00:00+00:00,6902.0,210.1,134.1
2025-04-29 11:00:00+00:00,7185.4,207.8,101.2
2025-04-29 12:00:00+00:00,7030.9,197.0,70.3
2025-04-29 13:00:00+00:00,6355.7,188.2,77.1
2025-04-29 14:00:00+00:00,5354.6,211.0,143.2
2025-04-29 15:00:00+00:00,3909.3,240.2,237.9
2025-04-29 16:00:00+00:00,2364.3,312.8,289.4
2025-04-29 17:00:00+00:00,1106.3,368.6,334.9
2025-04-29 18:00:00+00:00,172.5,383.9,394.3
2025-04-29 19:00:00+00:00,0.1,605.6,410.6
2025-04-29 20:00:00+00:00,0.0,811.5,446.8
2025-04-29 21:00:00+00:00,0.0,850.8,429.0
2025-04-29 22:00:00+00:00,0.0,750.2,337.1
2025-04-29 23:00:00+00:00,0.0,592.2,296.3
2025-04-30 00:00:00+00:00,0.0,555.0,284.3
2025-04-30 01:00:00+00:00,0.0,552.5,255.8
2025-04-30 02:00:00+00:00,0.0,480.0,180.8
2025-04-30 03:00:00+00:00,0.0,362.8,154.1
2025-04-30 04:00:00+00:00,57.5,292.1,84.2
2025-04-30 05:00:00+00:00,779.9,221.4,33.6
2025-04-30 06:00:00+00:00,1965.1,95.2,17.3
2025-04-30 07:00:00+00:00,3449.5,19.6,14.3
2025-04-30 08:00:00+00:00,4801.4,8.9,3.9
2025-04-30 09:00:00+00:00,5862.9,18.1,8.1
2025-04-30 10:00:00+00:00,6695.5,34.3,26.9
2025-04-30 11:00:00+00:00,7002.4,29.4,17.5
2025-04-30 12:00:00+00:00,6858.6,28.8,28.6
2025-04-30 13:00:00+00:00,6187.6,31.7,67.5
2025-04-30 14:00:00+00:00,5210.6,50.6,149.7
2025-04-30 15:00:00+00:00,3783.0,94.3,201.1
2025-04-30 16:00:00+00:00,2312.6,123.5,181.7
2025-04-30 17:00:00+00:00,1105.7,151.4,219.8
2025-04-30 18:00:00+00:00,199.6,242.2,223.9
2025-04-30 19:00:00+00:00,0.1,395.1,222.5
2025-04-30 20:00:00+00:00,0.0,562.4,236.8
2025-04-30 21:00:00+00:00,0.0,626.3,226.4
2025-04-30 22:00:00+00:00,0.0,522.2,192.2
2025-04-30 23:00:00+00:00,0.0,403.4,132.5
2025-05-01 00:00:00+00:00,0.0,286.3,111.7
2025-05-01 01:00:00+00:00,0.0,215.3,69.8
2025-05-01 02:00:00+00:00,0.0,175.2,68.8
2025-05-01 03:00:00+00:00,0.0,167.9,49.1
2025-05-01 04:00:00+00:00,69.6,193.7,21.1
2025-05-01 05:00:00+00:00,854.7,205.0,1.7
2025-05-01 06:00:00+00:00,2046.4,157.5,0.0
2025-05-01 07:00:00+00:00,3484.4,54.5,0.0
2025-05-01 08:00:00+00:00,4912.1,18.6,0.0
2025-05-01 09:00:00+00:00,5983.2,22.8,0.0
2025-05-01 10:00:00+00:00,6759.8,52.0,0.0
2025-05-01 11:00:00+00:00,6955.9,84.7,0.0
2025-05-01 12:00:00+00:00,6626.2,94.3,0.0
2025-05-01 13:00:00+00:00,5953.5,92.3,0.0
2025-05-01 14:00:00+00:00,4888.9,100.8,0.0
2025-05-01 15:00:00+00:00,3407.1,118.2,0.0
2025-05-01 16:00:00+00:00,1917.4,115.7,0.0
2025-05-01 17:00:00+00:00,855.4,90.0,0.0
2025-05-01 18:00:00+00:00,133.2,65.1,0.0
2025-05-01 19:00:00+00:00,0.0,60.1,0.0
2025-05-01 20:00:00+00:00,0.0,55.2,0.0
2025-05-01 21:00:00+00:00,0.0,97.8,0.0
2025-05-01 22:00:00+00:00,0.0,129.6,0.0
2025-05-01 23:00:00+00:00,0.0,112.8,0.0
2025-05-02 00:00:00+00:00,0.0,134.6,15.4
2025-05-02 01:00:00+00:00,0.0,177.0,53.2
2025-05-02 02:00:00+00:00,0.0,198.4,44.5
2025-05-02 03:00:00+00:00,0.0,272.1,103.6
2025-05-02 04:00:00+00:00,73.9,384.1,83.2
2025-05-02 05:00:00+00:00,712.0,397.3,65.9
2025-05-02 06:00:00+00:00,1695.6,305.5,42.4
2025-05-02 07:00:00+00:00,3157.9,115.0,0.0
2025-05-02 08:00:00+00:00,4583.9,63.6,14.8
2025-05-02 09:00:00+00:00,5627.4,162.7,90.9
2025-05-02 10:00:00+00:00,6238.1,387.9,97.7
2025-05-02 11:00:00+00:00,6765.4,397.9,47.2
2025-05-02 12:00:00+00:00,6700.2,323.8,109.7
2025-05-02 13:00:00+00:00,6063.6,242.4,175.0
2025-05-02 14:00:00+00:00,4969.4,218.6,202.3
2025-05-02 15:00:00+00:00,3485.2,248.8,85.7
2025-05-02 16:00:00+00:00,2118.5,257.3,61.1
2025-05-02 17:00:00+00:00,1017.4,276.7,132.8
2025-05-02 18:00:00+00:00,203.5,268.0,208.8
2025-05-02 19:00:00+00:00,0.6,320.7,231.9
2025-05-02 20:00:00+00:00,0.0,299.0,247.7
2025-05-02 21:00:00+00:00,0.0,225.0,249.8
2025-05-02 22:00:00+00:00,0.0,212.5,189.7
2025-05-02 23:00:00+00:00,0.0,238.7,131.5
2025-05-03 00:00:00+00:00,0.0,223.7,203.4
2025-05-03 01:00:00+00:00,0.0,250.8,216.2
2025-05-03 02:00:00+00:00,0.0,255.8,205.5
2025-05-03 03:00:00+00:00,0.0,236.5,138.5
2025-05-03 04:00:00+00:00,65.4,221.9,33.1
2025-05-03 05:00:00+00:00,542.2,170.5,30.0
2025-05-03 06:00:00+00:00,1308.3,71.3,47.2
2025-05-03 07:00:00+00:00,2204.5,22.9,19.2
2025-05-03 08:00:00+00:00,3465.6,19.6,0.0
2025-05-03 09:00:00+00:00,4453.0,25.5,0.0
2025-05-03 10:00:00+00:00,4790.2,46.8,0.0
2025-05-03 11:00:00+00:00,3091.9,83.8,22.1
2025-05-03 12:00:00+00:00,1792.9,230.1,15.5
2025-05-03 13:00:00+00:00,1895.2,398.3,0.0
2025-05-03 14:00:00+00:00,2078.7,349.3,0.0
2025-05-03 15:00:00+00:00,1818.0,450.7,596.3
2025-05-03 16:00:00+00:00,1342.6,663.2,1160.5
2025-05-03 17:00:00+00:00,903.8,952.8,1203.1
2025-05-03 18:00:00+00:00,172.5,898.6,1595.6
2025-05-03 19:00:00+00:00,0.7,1129.8,1342.4
2025-05-03 20:00:00+00:00,0.0,1016.4,1431.8
2025-05-03 21:00:00+00:00,0.0,921.1,1302.5
2025-05-03 22:00:00+00:00,0.0,799.5,960.7
2025-05-03 23:00:00+00:00,0.0,547.6,789.4
2025-05-04 00:00:00+00:00,0.0,389.2,769.5
2025-05-04 01:00:00+00:00,0.0,277.9,779.5
2025-05-04 02:00:00+00:00,0.0,229.7,718.6
2025-05-04 03:00:00+00:00,0.0,226.2,888.6
2025-05-04 04:00:00+00:00,41.2,265.3,922.1
2025-05-04 05:00:00+00:00,450.9,424.5,528.1
2025-05-04 06:00:00+00:00,1178.2,381.1,555.3
2025-05-04 07:00:00+00:00,1918.9,379.4,697.3
2025-05-04 08:00:00+00:00,2278.5,450.1,879.0
2025-05-04 09:00:00+00:00,2955.1,588.8,698.1
2025-05-04 10:00:00+00:00,3647.5,541.7,790.2
2025-05-04 11:00:00+00:00,3807.8,482.5,992.4
2025-05-04 12:00:00+00:00,3412.4,584.8,917.3
2025-05-04 13:00:00+00:00,3087.5,698.1,1057.9
2025-05-04 14:00:00+00:00,2916.4,866.6,1036.9
2025-05-04 15:00:00+00:00,2452.8,1023.0,1124.0
2025-05-04 16:00:00+00:00,1849.5,1097.1,1101.5
2025-05-04 17:00:00+00:00,1098.2,1035.0,1252.5
2025-05-04 18:00:00+00:00,240.4,1065.2,1368.2
2025-05-04 19:00:00+00:00,0.8,918.7,1277.8
2025-05-04 20:00:00+00:00,0.0,766.3,1259.0
2025-05-04 21:00:00+00:00,0.0,714.4,992.6
2025-05-04 22:00:00+00:00,0.0,669.1,891.7
2025-05-04 23:00:00+00:00,0.0,556.2,895.0
2025-05-05 00:00:00+00:00,0.0,528.6,743.4
2025-05-05 01:00:00+00:00,0.0,529.8,804.5
2025-05-05 02:00:00+00:00,0.0,524.6,642.4
2025-05-05 03:00:00+00:00,0.0,434.5,485.1
2025-05-05 04:00:00+00:00,103.8,356.9,198.5
2025-05-05 05:00:00+00:00,909.3,276.3,77.3
2025-05-05 06:00:00+00:00,2084.6,193.4,63.4
2025-05-05 07:00:00+00:00,3325.0,284.1,179.5
2025-05-05 08:00:00+00:00,3676.2,359.0,278.3
2025-05-05 09:00:00+00:00,3656.4,462.5,500.1
2025-05-05 10:00:00+00:00,3984.9,490.0,533.4
2025-05-05 11:00:00+00:00,4179.8,536.3,626.4
2025-05-05 12:00:00+00:00,3822.4,669.5,933.8
2025-05-05 13:00:00+00:00,2969.5,861.9,1832.4
2025-05-05 14:00:00+00:00,2217.7,941.0,2112.3
2025-05-05 15:00:00+00:00,1646.4,836.3,2150.7
2025-05-05 16:00:00+00:00,1142.5,735.6,2165.4
2025-05-05 17:00:00+00:00,665.3,661.0,2166.4
2025-05-05 18:00:00+00:00,185.9,725.1,2163.4
2025-05-05 19:00:00+00:00,1.7,908.2,2145.7
2025-05-05 20:00:00+00:00,0.0,1126.1,2047.9
2025-05-05 21:00:00+00:00,0.0,1272.9,1834.5
2025-05-05 22:00:00+00:00,0.0,1279.0,1548.8
2025-05-05 23:00:00+00:00,0.0,1057.9,1337.7
2025-05-06 00:00:00+00:00,0.0,905.7,1258.9
2025-05-06 01:00:00+00:00,0.0,849.1,1028.2
2025-05-06 02:00:00+00:00,0.0,830.4,1030.0
2025-05-06 03:00:00+00:00,0.0,775.1,974.5
2025-05-06 04:00:00+00:00,111.5,774.6,993.5
2025-05-06 05:00:00+00:00,933.0,613.6,722.6
2025-05-06 06:00:00+00:00,2103.4,583.1,698.8
2025-05-06 07:00:00+00:00,3593.7,597.8,693.8
2025-05-06 08:00:00+00:00,4593.6,603.6,706.0
2025-05-06 09:00:00+00:00,4578.3,682.9,784.9
2025-05-06 10:00:00+00:00,4820.1,668.7,696.7
2025-05-06 11:00:00+00:00,5391.4,669.8,497.2
2025-05-06 12:00:00+00:00,5962.2,644.0,435.1
2025-05-06 13:00:00+00:00,5786.5,641.6,360.4
2025-05-06 14:00:00+00:00,4775.4,582.1,349.5
2025-05-06 15:00:00+00:00,3113.3,750.1,654.9
2025-05-06 16:00:00+00:00,1685.6,1085.7,990.0
2025-05-06 17:00:00+00:00,621.7,1293.5,1190.1
2025-05-06 18:00:00+00:00,119.0,1261.1,976.7
2025-05-06 19:00:00+00:00,0.7,1012.3,821.5
2025-05-06 20:00:00+00:00,0.0,847.1,788.1
2025-05-06 21:00:00+00:00,0.0,705.1,746.2
2025-05-06 22:00:00+00:00,0.0,618.4,676.5
2025-05-06 23:00:00+00:00,0.0,493.9,638.2
2025-05-07 00:00:00+00:00,0.0,394.9,489.2
2025-05-07 01:00:00+00:00,0.0,400.3,366.0
2025-05-07 02:00:00+00:00,0.0,368.5,410.6
2025-05-07 03:00:00+00:00,0.0,343.1,379.0
2025-05-07 04:00:00+00:00,51.5,320.7,498.5
2025-05-07 05:00:00+00:00,389.6,345.8,624.0
2025-05-07 06:00:00+00:00,963.7,331.9,503.9
2025-05-07 07:00:00+00:00,1647.0,298.6,703.4
2025-05-07 08:00:00+00:00,2347.6,270.0,731.2
2025-05-07 09:00:00+00:00,2841.2,302.2,593.6
2025-05-07 10:00:00+00:00,3299.5,302.7,455.4
2025-05-07 11:00:00+00:00,3705.4,299.5,533.8
2025-05-07 12:00:00+00:00,3774.3,289.2,597.0
2025-05-07 13:00:00+00:00,3751.4,289.1,624.9
2025-05-07 14:00:00+00:00,3398.6,318.1,704.2
2025-05-07 15:00:00+00:00,2536.5,357.7,810.9
2025-05-07 16:00:00+00:00,1694.2,440.4,917.1
2025-05-07 17:00:00+00:00,880.7,460.1,971.9
2025-05-07 18:00:00+00:00,172.6,462.6,812.4
2025-05-07 19:00:00+00:00,0.9,487.5,894.8
2025-05-07 20:00:00+00:00,0.0,557.1,1064.9
2025-05-07 21:00:00+00:00,0.0,645.1,1173.9
2025-05-07 22:00:00+00:00,0.0,618.0,1156.0
2025-05-07 23:00:00+00:00,0.0,582.2,1124.9
2025-05-08 00:00:00+00:00,0.0,545.7,919.8
2025-05-08 01:00:00+00:00,0.0,516.0,1128.4
2025-05-08 02:00:00+00:00,0.0,477.6,961.1
2025-05-08 03:00:00+00:00,0.0,457.9,826.5
2025-05-08 04:00:00+00:00,122.8,404.0,834.7
2025-05-08 05:00:00+00:00,879.6,324.1,786.1
2025-05-08 06:00:00+00:00,1893.4,151.7,794.5
2025-05-08 07:00:00+00:00,3203.0,134.9,767.6
2025-05-08 08:00:00+00:00,4893.2,319.5,724.0
2025-05-08 09:00:00+00:00,6091.3,561.1,640.4
2025-05-08 10:00:00+00:00,5938.6,806.1,814.0
2025-05-08 11:00:00+00:00,5513.1,902.9,764.5
2025-05-08 12:00:00+00:00,5492.3,879.0,686.7
2025-05-08 13:00:00+00:00,5239.1,772.1,813.9
2025-05-08 14:00:00+00:00,4547.7,814.1,784.6
2025-05-08 15:00:00+00:00,3246.5,886.4,784.6
2025-05-08 16:00:00+00:00,2015.7,891.1,857.9
2025-05-08 17:00:00+00:00,1034.3,781.3,850.8
2025-05-08 18:00:00+00:00,238.4,591.3,700.9
2025-05-08 19:00:00+00:00,3.1,585.6,503.7
2025-05-08 20:00:00+00:00,0.0,724.5,457.2
2025-05-08 21:00:00+00:00,0.0,789.9,448.0
2025-05-08 22:00:00+00:00,0.0,755.7,374.6
2025-05-08 23:00:00+00:00,0.0,733.6,329.4
2025-05-09 00:00:00+00:00,0.0,641.7,298.6
2025-05-09 01:00:00+00:00,0.0,634.6,458.2
2025-05-09 02:00:00+00:00,0.0,777.7,502.0
2025-05-09 03:00:00+00:00,0.0,902.9,473.6
2025-05-09 04:00:00+00:00,152.1,894.8,366.1
2025-05-09 05:00:00+00:00,1026.1,701.0,270.7
2025-05-09 06:00:00+00:00,2274.5,393.7,274.4
2025-05-09 07:00:00+00:00,3797.3,420.5,380.3
2025-05-09 08:00:00+00:00,5259.8,676.7,491.5
2025-05-09 09:00:00+00:00,6342.5,800.9,472.2
2025-05-09 10:00:00+00:00,7099.0,720.8,354.1
2025-05-09 11:00:00+00:00,7318.8,596.6,404.0
2025-05-09 12:00:00+00:00,7204.0,585.5,686.1
2025-05-09 13:00:00+00:00,6550.2,524.0,704.3
2025-05-09 14:00:00+00:00,5564.1,697.3,1060.5
2025-05-09 15:00:00+00:00,4119.8,732.3,1086.0
2025-05-09 16:00:00+00:00,2579.3,724.8,1054.8
2025-05-09 17:00:00+00:00,1333.2,681.2,1114.8
2025-05-09 18:00:00+00:00,340.4,477.3,966.2
2025-05-09 19:00:00+00:00,6.0,480.2,736.0
2025-05-09 20:00:00+00:00,0.0,596.1,551.2
2025-05-09 21:00:00+00:00,0.0,694.7,618.6
2025-05-09 22:00:00+00:00,0.0,736.6,780.9
2025-05-09 23:00:00+00:00,0.0,743.2,639.9
2025-05-10 00:00:00+00:00,0.0,687.2,517.2
2025-05-10 01:00:00+00:00,0.0,645.0,482.1
2025-05-10 02:00:00+00:00,0.0,588.5,360.2
2025-05-10 03:00:00+00:00,0.0,506.2,310.6
2025-05-10 04:00:00+00:00,164.2,441.8,249.3
2025-05-10 05:00:00+00:00,1055.6,392.7,132.6
2025-05-10 06:00:00+00:00,2264.6,201.5,68.8
2025-05-10 07:00:00+00:00,3765.6,66.1,51.9
2025-05-10 08:00:00+00:00,5182.8,123.8,63.4
2025-05-10 09:00:00+00:00,6280.8,299.8,66.7
2025-05-10 10:00:00+00:00,7076.5,343.1,84.0
2025-05-10 11:00:00+00:00,7329.5,340.6,171.8
2025-05-10 12:00:00+00:00,7201.0,349.5,223.5
2025-05-10 13:00:00+00:00,6554.4,466.3,241.6
2025-05-10 14:00:00+00:00,5538.5,544.0,334.0
2025-05-10 15:00:00+00:00,4097.4,563.7,396.4
2025-05-10 16:00:00+00:00,2582.2,568.7,400.2
2025-05-10 17:00:00+00:00,1310.6,516.9,323.7
2025-05-10 18:00:00+00:00,333.4,413.0,228.2
2025-05-10 19:00:00+00:00,8.2,543.9,176.1
2025-05-10 20:00:00+00:00,0.0,717.6,143.9
2025-05-10 21:00:00+00:00,0.0,835.5,218.1
2025-05-10 22:00:00+00:00,0.0,931.8,226.7
2025-05-10 23:00:00+00:00,0.0,797.1,474.1
2025-05-11 00:00:00+00:00,0.0,653.4,679.0
2025-05-11 01:00:00+00:00,0.0,625.1,471.1
2025-05-11 02:00:00+00:00,0.0,672.9,322.9
2025-05-11 03:00:00+00:00,0.0,761.7,253.1
2025-05-11 04:00:00+00:00,177.8,759.9,310.8
2025-05-11 05:00:00+00:00,1056.5,688.2,310.5
2025-05-11 06:00:00+00:00,2250.6,376.7,301.0
2025-05-11 07:00:00+00:00,3710.2,241.3,356.9
2025-05-11 08:00:00+00:00,5122.7,260.7,331.4
2025-05-11 09:00:00+00:00,6155.8,257.2,268.9
2025-05-11 10:00:00+00:00,6909.0,262.1,285.7
2025-05-11 11:00:00+00:00,7089.8,270.6,301.6
2025-05-11 12:00:00+00:00,6643.5,261.8,263.5
2025-05-11 13:00:00+00:00,5758.5,277.3,269.8
2025-05-11 14:00:00+00:00,4903.8,277.1,343.7
2025-05-11 15:00:00+00:00,3674.1,262.7,568.8
2025-05-11 16:00:00+00:00,2333.8,351.9,701.4
2025-05-11 17:00:00+00:00,1198.7,413.3,665.8
2025-05-11 18:00:00+00:00,289.5,401.5,574.3
2025-05-11 19:00:00+00:00,4.4,550.1,532.0
2025-05-11 20:00:00+00:00,0.0,837.8,742.9
2025-05-11 21:00:00+00:00,0.0,931.6,1021.4
2025-05-11 22:00:00+00:00,0.0,948.7,1006.7
2025-05-11 23:00:00+00:00,0.0,929.2,858.3
2025-05-12 00:00:00+00:00,0.0,852.6,599.2
2025-05-12 01:00:00+00:00,0.0,777.7,284.8
2025-05-12 02:00:00+00:00,0.0,638.9,68.2
2025-05-12 03:00:00+00:00,0.0,545.0,60.9
2025-05-12 04:00:00+00:00,174.6,468.0,231.4
2025-05-12 05:00:00+00:00,1036.9,382.3,248.0
2025-05-12 06:00:00+00:00,2211.4,193.0,244.1
2025-05-12 07:00:00+00:00,3694.9,105.9,194.7
2025-05-12 08:00:00+00:00,5087.4,102.5,71.6
2025-05-12 09:00:00+00:00,6127.2,151.5,104.4
2025-05-12 10:00:00+00:00,6803.5,253.1,128.2
2025-05-12 11:00:00+00:00,6676.9,317.7,241.8
2025-05-12 12:00:00+00:00,6030.1,287.1,384.1
2025-05-12 13:00:00+00:00,5337.0,243.7,375.1
2025-05-12 14:00:00+00:00,4423.1,225.8,182.1
2025-05-12 15:00:00+00:00,3201.5,298.6,193.5
2025-05-12 16:00:00+00:00,1921.2,418.9,198.1
2025-05-12 17:00:00+00:00,955.4,508.7,143.8
2025-05-12 18:00:00+00:00,251.6,425.1,71.7
2025-05-12 19:00:00+00:00,15.1,437.8,4.3
2025-05-12 20:00:00+00:00,0.0,353.3,21.8
2025-05-12 21:00:00+00:00,0.0,250.5,320.4
2025-05-12 22:00:00+00:00,0.0,190.4,568.5
2025-05-12 23:00:00+00:00,0.0,149.9,204.9
2025-05-13 00:00:00+00:00,0.0,172.3,3.1
2025-05-13 01:00:00+00:00,0.0,185.6,64.8
2025-05-13 02:00:00+00:00,0.0,193.4,160.5
2025-05-13 03:00:00+00:00,0.0,179.4,180.9
2025-05-13 04:00:00+00:00,180.6,196.6,272.3
2025-05-13 05:00:00+00:00,1013.8,177.5,232.1
2025-05-13 06:00:00+00:00,2182.1,108.1,125.1
2025-05-13 07:00:00+00:00,3637.0,66.0,185.9
2025-05-13 08:00:00+00:00,5063.0,83.7,251.6
2025-05-13 09:00:00+00:00,6125.0,94.5,328.3
2025-05-13 10:00:00+00:00,6822.9,88.1,366.9
2025-05-13 11:00:00+00:00,6956.2,79.5,470.0
2025-05-13 12:00:00+00:00,6646.4,91.2,509.5
2025-05-13 13:00:00+00:00,5876.2,113.4,543.0
2025-05-13 14:00:00+00:00,5027.1,158.6,721.7
2025-05-13 15:00:00+00:00,3930.8,244.4,850.8
2025-05-13 16:00:00+00:00,2518.4,252.6,697.2
2025-05-13 17:00:00+00:00,1334.0,272.6,752.7
2025-05-13 18:00:00+00:00,374.7,322.8,935.7
2025-05-13 19:00:00+00:00,11.8,503.8,980.3
2025-05-13 20:00:00+00:00,0.0,682.3,725.2
2025-05-13 21:00:00+00:00,0.0,705.9,652.7
2025-05-13 22:00:00+00:00,0.0,633.3,711.3
2025-05-13 23:00:00+00:00,0.0,467.0,369.8
2025-05-14 00:00:00+00:00,0.0,383.8,246.0
2025-05-14 01:00:00+00:00,0.0,363.5,155.6
2025-05-14 02:00:00+00:00,0.0,334.4,91.9
2025-05-14 03:00:00+00:00,0.0,309.4,101.9
2025-05-14 04:00:00+00:00,189.9,282.8,88.2
2025-05-14 05:00:00+00:00,1063.7,192.1,99.2
2025-05-14 06:00:00+00:00,2250.3,71.2,157.7
2025-05-14 07:00:00+00:00,3732.3,37.3,191.2
2025-05-14 08:00:00+00:00,5085.6,56.4,236.3
2025-05-14 09:00:00+00:00,6068.7,117.7,353.8
2025-05-14 10:00:00+00:00,6717.7,166.2,530.9
2025-05-14 11:00:00+00:00,6704.9,217.8,676.0
2025-05-14 12:00:00+00:00,6342.4,280.9,703.0
2025-05-14 13:00:00+00:00,5725.7,325.7,644.4
2025-05-14 14:00:00+00:00,4908.8,395.4,593.3
2025-05-14 15:00:00+00:00,3764.5,569.7,664.8
2025-05-14 16:00:00+00:00,2490.3,846.7,1055.1
2025-05-14 17:00:00+00:00,1346.4,961.5,857.6
2025-05-14 18:00:00+00:00,420.2,872.7,1100.2
2025-05-14 19:00:00+00:00,16.9,927.4,1009.2
2025-05-14 20:00:00+00:00,0.0,785.9,1129.1
2025-05-14 21:00:00+00:00,0.0,717.1,1245.4
2025-05-14 22:00:00+00:00,0.0,609.1,1157.2
2025-05-14 23:00:00+00:00,0.0,533.5,1050.3
2025-05-15 00:00:00+00:00,0.0,488.7,1019.3
2025-05-15 01:00:00+00:00,0.0,467.0,952.4
2025-05-15 02:00:00+00:00,0.0,397.3,1048.2
2025-05-15 03:00:00+00:00,0.0,372.5,1057.5
2025-05-15 04:00:00+00:00,81.9,360.2,997.5
2025-05-15 05:00:00+00:00,347.6,396.8,1036.7
2025-05-15 06:00:00+00:00,578.7,487.0,985.9
2025-05-15 07:00:00+00:00,843.3,449.4,872.1
2025-05-15 08:00:00+00:00,1327.9,366.9,759.8
2025-05-15 09:00:00+00:00,2129.1,305.5,664.9
2025-05-15 10:00:00+00:00,3187.8,279.9,745.4
2025-05-15 11:00:00+00:00,3921.8,294.8,858.9
2025-05-15 12:00:00+00:00,4209.4,331.4,943.4
2025-05-15 13:00:00+00:00,4134.0,413.2,987.7
2025-05-15 14:00:00+00:00,3677.9,598.9,1166.3
2025-05-15 15:00:00+00:00,3091.4,654.9,813.4
2025-05-15 16:00:00+00:00,2399.7,831.4,1111.1
2025-05-15 17:00:00+00:00,1385.2,916.0,1398.7
2025-05-15 18:00:00+00:00,420.6,894.4,1626.1
2025-05-15 19:00:00+00:00,18.4,928.7,1617.2
2025-05-15 20:00:00+00:00,0.0,1014.6,1748.0
2025-05-15 21:00:00+00:00,0.0,1014.4,1693.8
2025-05-15 22:00:00+00:00,0.0,915.5,1585.8
2025-05-15 23:00:00+00:00,0.0,757.5,1267.5
2025-05-16 00:00:00+00:00,0.0,640.4,808.7
2025-05-16 01:00:00+00:00,0.0,590.8,687.7
2025-05-16 02:00:00+00:00,0.0,517.9,579.1
2025-05-16 03:00:00+00:00,0.0,435.0,472.8
2025-05-16 04:00:00+00:00,234.8,361.2,327.7
2025-05-16 05:00:00+00:00,1153.9,245.6,290.8
2025-05-16 06:00:00+00:00,2355.8,189.0,327.2
2025-05-16 07:00:00+00:00,3819.9,205.4,491.4
2025-05-16 08:00:00+00:00,5088.4,238.7,615.0
2025-05-16 09:00:00+00:00,5907.4,364.3,588.5
2025-05-16 10:00:00+00:00,6604.3,416.2,580.7
2025-05-16 11:00:00+00:00,6801.8,371.9,645.8
2025-05-16 12:00:00+00:00,6716.1,406.6,702.2
2025-05-16 13:00:00+00:00,6146.1,504.5,852.1
2025-05-16 14:00:00+00:00,5263.7,594.5,898.5
2025-05-16 15:00:00+00:00,3848.9,802.1,999.8
2025-05-16 16:00:00+00:00,2260.7,973.6,1159.8
2025-05-16 17:00:00+00:00,1006.6,1075.2,1239.1
2025-05-16 18:00:00+00:00,205.9,1098.0,1351.5
2025-05-16 19:00:00+00:00,3.8,1005.7,1206.7
2025-05-16 20:00:00+00:00,0.0,728.0,1058.0
2025-05-16 21:00:00+00:00,0.0,481.3,1103.3
2025-05-16 22:00:00+00:00,0.0,316.2,832.2
2025-05-16 23:00:00+00:00,0.0,201.6,766.6
2025-05-17 00:00:00+00:00,0.0,154.4,672.2
2025-05-17 01:00:00+00:00,0.0,180.1,591.1
2025-05-17 02:00:00+00:00,0.0,209.7,451.8
2025-05-17 03:00:00+00:00,0.0,221.6,453.6
2025-05-17 04:00:00+00:00,163.5,229.9,475.5
2025-05-17 05:00:00+00:00,856.4,221.0,456.2
2025-05-17 06:00:00+00:00,1743.8,254.0,541.3
2025-05-17 07:00:00+00:00,2901.9,213.3,532.6
2025-05-17 08:00:00+00:00,3892.5,223.2,493.2
2025-05-17 09:00:00+00:00,4517.4,264.4,381.6
2025-05-17 10:00:00+00:00,4864.6,334.0,439.6
2025-05-17 11:00:00+00:00,4850.1,398.0,401.5
2025-05-17 12:00:00+00:00,4759.4,452.7,350.2
2025-05-17 13:00:00+00:00,4550.2,482.2,293.3
2025-05-17 14:00:00+00:00,4212.7,528.9,328.8
2025-05-17 15:00:00+00:00,3529.9,609.9,236.7
2025-05-17 16:00:00+00:00,2495.7,653.3,175.0
2025-05-17 17:00:00+00:00,1424.1,617.4,210.3
2025-05-17 18:00:00+00:00,450.4,587.5,344.1
2025-05-17 19:00:00+00:00,23.5,530.9,486.1
2025-05-17 20:00:00+00:00,0.0,492.8,594.7
2025-05-17 21:00:00+00:00,0.0,397.0,711.8
2025-05-17 22:00:00+00:00,0.0,369.0,683.7
2025-05-17 23:00:00+00:00,0.0,308.2,488.8
2025-05-18 00:00:00+00:00,0.0,281.9,414.6
2025-05-18 01:00:00+00:00,0.0,250.9,353.6
2025-05-18 02:00:00+00:00,0.0,248.1,378.8
2025-05-18 03:00:00+00:00,0.0,241.4,337.4
2025-05-18 04:00:00+00:00,8.5,239.9,406.9
2025-05-18 05:00:00+00:00,120.4,199.0,309.5
2025-05-18 06:00:00+00:00,321.5,170.6,157.5
2025-05-18 07:00:00+00:00,660.2,124.5,78.8
2025-05-18 08:00:00+00:00,1102.2,81.7,159.7
2025-05-18 09:00:00+00:00,1554.1,68.6,261.5
2025-05-18 10:00:00+00:00,1911.7,73.4,164.3
2025-05-18 11:00:00+00:00,2110.1,75.7,89.4
2025-05-18 12:00:00+00:00,2373.9,59.9,109.4
2025-05-18 13:00:00+00:00,2617.9,47.4,168.1
2025-05-18 14:00:00+00:00,2793.8,50.0,256.5
2025-05-18 15:00:00+00:00,2558.7,72.1,185.1
2025-05-18 16:00:00+00:00,1901.2,107.8,177.2
2025-05-18 17:00:00+00:00,1137.0,142.0,191.4
2025-05-18 18:00:00+00:00,350.4,177.6,213.6
2025-05-18 19:00:00+00:00,19.0,203.3,128.1
2025-05-18 20:00:00+00:00,0.0,199.3,138.0
2025-05-18 21:00:00+00:00,0.0,206.9,193.8
2025-05-18 22:00:00+00:00,0.0,208.9,241.6
2025-05-18 23:00:00+00:00,0.0,235.1,162.4
2025-05-19 00:00:00+00:00,0.0,255.8,217.6
2025-05-19 01:00:00+00:00,0.0,282.3,278.9
2025-05-19 02:00:00+00:00,0.0,329.0,352.9
2025-05-19 03:00:00+00:00,0.0,369.6,358.0
2025-05-19 04:00:00+00:00,211.8,358.6,348.4
2025-05-19 05:00:00+00:00,1007.9,257.6,335.5
2025-05-19 06:00:00+00:00,2177.6,102.4,243.0
2025-05-19 07:00:00+00:00,3705.2,60.2,206.7
2025-05-19 08:00:00+00:00,5124.3,87.1,135.5
2025-05-19 09:00:00+00:00,5791.4,168.6,104.3
2025-05-19 10:00:00+00:00,5675.1,260.4,220.7
2025-05-19 11:00:00+00:00,5750.9,335.5,266.5
2025-05-19 12:00:00+00:00,5839.5,269.9,281.1
2025-05-19 13:00:00+00:00,5755.2,288.1,354.4
2025-05-19 14:00:00+00:00,5139.4,332.6,524.7
2025-05-19 15:00:00+00:00,3856.4,437.2,577.6
2025-05-19 16:00:00+00:00,2519.3,471.2,575.9
2025-05-19 17:00:00+00:00,1358.4,515.4,579.0
2025-05-19 18:00:00+00:00,460.3,468.3,600.5
2025-05-19 19:00:00+00:00,38.3,496.3,598.6
2025-05-19 20:00:00+00:00,0.0,680.1,597.1
2025-05-19 21:00:00+00:00,0.0,818.6,585.5
2025-05-19 22:00:00+00:00,0.0,813.7,481.8
2025-05-19 23:00:00+00:00,0.0,724.9,354.6
2025-05-20 00:00:00+00:00,0.0,643.3,313.4
2025-05-20 01:00:00+00:00,0.0,629.5,279.8
2025-05-20 02:00:00+00:00,0.0,593.7,273.2
2025-05-20 03:00:00+00:00,0.0,524.0,269.9
2025-05-20 04:00:00+00:00,243.5,400.9,211.7
2025-05-20 05:00:00+00:00,1091.8,227.8,176.5
2025-05-20 06:00:00+00:00,2202.2,72.8,140.0
2025-05-20 07:00:00+00:00,3631.2,47.5,147.2
2025-05-20 08:00:00+00:00,5007.5,81.9,154.0
2025-05-20 09:00:00+00:00,5931.3,134.5,199.4
2025-05-20 10:00:00+00:00,5591.3,190.3,253.9
2025-05-20 11:00:00+00:00,5650.8,231.0,336.9
2025-05-20 12:00:00+00:00,5773.8,286.6,362.9
2025-05-20 13:00:00+00:00,5522.8,365.2,321.4
2025-05-20 14:00:00+00:00,4808.7,512.1,326.1
2025-05-20 15:00:00+00:00,3701.8,607.0,320.6
2025-05-20 16:00:00+00:00,2466.4,714.0,296.1
2025-05-20 17:00:00+00:00,1352.1,733.1,245.9
2025-05-20 18:00:00+00:00,420.4,591.4,150.0
2025-05-20 19:00:00+00:00,20.7,449.3,88.3
2025-05-20 20:00:00+00:00,0.0,332.2,53.3
2025-05-20 21:00:00+00:00,0.0,285.1,4.9
2025-05-20 22:00:00+00:00,0.0,180.9,0.0
2025-05-20 23:00:00+00:00,0.0,116.6,0.0
2025-05-21 00:00:00+00:00,0.0,63.1,0.0
2025-05-21 01:00:00+00:00,0.0,36.8,0.0
2025-05-21 02:00:00+00:00,0.0,37.0,2.0
2025-05-21 03:00:00+00:00,0.2,38.6,10.2
2025-05-21 04:00:00+00:00,247.1,46.9,8.3
2025-05-21 05:00:00+00:00,940.2,35.4,1.4
2025-05-21 06:00:00+00:00,1813.2,14.9,1.2
2025-05-21 07:00:00+00:00,2611.8,10.6,0.6
2025-05-21 08:00:00+00:00,3002.4,20.7,17.5
2025-05-21 09:00:00+00:00,3458.1,36.2,87.9
2025-05-21 10:00:00+00:00,4572.2,59.4,145.5
2025-05-21 11:00:00+00:00,5266.5,84.9,283.7
2025-05-21 12:00:00+00:00,5268.3,113.3,246.3
2025-05-21 13:00:00+00:00,4319.0,224.9,462.5
2025-05-21 14:00:00+00:00,3254.9,367.4,738.2
2025-05-21 15:00:00+00:00,2372.2,506.1,870.6
2025-05-21 16:00:00+00:00,1700.5,682.1,777.9
2025-05-21 17:00:00+00:00,1047.4,749.5,811.4
2025-05-21 18:00:00+00:00,423.4,666.8,841.1
2025-05-21 19:00:00+00:00,55.1,583.8,753.3
2025-05-21 20:00:00+00:00,0.0,552.3,729.1
2025-05-21 21:00:00+00:00,0.0,478.2,682.2
2025-05-21 22:00:00+00:00,0.0,412.0,657.4
2025-05-21 23:00:00+00:00,0.0,378.4,566.8
2025-05-22 00:00:00+00:00,0.0,348.4,596.0
2025-05-22 01:00:00+00:00,0.0,340.1,460.2
2025-05-22 02:00:00+00:00,0.0,336.1,318.5
2025-05-22 03:00:00+00:00,0.1,306.0,340.4
2025-05-22 04:00:00+00:00,160.3,278.3,403.8
2025-05-22 05:00:00+00:00,756.4,256.4,344.9
2025-05-22 06:00:00+00:00,1530.1,338.3,430.7
2025-05-22 07:00:00+00:00,1698.8,485.3,363.6
2025-05-22 08:00:00+00:00,1615.3,468.3,462.9
2025-05-22 09:00:00+00:00,1803.2,438.6,264.6
2025-05-22 10:00:00+00:00,2563.6,461.8,300.8
2025-05-22 11:00:00+00:00,3341.2,533.0,333.1
2025-05-22 12:00:00+00:00,4088.9,655.1,290.0
2025-05-22 13:00:00+00:00,4283.8,682.5,288.6
2025-05-22 14:00:00+00:00,4189.1,729.7,279.7
2025-05-22 15:00:00+00:00,3445.9,777.3,265.7
2025-05-22 16:00:00+00:00,2313.1,848.5,328.8
2025-05-22 17:00:00+00:00,1317.9,774.3,340.3
2025-05-22 18:00:00+00:00,464.0,622.7,363.5
2025-05-22 19:00:00+00:00,37.9,507.6,304.5
2025-05-22 20:00:00+00:00,0.0,441.1,399.4
2025-05-22 21:00:00+00:00,0.0,399.2,400.8
2025-05-22 22:00:00+00:00,0.0,375.4,445.4
2025-05-22 23:00:00+00:00,0.0,370.6,473.5
2025-05-23 00:00:00+00:00,0.0,398.2,528.2
2025-05-23 01:00:00+00:00,0.0,453.9,562.1
2025-05-23 02:00:00+00:00,0.0,468.2,738.9
2025-05-23 03:00:00+00:00,1.1,468.8,865.9
2025-05-23 04:00:00+00:00,252.4,453.9,845.1
2025-05-23 05:00:00+00:00,990.2,363.1,931.3
2025-05-23 06:00:00+00:00,1882.0,264.6,771.6
2025-05-23 07:00:00+00:00,2587.5,377.2,654.9
2025-05-23 08:00:00+00:00,3317.2,437.2,434.0
2025-05-23 09:00:00+00:00,3957.4,475.4,347.0
2025-05-23 10:00:00+00:00,4578.7,546.1,280.3
2025-05-23 11:00:00+00:00,4815.8,579.4,225.7
2025-05-23 12:00:00+00:00,4674.4,694.2,138.8
2025-05-23 13:00:00+00:00,4515.6,784.2,88.2
2025-05-23 14:00:00+00:00,4376.3,772.9,47.9
2025-05-23 15:00:00+00:00,3595.0,659.1,43.6
2025-05-23 16:00:00+00:00,2421.4,600.2,30.6
2025-05-23 17:00:00+00:00,1411.7,391.6,7.0
2025-05-23 18:00:00+00:00,464.0,180.3,135.4
2025-05-23 19:00:00+00:00,26.5,66.6,1104.5
2025-05-23 20:00:00+00:00,0.0,51.5,1587.5
2025-05-23 21:00:00+00:00,0.0,66.7,1444.5
2025-05-23 22:00:00+00:00,0.0,130.5,1333.9
2025-05-23 23:00:00+00:00,0.0,367.8,1321.9
2025-05-24 00:00:00+00:00,0.0,697.6,1429.0
2025-05-24 01:00:00+00:00,0.0,1007.0,1551.0
2025-05-24 02:00:00+00:00,0.0,1123.5,1709.4
2025-05-24 03:00:00+00:00,2.2,1129.9,1840.7
2025-05-24 04:00:00+00:00,168.9,1178.8,1753.4
2025-05-24 05:00:00+00:00,651.8,1130.3,1560.5
2025-05-24 06:00:00+00:00,1223.5,953.9,1494.9
2025-05-24 07:00:00+00:00,1896.1,923.3,1320.1
2025-05-24 08:00:00+00:00,2383.9,975.8,1413.0
2025-05-24 09:00:00+00:00,2221.9,1054.4,1754.6
2025-05-24 10:00:00+00:00,1666.0,1269.3,2014.7
2025-05-24 11:00:00+00:00,1280.6,1368.8,1939.8
2025-05-24 12:00:00+00:00,1024.2,1464.1,1875.2
2025-05-24 13:00:00+00:00,735.3,1453.5,1849.3
2025-05-24 14:00:00+00:00,565.5,1357.9,1987.9
2025-05-24 15:00:00+00:00,419.7,1221.2,1996.5
2025-05-24 16:00:00+00:00,314.3,1142.3,1959.8
2025-05-24 17:00:00+00:00,212.6,1060.1,1999.5
2025-05-24 18:00:00+00:00,70.6,1036.1,1985.1
2025-05-24 19:00:00+00:00,3.6,1121.7,2104.1
2025-05-24 20:00:00+00:00,0.0,1128.6,2111.0
2025-05-24 21:00:00+00:00,0.0,1143.6,2137.4
2025-05-24 22:00:00+00:00,0.0,1191.7,2133.9
2025-05-24 23:00:00+00:00,0.0,1153.2,2153.6
2025-05-25 00:00:00+00:00,0.0,1078.7,2137.5
2025-05-25 01:00:00+00:00,0.0,977.2,2150.2
2025-05-25 02:00:00+00:00,0.0,1054.8,2159.5
2025-05-25 03:00:00+00:00,0.0,1129.1,2159.9
2025-05-25 04:00:00+00:00,40.8,1099.9,2162.9
2025-05-25 05:00:00+00:00,235.9,1222.6,2150.6
2025-05-25 06:00:00+00:00,505.1,1259.2,2160.0
2025-05-25 07:00:00+00:00,976.3,1450.8,2151.1
2025-05-25 08:00:00+00:00,2045.8,1371.8,1961.0
2025-05-25 09:00:00+00:00,3385.6,1377.4,1940.1
2025-05-25 10:00:00+00:00,4284.4,1448.2,1910.9
2025-05-25 11:00:00+00:00,4195.7,1592.6,1922.3
2025-05-25 12:00:00+00:00,3726.0,1477.1,2037.2
2025-05-25 13:00:00+00:00,3309.6,1372.3,1767.7
2025-05-25 14:00:00+00:00,3217.2,1378.6,647.7
2025-05-25 15:00:00+00:00,3048.6,1330.8,232.1
2025-05-25 16:00:00+00:00,1694.2,1283.6,519.8
2025-05-25 17:00:00+00:00,740.9,1207.0,769.0
2025-05-25 18:00:00+00:00,333.0,1037.4,983.9
2025-05-25 19:00:00+00:00,44.9,915.7,1078.3
2025-05-25 20:00:00+00:00,0.0,763.0,1360.8
2025-05-25 21:00:00+00:00,0.0,746.4,1679.8
2025-05-25 22:00:00+00:00,0.0,800.7,1908.5
2025-05-25 23:00:00+00:00,0.0,756.5,1871.1
2025-05-26 00:00:00+00:00,0.0,803.2,1745.4
2025-05-26 01:00:00+00:00,0.0,776.3,1492.0
2025-05-26 02:00:00+00:00,0.0,754.8,1277.6
2025-05-26 03:00:00+00:00,1.9,711.9,1158.6
2025-05-26 04:00:00+00:00,258.9,701.1,1093.3
2025-05-26 05:00:00+00:00,1103.9,614.1,918.9
2025-05-26 06:00:00+00:00,2104.8,598.5,766.6
2025-05-26 07:00:00+00:00,3078.3,681.1,583.7
2025-05-26 08:00:00+00:00,3584.3,714.0,503.4
2025-05-26 09:00:00+00:00,3526.1,741.6,708.2
2025-05-26 10:00:00+00:00,3642.4,791.0,971.5
2025-05-26 11:00:00+00:00,3550.2,907.3,1574.9
2025-05-26 12:00:00+00:00,3431.1,961.0,1894.1
2025-05-26 13:00:00+00:00,3436.9,952.0,2030.9
2025-05-26 14:00:00+00:00,3126.2,956.4,1956.5
2025-05-26 15:00:00+00:00,2591.3,1067.1,2031.7
2025-05-26 16:00:00+00:00,1756.4,1167.6,2173.9
2025-05-26 17:00:00+00:00,945.3,1152.3,2162.3
2025-05-26 18:00:00+00:00,286.7,1032.8,2165.0
2025-05-26 19:00:00+00:00,19.7,885.1,2154.2
2025-05-26 20:00:00+00:00,0.0,767.9,2164.4
2025-05-26 21:00:00+00:00,0.0,784.9,2163.5
2025-05-26 22:00:00+00:00,0.0,836.4,2155.4
2025-05-26 23:00:00+00:00,0.0,962.3,2156.7
2025-05-27 00:00:00+00:00,0.0,1045.2,2160.3
2025-05-27 01:00:00+00:00,0.0,1083.3,2160.4
2025-05-27 02:00:00+00:00,0.0,1167.8,2157.9
2025-05-27 03:00:00+00:00,0.2,1325.9,2162.0
2025-05-27 04:00:00+00:00,99.5,1437.8,2168.3
2025-05-27 05:00:00+00:00,430.7,1521.3,2164.2
2025-05-27 06:00:00+00:00,797.0,1519.3,2167.9
2025-05-27 07:00:00+00:00,1191.8,1501.9,2112.9
2025-05-27 08:00:00+00:00,1638.3,1457.5,1756.4
2025-05-27 09:00:00+00:00,2086.8,1428.0,1809.1
2025-05-27 10:00:00+00:00,2788.4,1276.4,1630.2
2025-05-27 11:00:00+00:00,3004.7,1227.9,1571.8
2025-05-27 12:00:00+00:00,2014.8,1516.8,2112.6
2025-05-27 13:00:00+00:00,1167.3,1467.7,1760.6
2025-05-27 14:00:00+00:00,837.7,1632.7,2050.7
2025-05-27 15:00:00+00:00,684.4,1865.0,2162.7
2025-05-27 16:00:00+00:00,423.9,2122.9,2161.2
2025-05-27 17:00:00+00:00,215.7,2143.0,2157.9
2025-05-27 18:00:00+00:00,49.3,2295.2,2156.4
2025-05-27 19:00:00+00:00,1.1,2293.1,2158.2
2025-05-27 20:00:00+00:00,0.0,2177.6,2158.7
2025-05-27 21:00:00+00:00,0.0,2150.1,2157.3
2025-05-27 22:00:00+00:00,0.0,2164.4,2158.1
2025-05-27 23:00:00+00:00,0.0,2138.5,2158.8
2025-05-28 00:00:00+00:00,0.0,2005.2,2156.4
2025-05-28 01:00:00+00:00,0.0,1870.4,2149.7
2025-05-28 02:00:00+00:00,0.0,1623.5,2145.7
2025-05-28 03:00:00+00:00,0.3,1497.5,2119.8
2025-05-28 04:00:00+00:00,25.0,1350.7,2096.0
2025-05-28 05:00:00+00:00,255.9,1221.4,2106.8
2025-05-28 06:00:00+00:00,685.0,1152.7,2060.3
2025-05-28 07:00:00+00:00,1551.2,1246.5,1972.6
2025-05-28 08:00:00+00:00,2796.8,1304.7,1807.0
2025-05-28 09:00:00+00:00,3882.6,1421.5,1674.9
2025-05-28 10:00:00+00:00,4092.8,1744.2,1626.1
2025-05-28 11:00:00+00:00,3750.4,1882.7,1104.6
2025-05-28 12:00:00+00:00,3587.2,1830.0,406.2
2025-05-28 13:00:00+00:00,3303.9,1772.0,485.7
2025-05-28 14:00:00+00:00,3222.4,1678.5,218.8
2025-05-28 15:00:00+00:00,2509.0,1497.8,62.6
2025-05-28 16:00:00+00:00,1781.0,1066.9,0.0
2025-05-28 17:00:00+00:00,889.3,752.1,0.0
2025-05-28 18:00:00+00:00,251.2,429.0,0.0
2025-05-28 19:00:00+00:00,16.2,274.8,0.0
2025-05-28 20:00:00+00:00,0.0,190.7,0.0
2025-05-28 21:00:00+00:00,0.0,151.9,0.0
2025-05-28 22:00:00+00:00,0.0,116.4,0.0
2025-05-28 23:00:00+00:00,0.0,85.7,25.8
2025-05-29 00:00:00+00:00,0.0,98.1,87.1
2025-05-29 01:00:00+00:00,0.0,177.5,92.5
2025-05-29 02:00:00+00:00,0.0,234.1,174.1
2025-05-29 03:00:00+00:00,1.1,214.1,252.8
2025-05-29 04:00:00+00:00,153.5,265.6,535.7
2025-05-29 05:00:00+00:00,571.0,285.6,484.3
2025-05-29 06:00:00+00:00,994.9,259.0,1057.6
2025-05-29 07:00:00+00:00,1376.4,304.7,1623.1
2025-05-29 08:00:00+00:00,2042.6,431.1,1512.2
2025-05-29 09:00:00+00:00,2543.1,629.3,1763.3
2025-05-29 10:00:00+00:00,2512.0,887.1,2100.3
2025-05-29 11:00:00+00:00,2565.5,1027.5,2134.4
2025-05-29 12:00:00+00:00,2599.0,1028.2,2167.7
2025-05-29 13:00:00+00:00,2666.8,1069.1,2186.6
2025-05-29 14:00:00+00:00,2182.0,1138.1,2187.8
2025-05-29 15:00:00+00:00,1683.6,1272.0,2185.9
2025-05-29 16:00:00+00:00,1290.1,1131.0,2186.2
2025-05-29 17:00:00+00:00,884.3,1018.1,2184.1
2025-05-29 18:00:00+00:00,384.8,894.2,2183.0
2025-05-29 19:00:00+00:00,51.1,867.9,2182.5
2025-05-29 20:00:00+00:00,0.0,867.3,2167.3
2025-05-29 21:00:00+00:00,0.0,932.4,2126.8
2025-05-29 22:00:00+00:00,0.0,957.8,1986.9
2025-05-29 23:00:00+00:00,0.0,918.4,1709.5
2025-05-30 00:00:00+00:00,0.0,788.7,1645.8
2025-05-30 01:00:00+00:00,0.0,672.0,1592.0
2025-05-30 02:00:00+00:00,0.0,606.2,1399.2
2025-05-30 03:00:00+00:00,6.9,542.7,1429.4
2025-05-30 04:00:00+00:00,292.0,465.6,1320.7
2025-05-30 05:00:00+00:00,1116.8,361.4,1333.9
2025-05-30 06:00:00+00:00,2234.7,274.0,1218.7
2025-05-30 07:00:00+00:00,3507.4,304.1,1095.6
2025-05-30 08:00:00+00:00,4193.8,378.2,939.9
2025-05-30 09:00:00+00:00,3882.4,486.5,889.2
2025-05-30 10:00:00+00:00,4161.5,455.9,982.0
2025-05-30 11:00:00+00:00,5077.4,403.9,820.9
2025-05-30 12:00:00+00:00,5865.5,349.4,859.1
2025-05-30 13:00:00+00:00,5841.5,302.6,671.5
2025-05-30 14:00:00+00:00,5244.2,300.3,1067.4
2025-05-30 15:00:00+00:00,4065.2,312.6,1125.9
2025-05-30 16:00:00+00:00,2669.6,325.6,1021.9
2025-05-30 17:00:00+00:00,1478.1,249.7,673.3
2025-05-30 18:00:00+00:00,486.4,131.0,456.4
2025-05-30 19:00:00+00:00,38.7,71.8,434.5
2025-05-30 20:00:00+00:00,0.0,48.7,373.0
2025-05-30 21:00:00+00:00,0.0,43.8,201.0
2025-05-30 22:00:00+00:00,0.0,44.7,103.1
2025-05-30 23:00:00+00:00,0.0,28.9,88.6
2025-05-31 00:00:00+00:00,0.0,26.8,54.0
2025-05-31 01:00:00+00:00,0.0,20.8,32.4
2025-05-31 02:00:00+00:00,0.0,24.9,6.2
2025-05-31 03:00:00+00:00,4.3,35.4,1.2
2025-05-31 04:00:00+00:00,254.5,33.1,41.8
2025-05-31 05:00:00+00:00,1064.4,27.9,6.6
2025-05-31 06:00:00+00:00,2098.8,13.3,19.2
2025-05-31 07:00:00+00:00,3196.2,9.4,26.3
2025-05-31 08:00:00+00:00,4127.7,11.2,0.0
2025-05-31 09:00:00+00:00,4776.8,17.7,0.0
2025-05-31 10:00:00+00:00,4980.1,43.6,0.0
2025-05-31 11:00:00+00:00,4983.6,125.1,0.0
2025-05-31 12:00:00+00:00,5102.8,213.7,0.0
2025-05-31 13:00:00+00:00,5484.6,207.7,0.0
2025-05-31 14:00:00+00:00,4902.4,116.0,3.5
2025-05-31 15:00:00+00:00,3369.5,97.0,6.6
2025-05-31 16:00:00+00:00,1965.5,124.9,2.2
2025-05-31 17:00:00+00:00,1070.3,168.0,154.8
2025-05-31 18:00:00+00:00,307.4,210.9,548.3
2025-05-31 19:00:00+00:00,21.1,262.3,635.1
2025-05-31 20:00:00+00:00,0.0,326.4,1111.2
2025-05-31 21:00:00+00:00,0.0,374.2,1282.3
2025-05-31 22:00:00+00:00,0.0,324.1,1476.1
2025-05-31 23:00:00+00:00,0.0,441.1,1611.6
2025-06-01 00:00:00+00:00,0.0,490.6,1403.9
2025-06-01 01:00:00+00:00,0.0,449.6,1699.6
2025-06-01 02:00:00+00:00,0.0,456.7,1459.8
2025-06-01 03:00:00+00:00,9.5,462.0,1181.8
2025-06-01 04:00:00+00:00,218.4,397.8,693.0
2025-06-01 05:00:00+00:00,748.1,362.3,670.3
2025-06-01 06:00:00+00:00,1498.3,308.3,830.9
2025-06-01 07:00:00+00:00,2381.1,268.9,623.7
2025-06-01 08:00:00+00:00,3033.9,281.6,678.8
2025-06-01 09:00:00+00:00,3303.6,318.6,417.5
2025-06-01 10:00:00+00:00,3932.3,371.3,607.3
2025-06-01 11:00:00+00:00,4208.7,439.3,944.9
2025-06-01 12:00:00+00:00,4223.4,579.0,1364.7
2025-06-01 13:00:00+00:00,4193.9,680.6,1328.9
2025-06-01 14:00:00+00:00,3593.6,765.5,1468.3
2025-06-01 15:00:00+00:00,2816.8,799.7,1617.6
2025-06-01 16:00:00+00:00,1924.4,866.6,1873.1
2025-06-01 17:00:00+00:00,1047.0,765.1,1941.2
2025-06-01 18:00:00+00:00,380.2,626.0,2054.6
2025-06-01 19:00:00+00:00,53.3,540.3,1928.5
2025-06-01 20:00:00+00:00,0.0,528.9,1807.4
2025-06-01 21:00:00+00:00,0.0,577.4,1572.5
2025-06-01 22:00:00+00:00,0.0,522.7,1358.7
2025-06-01 23:00:00+00:00,0.0,510.2,1008.1
2025-06-02 00:00:00+00:00,0.0,555.0,708.3
2025-06-02 01:00:00+00:00,0.0,540.5,513.0
2025-06-02 02:00:00+00:00,0.0,621.1,379.6
2025-06-02 03:00:00+00:00,7.8,702.4,320.3
2025-06-02 04:00:00+00:00,284.4,574.3,235.7
2025-06-02 05:00:00+00:00,1092.3,387.3,196.5
2025-06-02 06:00:00+00:00,2129.2,271.0,142.7
2025-06-02 07:00:00+00:00,3033.0,218.9,121.9
2025-06-02 08:00:00+00:00,3652.9,197.8,59.2
2025-06-02 09:00:00+00:00,4098.0,243.5,56.0
2025-06-02 10:00:00+00:00,4050.0,242.2,22.9
2025-06-02 11:00:00+00:00,4050.4,263.9,54.0
2025-06-02 12:00:00+00:00,4226.4,327.7,75.5
2025-06-02 13:00:00+00:00,4466.8,387.2,38.1
2025-06-02 14:00:00+00:00,4258.4,324.3,6.3
2025-06-02 15:00:00+00:00,3418.0,278.3,15.2
2025-06-02 16:00:00+00:00,2448.7,209.4,71.4
2025-06-02 17:00:00+00:00,1532.6,117.4,120.8
2025-06-02 18:00:00+00:00,612.0,45.6,191.3
2025-06-02 19:00:00+00:00,86.4,20.4,338.4
2025-06-02 20:00:00+00:00,0.0,22.0,555.7
2025-06-02 21:00:00+00:00,0.0,37.4,838.7
2025-06-02 22:00:00+00:00,0.0,79.0,826.9
2025-06-02 23:00:00+00:00,0.0,132.7,732.4
2025-06-03 00:00:00+00:00,0.0,240.8,580.3
2025-06-03 01:00:00+00:00,0.0,308.5,622.1
2025-06-03 02:00:00+00:00,0.0,398.6,668.8
2025-06-03 03:00:00+00:00,19.6,542.3,808.9
2025-06-03 04:00:00+00:00,331.4,627.4,929.0
2025-06-03 05:00:00+00:00,959.7,658.0,1004.8
2025-06-03 06:00:00+00:00,1887.6,578.4,806.9
2025-06-03 07:00:00+00:00,3371.7,614.6,785.0
2025-06-03 08:00:00+00:00,4674.6,770.2,1022.1
2025-06-03 09:00:00+00:00,5199.3,1330.7,1003.7
2025-06-03 10:00:00+00:00,5949.7,1373.9,1079.2
2025-06-03 11:00:00+00:00,6132.4,1036.9,1199.6
2025-06-03 12:00:00+00:00,5812.9,1095.7,1699.9
2025-06-03 13:00:00+00:00,4597.9,1304.0,1949.2
2025-06-03 14:00:00+00:00,3418.4,1300.5,2088.8
2025-06-03 15:00:00+00:00,2493.8,1126.5,2112.3
2025-06-03 16:00:00+00:00,1670.8,1082.8,2142.3
2025-06-03 17:00:00+00:00,912.8,839.8,2177.2
2025-06-03 18:00:00+00:00,292.4,587.4,2170.0
2025-06-03 19:00:00+00:00,34.6,414.7,2086.6
2025-06-03 20:00:00+00:00,0.0,381.7,1878.6
2025-06-03 21:00:00+00:00,0.0,334.0,1768.3
2025-06-03 22:00:00+00:00,0.0,432.0,1689.1
2025-06-03 23:00:00+00:00,0.0,520.4,1268.2
2025-06-04 00:00:00+00:00,0.0,622.5,1315.7
2025-06-04 01:00:00+00:00,0.0,657.6,1265.1
2025-06-04 02:00:00+00:00,0.0,661.8,1217.6
2025-06-04 03:00:00+00:00,4.0,815.1,1239.4
2025-06-04 04:00:00+00:00,158.3,714.2,1047.1
2025-06-04 05:00:00+00:00,550.6,574.5,642.4
2025-06-04 06:00:00+00:00,870.4,464.6,432.8
2025-06-04 07:00:00+00:00,1353.5,435.0,574.4
2025-06-04 08:00:00+00:00,1966.7,400.7,714.8
2025-06-04 09:00:00+00:00,2683.8,349.1,852.5
2025-06-04 10:00:00+00:00,3484.2,339.3,756.0
2025-06-04 11:00:00+00:00,3771.7,314.5,891.3
2025-06-04 12:00:00+00:00,3821.4,415.8,1261.9
2025-06-04 13:00:00+00:00,3783.0,522.5,1449.7
2025-06-04 14:00:00+00:00,3473.2,552.9,1661.6
2025-06-04 15:00:00+00:00,2854.4,574.4,1822.3
2025-06-04 16:00:00+00:00,2126.1,581.5,1866.6
2025-06-04 17:00:00+00:00,1258.3,444.7,1833.7
2025-06-04 18:00:00+00:00,471.4,337.0,1892.3
2025-06-04 19:00:00+00:00,60.1,291.2,1864.0
2025-06-04 20:00:00+00:00,0.0,276.9,1824.0
2025-06-04 21:00:00+00:00,0.0,388.3,1637.5
2025-06-04 22:00:00+00:00,0.0,425.8,1695.2
2025-06-04 23:00:00+00:00,0.0,462.6,1791.0
2025-06-05 00:00:00+00:00,0.0,480.0,1637.9
2025-06-05 01:00:00+00:00,0.0,547.5,1666.2
2025-06-05 02:00:00+00:00,0.0,627.7,1648.8
2025-06-05 03:00:00+00:00,2.4,638.7,1468.9
2025-06-05 04:00:00+00:00,130.7,649.8,1173.4
2025-06-05 05:00:00+00:00,654.6,642.1,979.9
2025-06-05 06:00:00+00:00,1397.9,682.3,978.7
2025-06-05 07:00:00+00:00,2159.7,1017.7,959.0
2025-06-05 08:00:00+00:00,2167.3,1312.6,1476.3
2025-06-05 09:00:00+00:00,1938.5,1565.1,1777.5
2025-06-05 10:00:00+00:00,2233.6,1592.1,1681.5
2025-06-05 11:00:00+00:00,3087.7,1405.0,1453.2
2025-06-05 12:00:00+00:00,3848.8,1390.3,1172.5
2025-06-05 13:00:00+00:00,3384.8,1512.9,1211.9
2025-06-05 14:00:00+00:00,2170.2,1541.3,921.4
2025-06-05 15:00:00+00:00,1567.2,1458.4,797.6
2025-06-05 16:00:00+00:00,838.1,1525.1,1339.9
2025-06-05 17:00:00+00:00,359.5,1524.5,1357.3
2025-06-05 18:00:00+00:00,82.8,1601.2,1763.2
2025-06-05 19:00:00+00:00,2.6,1618.4,1783.9
2025-06-05 20:00:00+00:00,0.0,1657.0,1951.2
2025-06-05 21:00:00+00:00,0.0,1652.3,1464.1
2025-06-05 22:00:00+00:00,0.0,1395.9,1526.7
2025-06-05 23:00:00+00:00,0.0,1365.3,1935.1
2025-06-06 00:00:00+00:00,0.0,1414.3,1469.9
2025-06-06 01:00:00+00:00,0.0,1346.0,1805.7
2025-06-06 02:00:00+00:00,0.0,1221.4,1932.5
2025-06-06 03:00:00+00:00,7.7,1235.9,1829.8
2025-06-06 04:00:00+00:00,280.3,1163.5,1697.7
2025-06-06 05:00:00+00:00,972.1,1195.8,1695.0
2025-06-06 06:00:00+00:00,1875.1,1200.2,1921.9
2025-06-06 07:00:00+00:00,2916.9,1106.5,1910.8
2025-06-06 08:00:00+00:00,3699.0,1292.8,1760.6
2025-06-06 09:00:00+00:00,4169.0,1254.1,1816.2
2025-06-06 10:00:00+00:00,4626.5,1151.2,1783.9
2025-06-06 11:00:00+00:00,4902.2,1106.9,1793.2
2025-06-06 12:00:00+00:00,4785.9,1194.1,1834.0
2025-06-06 13:00:00+00:00,4332.0,1165.4,1805.0
2025-06-06 14:00:00+00:00,3455.1,1231.9,1816.8
2025-06-06 15:00:00+00:00,2318.9,1109.4,1979.1
2025-06-06 16:00:00+00:00,1462.4,941.6,1940.4
2025-06-06 17:00:00+00:00,749.4,791.1,1930.3
2025-06-06 18:00:00+00:00,287.5,662.6,2039.8
2025-06-06 19:00:00+00:00,48.1,698.8,2045.8
2025-06-06 20:00:00+00:00,0.0,663.3,2044.2
2025-06-06 21:00:00+00:00,0.0,680.2,2041.7
2025-06-06 22:00:00+00:00,0.0,589.3,1946.5
2025-06-06 23:00:00+00:00,0.0,557.8,1802.1
2025-06-07 00:00:00+00:00,0.0,515.8,1602.7
2025-06-07 01:00:00+00:00,0.0,515.9,1569.3
2025-06-07 02:00:00+00:00,0.0,479.9,1140.1
2025-06-07 03:00:00+00:00,0.8,433.6,674.7
2025-06-07 04:00:00+00:00,105.1,537.6,160.8
2025-06-07 05:00:00+00:00,477.6,808.2,91.6
2025-06-07 06:00:00+00:00,1049.7,986.5,139.8
2025-06-07 07:00:00+00:00,1947.6,1023.9,580.5
2025-06-07 08:00:00+00:00,2766.5,1034.1,896.2
2025-06-07 09:00:00+00:00,2754.1,1059.7,994.1
2025-06-07 10:00:00+00:00,3263.2,1118.3,1619.5
2025-06-07 11:00:00+00:00,4118.9,1092.1,1687.7
2025-06-07 12:00:00+00:00,4317.5,1202.5,1811.5
2025-06-07 13:00:00+00:00,3844.0,1194.9,2002.0
2025-06-07 14:00:00+00:00,2668.6,1315.6,2121.8
2025-06-07 15:00:00+00:00,1748.3,1264.0,1930.0
2025-06-07 16:00:00+00:00,1126.1,955.2,1392.1
2025-06-07 17:00:00+00:00,600.3,674.6,1601.9
2025-06-07 18:00:00+00:00,183.4,570.2,1638.4
2025-06-07 19:00:00+00:00,16.3,494.7,1468.5
2025-06-07 20:00:00+00:00,0.0,684.0,1414.6
2025-06-07 21:00:00+00:00,0.0,962.0,1207.6
2025-06-07 22:00:00+00:00,0.0,1261.7,608.6
2025-06-07 23:00:00+00:00,0.0,1427.7,971.9
2025-06-08 00:00:00+00:00,0.0,1427.6,1395.0
2025-06-08 01:00:00+00:00,0.0,1435.1,1842.9
2025-06-08 02:00:00+00:00,0.0,1480.2,1780.2
2025-06-08 03:00:00+00:00,3.0,1419.0,1709.9
2025-06-08 04:00:00+00:00,169.8,1264.1,1735.3
2025-06-08 05:00:00+00:00,650.5,1133.7,1731.3
2025-06-08 06:00:00+00:00,1169.5,1166.9,1904.3
2025-06-08 07:00:00+00:00,1724.3,1395.8,1739.2
2025-06-08 08:00:00+00:00,2711.2,1600.4,1736.1
2025-06-08 09:00:00+00:00,3954.7,1507.4,1692.1
2025-06-08 10:00:00+00:00,4983.4,1552.5,1707.6
2025-06-08 11:00:00+00:00,5417.8,1517.9,1684.0
2025-06-08 12:00:00+00:00,5422.1,1422.2,1352.2
2025-06-08 13:00:00+00:00,4997.0,1453.9,989.7
2025-06-08 14:00:00+00:00,4378.3,1313.2,840.7
2025-06-08 15:00:00+00:00,3345.8,1141.0,776.5
2025-06-08 16:00:00+00:00,2237.8,1020.6,883.9
2025-06-08 17:00:00+00:00,1376.4,743.5,731.9
2025-06-08 18:00:00+00:00,550.3,379.6,1129.6
2025-06-08 19:00:00+00:00,82.5,298.6,1378.9
2025-06-08 20:00:00+00:00,0.0,401.6,1595.9
2025-06-08 21:00:00+00:00,0.0,598.9,1587.1
2025-06-08 22:00:00+00:00,0.0,771.2,1332.2
2025-06-08 23:00:00+00:00,0.0,796.0,1078.7
2025-06-09 00:00:00+00:00,0.0,755.8,671.7
2025-06-09 01:00:00+00:00,0.0,719.5,537.8
2025-06-09 02:00:00+00:00,0.0,638.2,396.9
2025-06-09 03:00:00+00:00,10.2,640.5,307.7
2025-06-09 04:00:00+00:00,276.2,607.0,243.2
2025-06-09 05:00:00+00:00,971.7,425.5,154.5
2025-06-09 06:00:00+00:00,1732.0,245.9,208.6
2025-06-09 07:00:00+00:00,2483.5,162.0,342.2
2025-06-09 08:00:00+00:00,3291.3,164.8,361.2
2025-06-09 09:00:00+00:00,4322.2,173.7,274.3
2025-06-09 10:00:00+00:00,4447.0,236.2,266.0
2025-06-09 11:00:00+00:00,3702.2,265.5,272.2
2025-06-09 12:00:00+00:00,3800.8,229.4,265.3
2025-06-09 13:00:00+00:00,3827.2,229.1,507.8
2025-06-09 14:00:00+00:00,3470.2,186.5,854.1
2025-06-09 15:00:00+00:00,2870.8,182.9,1329.5
2025-06-09 16:00:00+00:00,1995.2,179.1,1554.7
2025-06-09 17:00:00+00:00,1182.0,165.3,1469.8
2025-06-09 18:00:00+00:00,496.2,130.3,1508.1
2025-06-09 19:00:00+00:00,59.2,124.6,1525.2
2025-06-09 20:00:00+00:00,0.0,197.4,1487.6
2025-06-09 21:00:00+00:00,0.0,336.2,1484.6
2025-06-09 22:00:00+00:00,0.0,467.8,1424.1
2025-06-09 23:00:00+00:00,0.0,567.3,1622.2
2025-06-10 00:00:00+00:00,0.0,651.3,1875.6
2025-06-10 01:00:00+00:00,0.0,768.6,1946.2
2025-06-10 02:00:00+00:00,0.0,846.9,2062.6
2025-06-10 03:00:00+00:00,8.7,935.2,2089.1
2025-06-10 04:00:00+00:00,227.1,1027.0,2106.2
2025-06-10 05:00:00+00:00,723.4,957.4,2088.2
2025-06-10 06:00:00+00:00,1668.1,941.5,2123.3
2025-06-10 07:00:00+00:00,2413.4,1135.0,2091.8
2025-06-10 08:00:00+00:00,2971.7,1218.0,2004.0
2025-06-10 09:00:00+00:00,3493.6,1127.7,1830.0
2025-06-10 10:00:00+00:00,3567.5,913.1,1835.6
2025-06-10 11:00:00+00:00,2898.4,863.8,2028.1
2025-06-10 12:00:00+00:00,2324.0,835.5,1980.7
2025-06-10 13:00:00+00:00,2138.6,821.0,1830.0
2025-06-10 14:00:00+00:00,1913.2,863.0,1392.4
2025-06-10 15:00:00+00:00,1777.6,863.2,277.4
2025-06-10 16:00:00+00:00,1416.1,791.9,14.0
2025-06-10 17:00:00+00:00,897.0,558.0,40.7
2025-06-10 18:00:00+00:00,381.6,376.4,1.0
2025-06-10 19:00:00+00:00,69.5,276.0,0.0
2025-06-10 20:00:00+00:00,0.0,189.7,0.0
2025-06-10 21:00:00+00:00,0.0,120.7,0.0
2025-06-10 22:00:00+00:00,0.0,66.6,0.0
2025-06-10 23:00:00+00:00,0.0,43.6,0.0
2025-06-11 00:00:00+00:00,0.0,37.2,0.0
2025-06-11 01:00:00+00:00,0.0,32.2,0.0
2025-06-11 02:00:00+00:00,0.0,36.6,0.0
2025-06-11 03:00:00+00:00,20.0,52.3,0.0
2025-06-11 04:00:00+00:00,370.0,85.8,0.0
2025-06-11 05:00:00+00:00,1264.7,90.2,0.0
2025-06-11 06:00:00+00:00,2366.6,40.7,14.7
2025-06-11 07:00:00+00:00,3705.3,31.7,45.3
2025-06-11 08:00:00+00:00,5157.9,60.1,145.1
2025-06-11 09:00:00+00:00,6308.7,60.5,116.6
2025-06-11 10:00:00+00:00,7046.9,48.9,34.6
2025-06-11 11:00:00+00:00,7301.1,49.2,11.2
2025-06-11 12:00:00+00:00,7189.2,64.7,47.1
2025-06-11 13:00:00+00:00,6590.1,93.5,131.2
2025-06-11 14:00:00+00:00,5677.3,142.4,206.7
2025-06-11 15:00:00+00:00,4326.7,224.8,256.9
2025-06-11 16:00:00+00:00,2868.9,311.4,367.2
2025-06-11 17:00:00+00:00,1627.4,445.8,402.4
2025-06-11 18:00:00+00:00,636.2,507.2,348.5
2025-06-11 19:00:00+00:00,97.4,673.1,386.9
2025-06-11 20:00:00+00:00,0.0,879.9,672.2
2025-06-11 21:00:00+00:00,0.0,904.1,1017.9
2025-06-11 22:00:00+00:00,0.0,913.5,1131.8
2025-06-11 23:00:00+00:00,0.0,1065.3,1203.1
2025-06-12 00:00:00+00:00,0.0,1053.4,1210.8
2025-06-12 01:00:00+00:00,0.0,954.7,1129.7
2025-06-12 02:00:00+00:00,0.0,814.7,902.1
2025-06-12 03:00:00+00:00,18.0,792.5,766.2
2025-06-12 04:00:00+00:00,359.1,847.0,905.7
2025-06-12 05:00:00+00:00,1252.8,731.5,910.7
2025-06-12 06:00:00+00:00,2421.5,554.4,836.4
2025-06-12 07:00:00+00:00,3927.5,488.1,544.1
2025-06-12 08:00:00+00:00,5228.9,465.4,661.6
2025-06-12 09:00:00+00:00,6347.6,557.8,661.8
2025-06-12 10:00:00+00:00,6967.1,525.9,451.2
2025-06-12 11:00:00+00:00,6999.2,484.3,402.0
2025-06-12 12:00:00+00:00,6401.6,460.0,333.9
2025-06-12 13:00:00+00:00,6178.7,463.8,525.6
2025-06-12 14:00:00+00:00,5270.8,512.1,373.5
2025-06-12 15:00:00+00:00,4078.0,604.9,206.0
2025-06-12 16:00:00+00:00,2725.5,593.4,38.9
2025-06-12 17:00:00+00:00,1464.1,392.5,210.9
2025-06-12 18:00:00+00:00,608.6,255.6,443.9
2025-06-12 19:00:00+00:00,83.6,240.7,165.1
2025-06-12 20:00:00+00:00,0.0,224.4,80.9
2025-06-12 21:00:00+00:00,0.0,219.2,35.0
2025-06-12 22:00:00+00:00,0.0,200.6,1.2
2025-06-12 23:00:00+00:00,0.0,185.4,1.3
2025-06-13 00:00:00+00:00,0.0,165.9,0.0
2025-06-13 01:00:00+00:00,0.0,185.6,0.0
2025-06-13 02:00:00+00:00,0.0,218.8,0.0
2025-06-13 03:00:00+00:00,18.6,201.9,0.0
2025-06-13 04:00:00+00:00,362.1,181.9,0.0
2025-06-13 05:00:00+00:00,1042.5,143.8,0.0
2025-06-13 06:00:00+00:00,2032.5,54.2,7.2
2025-06-13 07:00:00+00:00,3201.7,15.8,28.0
2025-06-13 08:00:00+00:00,4357.5,23.4,26.0
2025-06-13 09:00:00+00:00,5204.5,33.1,21.2
2025-06-13 10:00:00+00:00,5975.6,46.5,28.3
2025-06-13 11:00:00+00:00,6097.7,81.0,24.3
2025-06-13 12:00:00+00:00,6022.2,96.0,35.9
2025-06-13 13:00:00+00:00,5724.7,112.2,64.1
2025-06-13 14:00:00+00:00,5054.9,167.5,121.1
2025-06-13 15:00:00+00:00,3936.7,248.2,139.7
2025-06-13 16:00:00+00:00,2572.0,270.1,246.8
2025-06-13 17:00:00+00:00,1458.1,282.4,341.1
2025-06-13 18:00:00+00:00,544.5,331.6,340.2
2025-06-13 19:00:00+00:00,59.4,433.4,361.6
2025-06-13 20:00:00+00:00,0.0,597.1,434.8
2025-06-13 21:00:00+00:00,0.0,841.9,437.7
2025-06-13 22:00:00+00:00,0.0,1033.2,835.0
2025-06-13 23:00:00+00:00,0.0,818.8,1097.0
2025-06-14 00:00:00+00:00,0.0,667.0,375.5
2025-06-14 01:00:00+00:00,0.0,614.0,105.3
2025-06-14 02:00:00+00:00,0.0,423.5,8.1
2025-06-14 03:00:00+00:00,16.2,150.6,0.0
2025-06-14 04:00:00+00:00,297.8,446.2,0.0
2025-06-14 05:00:00+00:00,872.2,527.8,11.6
2025-06-14 06:00:00+00:00,1684.2,305.7,86.5
2025-06-14 07:00:00+00:00,2447.9,142.2,284.0
2025-06-14 08:00:00+00:00,2507.3,233.5,339.0
2025-06-14 09:00:00+00:00,2500.1,440.1,318.9
2025-06-14 10:00:00+00:00,2558.3,489.6,610.3
2025-06-14 11:00:00+00:00,2276.6,473.7,812.8
2025-06-14 12:00:00+00:00,3005.6,426.4,1432.2
2025-06-14 13:00:00+00:00,3944.9,222.2,1337.9
2025-06-14 14:00:00+00:00,3870.7,257.0,1903.7
2025-06-14 15:00:00+00:00,3206.6,348.1,1942.7
2025-06-14 16:00:00+00:00,2199.3,341.1,2064.4
2025-06-14 17:00:00+00:00,1263.4,357.7,2107.2
2025-06-14 18:00:00+00:00,508.2,423.0,2103.6
2025-06-14 19:00:00+00:00,101.9,335.4,1797.8
2025-06-14 20:00:00+00:00,0.0,225.9,1430.1
2025-06-14 21:00:00+00:00,0.0,202.4,868.9
2025-06-14 22:00:00+00:00,0.0,248.7,793.7
2025-06-14 23:00:00+00:00,0.0,233.5,850.6
2025-06-15 00:00:00+00:00,0.0,249.9,691.1
2025-06-15 01:00:00+00:00,0.0,250.4,766.1
2025-06-15 02:00:00+00:00,0.0,244.3,645.1
2025-06-15 03:00:00+00:00,1.3,167.8,635.7
2025-06-15 04:00:00+00:00,108.6,175.3,661.0
2025-06-15 05:00:00+00:00,616.1,184.7,306.5
2025-06-15 06:00:00+00:00,1385.5,171.7,164.2
2025-06-15 07:00:00+00:00,2577.3,165.7,118.0
2025-06-15 08:00:00+00:00,3995.7,171.7,145.6
2025-06-15 09:00:00+00:00,5502.7,196.0,141.3
2025-06-15 10:00:00+00:00,6079.5,256.5,191.2
2025-06-15 11:00:00+00:00,5725.4,355.9,195.4
2025-06-15 12:00:00+00:00,5372.1,406.6,235.2
2025-06-15 13:00:00+00:00,4893.7,476.7,236.9
2025-06-15 14:00:00+00:00,4444.3,497.5,437.1
2025-06-15 15:00:00+00:00,3712.6,517.9,753.3
2025-06-15 16:00:00+00:00,2652.1,475.5,1049.5
2025-06-15 17:00:00+00:00,1589.7,442.7,909.8
2025-06-15 18:00:00+00:00,679.9,367.7,908.3
2025-06-15 19:00:00+00:00,118.9,340.3,567.7
2025-06-15 20:00:00+00:00,0.0,278.5,464.4
2025-06-15 21:00:00+00:00,0.0,265.3,453.8
2025-06-15 22:00:00+00:00,0.0,236.6,477.1
2025-06-15 23:00:00+00:00,0.0,224.9,394.9
2025-06-16 00:00:00+00:00,0.0,204.4,207.4
2025-06-16 01:00:00+00:00,0.0,182.9,79.4
2025-06-16 02:00:00+00:00,0.0,178.6,147.7
2025-06-16 03:00:00+00:00,17.9,208.3,140.5
2025-06-16 04:00:00+00:00,347.0,194.8,132.5
2025-06-16 05:00:00+00:00,1189.7,110.7,47.8
2025-06-16 06:00:00+00:00,2339.3,34.5,20.6
2025-06-16 07:00:00+00:00,3738.6,25.2,38.9
2025-06-16 08:00:00+00:00,5118.4,44.6,15.2
2025-06-16 09:00:00+00:00,5923.3,81.0,0.0
2025-06-16 10:00:00+00:00,5857.2,89.9,0.0
2025-06-16 11:00:00+00:00,5748.2,127.4,0.0
2025-06-16 12:00:00+00:00,5701.4,139.7,0.0
2025-06-16 13:00:00+00:00,5455.1,153.8,0.0
2025-06-16 14:00:00+00:00,4930.5,172.3,0.0
2025-06-16 15:00:00+00:00,4025.2,171.7,0.0
2025-06-16 16:00:00+00:00,2759.9,159.0,0.0
2025-06-16 17:00:00+00:00,1624.2,129.8,0.0
2025-06-16 18:00:00+00:00,666.9,116.9,0.0
2025-06-16 19:00:00+00:00,123.7,136.0,0.0
2025-06-16 20:00:00+00:00,0.0,165.3,0.0
2025-06-16 21:00:00+00:00,0.0,183.0,5.8
2025-06-16 22:00:00+00:00,0.0,107.6,1.5
2025-06-16 23:00:00+00:00,0.0,57.0,9.4
2025-06-17 00:00:00+00:00,0.0,40.2,23.2
2025-06-17 01:00:00+00:00,0.0,37.2,25.8
2025-06-17 02:00:00+00:00,0.0,36.1,28.4
2025-06-17 03:00:00+00:00,19.8,35.8,73.5
2025-06-17 04:00:00+00:00,362.4,33.2,95.7
2025-06-17 05:00:00+00:00,1202.8,35.1,148.5
2025-06-17 06:00:00+00:00,2330.7,18.5,243.6
2025-06-17 07:00:00+00:00,3706.7,8.5,247.5
2025-06-17 08:00:00+00:00,5050.7,13.3,198.5
2025-06-17 09:00:00+00:00,5677.2,19.3,129.7
2025-06-17 10:00:00+00:00,5836.9,21.5,89.9
2025-06-17 11:00:00+00:00,5938.7,24.6,103.9
2025-06-17 12:00:00+00:00,5789.4,30.9,129.3
2025-06-17 13:00:00+00:00,5442.9,40.8,162.8
2025-06-17 14:00:00+00:00,4762.2,75.8,179.9
2025-06-17 15:00:00+00:00,3555.5,178.4,154.9
2025-06-17 16:00:00+00:00,2243.1,222.3,254.2
2025-06-17 17:00:00+00:00,1230.0,140.5,254.4
2025-06-17 18:00:00+00:00,570.4,112.5,326.2
2025-06-17 19:00:00+00:00,171.2,124.1,418.8
2025-06-17 20:00:00+00:00,0.0,137.0,408.0
2025-06-17 21:00:00+00:00,0.0,145.3,396.2
2025-06-17 22:00:00+00:00,0.0,130.3,409.6
2025-06-17 23:00:00+00:00,0.0,79.1,335.8
2025-06-18 00:00:00+00:00,0.0,75.8,237.9
2025-06-18 01:00:00+00:00,0.0,67.8,262.7
2025-06-18 02:00:00+00:00,0.0,79.3,203.1
2025-06-18 03:00:00+00:00,11.9,96.9,108.6
2025-06-18 04:00:00+00:00,312.9,90.6,10.9
2025-06-18 05:00:00+00:00,1089.8,64.6,44.3
2025-06-18 06:00:00+00:00,2100.9,26.0,212.6
2025-06-18 07:00:00+00:00,3453.7,16.1,194.3
2025-06-18 08:00:00+00:00,4780.8,22.2,157.9
2025-06-18 09:00:00+00:00,5825.2,32.5,112.5
2025-06-18 10:00:00+00:00,6612.0,41.3,19.0
2025-06-18 11:00:00+00:00,6771.6,53.8,1.4
2025-06-18 12:00:00+00:00,6410.1,83.3,11.0
2025-06-18 13:00:00+00:00,5832.5,151.1,0.8
2025-06-18 14:00:00+00:00,5086.3,225.6,0.0
2025-06-18 15:00:00+00:00,4067.1,271.1,0.0
2025-06-18 16:00:00+00:00,2793.1,302.2,0.0
2025-06-18 17:00:00+00:00,1625.0,342.1,0.0
2025-06-18 18:00:00+00:00,682.9,364.2,0.0
2025-06-18 19:00:00+00:00,125.8,330.0,0.0
2025-06-18 20:00:00+00:00,0.0,297.3,0.0
2025-06-18 21:00:00+00:00,0.0,311.2,0.0
2025-06-18 22:00:00+00:00,0.0,273.6,0.0
2025-06-18 23:00:00+00:00,0.0,219.8,0.0
2025-06-19 00:00:00+00:00,0.0,199.8,0.0
2025-06-19 01:00:00+00:00,0.0,218.3,0.0
2025-06-19 02:00:00+00:00,0.0,236.0,0.0
2025-06-19 03:00:00+00:00,17.3,246.4,0.0
2025-06-19 04:00:00+00:00,355.5,223.9,0.0
2025-06-19 05:00:00+00:00,1180.4,161.1,13.3
2025-06-19 06:00:00+00:00,2312.8,69.8,26.5
2025-06-19 07:00:00+00:00,3703.6,130.6,25.3
2025-06-19 08:00:00+00:00,5109.8,179.5,1.9
2025-06-19 09:00:00+00:00,6139.4,176.8,0.0
2025-06-19 10:00:00+00:00,6852.6,176.0,0.0
2025-06-19 11:00:00+00:00,7033.6,181.0,4.4
2025-06-19 12:00:00+00:00,6705.6,213.0,19.8
2025-06-19 13:00:00+00:00,6074.8,242.2,88.2
2025-06-19 14:00:00+00:00,5197.3,273.1,158.6
2025-06-19 15:00:00+00:00,4021.3,327.7,116.5
2025-06-19 16:00:00+00:00,2728.7,360.1,168.2
2025-06-19 17:00:00+00:00,1592.0,357.8,187.8
2025-06-19 18:00:00+00:00,653.1,322.4,223.9
2025-06-19 19:00:00+00:00,119.9,340.2,264.2
2025-06-19 20:00:00+00:00,0.0,464.8,329.7
2025-06-19 21:00:00+00:00,0.0,582.1,310.1
2025-06-19 22:00:00+00:00,0.0,612.9,282.3
2025-06-19 23:00:00+00:00,0.0,531.1,238.4
2025-06-20 00:00:00+00:00,0.0,452.8,282.4
2025-06-20 01:00:00+00:00,0.0,490.1,272.5
2025-06-20 02:00:00+00:00,0.0,541.7,220.8
2025-06-20 03:00:00+00:00,18.3,529.6,203.5
2025-06-20 04:00:00+00:00,355.5,444.0,156.6
2025-06-20 05:00:00+00:00,1196.5,256.9,92.3
2025-06-20 06:00:00+00:00,2341.3,96.9,66.2
2025-06-20 07:00:00+00:00,3760.2,123.0,29.5
2025-06-20 08:00:00+00:00,5177.1,313.3,0.3
2025-06-20 09:00:00+00:00,6185.8,262.1,3.6
2025-06-20 10:00:00+00:00,6876.0,223.2,20.6
2025-06-20 11:00:00+00:00,7103.1,232.0,75.4
2025-06-20 12:00:00+00:00,6814.3,268.0,203.3
2025-06-20 13:00:00+00:00,6068.8,334.2,337.0
2025-06-20 14:00:00+00:00,5200.2,394.5,325.8
2025-06-20 15:00:00+00:00,3815.2,471.2,339.5
2025-06-20 16:00:00+00:00,2483.6,459.8,323.0
2025-06-20 17:00:00+00:00,1569.9,374.2,290.6
2025-06-20 18:00:00+00:00,691.1,353.9,345.8
2025-06-20 19:00:00+00:00,133.2,448.4,263.8
2025-06-20 20:00:00+00:00,0.0,594.0,293.0
2025-06-20 21:00:00+00:00,0.0,689.5,291.2
2025-06-20 22:00:00+00:00,0.0,689.0,359.2
2025-06-20 23:00:00+00:00,0.0,650.2,379.8
2025-06-21 00:00:00+00:00,0.0,660.1,403.7
2025-06-21 01:00:00+00:00,0.0,632.7,330.9
2025-06-21 02:00:00+00:00,0.0,566.9,364.2
2025-06-21 03:00:00+00:00,16.7,444.5,258.2
2025-06-21 04:00:00+00:00,346.4,383.0,264.6
2025-06-21 05:00:00+00:00,1179.9,318.9,198.7
2025-06-21 06:00:00+00:00,2315.6,147.6,95.6
2025-06-21 07:00:00+00:00,3695.5,42.4,76.8
2025-06-21 08:00:00+00:00,5072.7,20.9,24.6
2025-06-21 09:00:00+00:00,6099.6,51.9,2.2
2025-06-21 10:00:00+00:00,6868.8,91.3,0.0
2025-06-21 11:00:00+00:00,7165.9,91.4,0.0
2025-06-21 12:00:00+00:00,7045.2,79.2,0.0
2025-06-21 13:00:00+00:00,6445.5,61.6,0.0
2025-06-21 14:00:00+00:00,5514.3,49.1,0.0
2025-06-21 15:00:00+00:00,4240.3,36.1,0.0
2025-06-21 16:00:00+00:00,2819.2,25.2,0.6
2025-06-21 17:00:00+00:00,1626.3,23.0,34.7
2025-06-21 18:00:00+00:00,625.4,29.1,235.3
2025-06-21 19:00:00+00:00,106.0,78.0,335.6
2025-06-21 20:00:00+00:00,0.0,212.9,293.1
2025-06-21 21:00:00+00:00,0.0,472.4,218.4
2025-06-21 22:00:00+00:00,0.0,679.1,192.6
2025-06-21 23:00:00+00:00,0.0,960.4,412.1
2025-06-22 00:00:00+00:00,0.0,1053.5,853.6
2025-06-22 01:00:00+00:00,0.0,1079.6,1318.3
2025-06-22 02:00:00+00:00,0.0,1029.5,1635.2
2025-06-22 03:00:00+00:00,21.9,1034.6,1790.8
2025-06-22 04:00:00+00:00,354.6,1035.9,1859.6
2025-06-22 05:00:00+00:00,1150.0,805.9,1480.2
2025-06-22 06:00:00+00:00,2149.1,488.7,1354.1
2025-06-22 07:00:00+00:00,2971.0,389.7,899.0
2025-06-22 08:00:00+00:00,3427.9,335.2,476.4
2025-06-22 09:00:00+00:00,3931.0,273.6,558.9
2025-06-22 10:00:00+00:00,3755.0,237.4,586.6
2025-06-22 11:00:00+00:00,3423.3,264.4,789.5
2025-06-22 12:00:00+00:00,4017.4,446.1,951.3
2025-06-22 13:00:00+00:00,5034.9,503.6,1387.4
2025-06-22 14:00:00+00:00,4754.8,567.1,1631.2
2025-06-22 15:00:00+00:00,3742.3,667.3,2053.5
2025-06-22 16:00:00+00:00,2596.1,872.1,2129.1
2025-06-22 17:00:00+00:00,1398.0,1136.4,2142.5
2025-06-22 18:00:00+00:00,553.1,1008.4,2137.4
2025-06-22 19:00:00+00:00,103.2,940.3,2130.7
2025-06-22 20:00:00+00:00,0.0,727.1,2120.4
2025-06-22 21:00:00+00:00,0.0,668.3,2121.8
2025-06-22 22:00:00+00:00,0.0,732.0,2132.1
2025-06-22 23:00:00+00:00,0.0,774.2,2132.7
2025-06-23 00:00:00+00:00,0.0,897.3,2131.8
2025-06-23 01:00:00+00:00,0.0,978.2,2115.7
2025-06-23 02:00:00+00:00,0.0,1039.7,2122.6
2025-06-23 03:00:00+00:00,8.5,1132.3,2117.9
2025-06-23 04:00:00+00:00,234.1,1159.7,2116.3
2025-06-23 05:00:00+00:00,584.0,1240.2,2107.2
2025-06-23 06:00:00+00:00,925.6,1351.4,2071.8
2025-06-23 07:00:00+00:00,1596.0,1454.6,1945.4
2025-06-23 08:00:00+00:00,2608.4,1461.2,1342.1
2025-06-23 09:00:00+00:00,3732.4,1490.7,1260.9
2025-06-23 10:00:00+00:00,4709.7,1524.4,870.0
2025-06-23 11:00:00+00:00,5161.5,1429.4,1050.3
2025-06-23 12:00:00+00:00,5311.0,1364.9,957.1
2025-06-23 13:00:00+00:00,5221.0,1254.6,759.6
2025-06-23 14:00:00+00:00,4617.5,1236.5,709.6
2025-06-23 15:00:00+00:00,3543.0,1198.0,766.5
2025-06-23 16:00:00+00:00,2305.1,1122.2,1389.2
2025-06-23 17:00:00+00:00,1413.1,956.6,1589.3
2025-06-23 18:00:00+00:00,607.2,707.3,1779.0
2025-06-23 19:00:00+00:00,117.0,607.8,1783.1
2025-06-23 20:00:00+00:00,0.0,629.6,1599.3
2025-06-23 21:00:00+00:00,0.0,724.3,1568.2
2025-06-23 22:00:00+00:00,0.0,774.6,1619.3
2025-06-23 23:00:00+00:00,0.0,738.2,1543.4
2025-06-24 00:00:00+00:00,0.0,820.7,1463.8
2025-06-24 01:00:00+00:00,0.0,885.5,1174.3
2025-06-24 02:00:00+00:00,0.0,846.9,874.2
2025-06-24 03:00:00+00:00,13.8,877.2,977.3
2025-06-24 04:00:00+00:00,343.6,812.6,790.4
2025-06-24 05:00:00+00:00,1139.9,687.3,978.9
2025-06-24 06:00:00+00:00,2107.5,661.4,860.3
2025-06-24 07:00:00+00:00,3085.9,866.0,1217.7
2025-06-24 08:00:00+00:00,3539.6,857.0,1697.3
2025-06-24 09:00:00+00:00,3365.4,984.5,2088.9
2025-06-24 10:00:00+00:00,2963.9,1043.4,2153.2
2025-06-24 11:00:00+00:00,2641.1,1047.1,2154.1
2025-06-24 12:00:00+00:00,2749.5,1047.5,2148.7
2025-06-24 13:00:00+00:00,2777.1,1247.0,2149.6
2025-06-24 14:00:00+00:00,3430.5,1260.8,1957.6
2025-06-24 15:00:00+00:00,3322.4,1141.8,1769.9
2025-06-24 16:00:00+00:00,2399.2,1152.4,1922.7
2025-06-24 17:00:00+00:00,1182.2,1198.6,1998.4
2025-06-24 18:00:00+00:00,504.7,1093.3,2140.2
2025-06-24 19:00:00+00:00,120.2,989.5,2141.4
2025-06-24 20:00:00+00:00,0.0,916.8,2114.5
2025-06-24 21:00:00+00:00,0.0,861.5,2041.7
2025-06-24 22:00:00+00:00,0.0,709.5,1820.8
2025-06-24 23:00:00+00:00,0.0,633.3,1450.0
2025-06-25 00:00:00+00:00,0.0,710.4,1568.2
2025-06-25 01:00:00+00:00,0.0,601.6,1474.5
2025-06-25 02:00:00+00:00,0.0,525.3,939.5
2025-06-25 03:00:00+00:00,13.1,421.5,502.0
2025-06-25 04:00:00+00:00,324.7,297.3,468.8
2025-06-25 05:00:00+00:00,1061.4,189.4,458.1
2025-06-25 06:00:00+00:00,2121.6,109.6,283.2
2025-06-25 07:00:00+00:00,3323.6,109.1,290.9
2025-06-25 08:00:00+00:00,4689.5,155.1,300.6
2025-06-25 09:00:00+00:00,5727.7,159.4,186.2
2025-06-25 10:00:00+00:00,5186.9,170.4,129.1
2025-06-25 11:00:00+00:00,4117.6,132.0,30.0
2025-06-25 12:00:00+00:00,4663.6,112.5,0.0
2025-06-25 13:00:00+00:00,4786.0,112.2,0.0
2025-06-25 14:00:00+00:00,4076.1,100.1,0.0
2025-06-25 15:00:00+00:00,3519.4,94.3,0.0
2025-06-25 16:00:00+00:00,2566.2,64.4,0.0
2025-06-25 17:00:00+00:00,1541.6,41.0,0.0
2025-06-25 18:00:00+00:00,638.7,45.7,0.0
2025-06-25 19:00:00+00:00,118.2,81.0,0.2
2025-06-25 20:00:00+00:00,0.0,205.8,22.0
2025-06-25 21:00:00+00:00,0.0,416.2,68.0
2025-06-25 22:00:00+00:00,0.0,746.2,91.6
2025-06-25 23:00:00+00:00,0.0,713.8,355.5
2025-06-26 00:00:00+00:00,0.0,534.9,405.5
2025-06-26 01:00:00+00:00,0.0,240.0,46.1
2025-06-26 02:00:00+00:00,0.0,254.9,249.9
2025-06-26 03:00:00+00:00,2.6,309.7,941.0
2025-06-26 04:00:00+00:00,96.7,336.9,1310.7
2025-06-26 05:00:00+00:00,237.9,468.3,796.9
2025-06-26 06:00:00+00:00,769.2,584.1,886.4
2025-06-26 07:00:00+00:00,1354.9,662.0,1250.3
2025-06-26 08:00:00+00:00,1964.9,553.9,1433.6
2025-06-26 09:00:00+00:00,2607.0,704.9,1624.9
2025-06-26 10:00:00+00:00,3592.3,925.4,1952.9
2025-06-26 11:00:00+00:00,3443.6,1118.1,2121.6
2025-06-26 12:00:00+00:00,3130.7,1238.0,2176.3
2025-06-26 13:00:00+00:00,2693.0,1327.2,2173.6
2025-06-26 14:00:00+00:00,2260.7,1221.2,2171.5
2025-06-26 15:00:00+00:00,1855.2,1198.3,2153.8
2025-06-26 16:00:00+00:00,1340.0,1274.0,2166.5
2025-06-26 17:00:00+00:00,1057.3,1184.8,2173.5
2025-06-26 18:00:00+00:00,584.8,1050.9,2166.1
2025-06-26 19:00:00+00:00,137.6,1066.9,2075.8
2025-06-26 20:00:00+00:00,0.0,1113.6,1721.7
2025-06-26 21:00:00+00:00,0.0,1061.5,1440.1
2025-06-26 22:00:00+00:00,0.0,927.7,1129.2
2025-06-26 23:00:00+00:00,0.0,783.4,1081.8
2025-06-27 00:00:00+00:00,0.0,681.8,1117.2
2025-06-27 01:00:00+00:00,0.0,691.8,1103.4
2025-06-27 02:00:00+00:00,0.0,668.9,1373.3
2025-06-27 03:00:00+00:00,1.2,589.8,1008.9
2025-06-27 04:00:00+00:00,65.9,571.2,477.2
2025-06-27 05:00:00+00:00,336.1,369.9,111.0
2025-06-27 06:00:00+00:00,1038.2,201.2,224.8
2025-06-27 07:00:00+00:00,1850.0,173.9,246.4
2025-06-27 08:00:00+00:00,2918.7,243.5,162.9
2025-06-27 09:00:00+00:00,3895.5,296.2,220.4
2025-06-27 10:00:00+00:00,4532.0,253.2,328.1
2025-06-27 11:00:00+00:00,4605.9,245.0,351.8
2025-06-27 12:00:00+00:00,4747.8,299.1,295.0
2025-06-27 13:00:00+00:00,4705.7,291.1,467.0
2025-06-27 14:00:00+00:00,4350.1,351.3,817.8
2025-06-27 15:00:00+00:00,3436.0,487.6,1366.2
2025-06-27 16:00:00+00:00,2357.6,577.2,2050.7
2025-06-27 17:00:00+00:00,1326.7,615.2,2139.4
2025-06-27 18:00:00+00:00,725.4,552.0,2132.3
2025-06-27 19:00:00+00:00,144.3,478.0,2134.9
2025-06-27 20:00:00+00:00,0.0,427.7,2134.0
2025-06-27 21:00:00+00:00,0.0,455.4,2071.7
2025-06-27 22:00:00+00:00,0.0,504.7,2074.8
2025-06-27 23:00:00+00:00,0.0,591.1,2108.5
2025-06-28 00:00:00+00:00,0.0,631.3,1959.8
2025-06-28 01:00:00+00:00,0.0,671.4,1872.3
2025-06-28 02:00:00+00:00,0.0,660.7,1694.3
2025-06-28 03:00:00+00:00,12.7,597.0,1349.4
2025-06-28 04:00:00+00:00,308.3,549.3,984.1
2025-06-28 05:00:00+00:00,1091.5,585.5,1084.7
2025-06-28 06:00:00+00:00,2157.4,536.2,1134.3
2025-06-28 07:00:00+00:00,3276.2,487.5,1188.2
2025-06-28 08:00:00+00:00,3840.4,539.3,1183.1
2025-06-28 09:00:00+00:00,4207.7,475.6,1224.0
2025-06-28 10:00:00+00:00,4074.1,458.1,1063.9
2025-06-28 11:00:00+00:00,4106.7,462.9,1030.5
2025-06-28 12:00:00+00:00,4127.5,406.4,877.2
2025-06-28 13:00:00+00:00,3852.7,348.9,1128.5
2025-06-28 14:00:00+00:00,3321.5,366.7,1418.9
2025-06-28 15:00:00+00:00,2691.4,340.9,1694.3
2025-06-28 16:00:00+00:00,1960.3,306.8,1952.2
2025-06-28 17:00:00+00:00,1269.4,287.2,2028.6
2025-06-28 18:00:00+00:00,604.5,263.7,1961.3
2025-06-28 19:00:00+00:00,118.9,249.7,1827.7
2025-06-28 20:00:00+00:00,0.0,239.7,1765.4
2025-06-28 21:00:00+00:00,0.0,323.8,1717.8
2025-06-28 22:00:00+00:00,0.0,374.7,1299.1
2025-06-28 23:00:00+00:00,0.0,368.3,638.2
2025-06-29 00:00:00+00:00,0.0,300.5,327.9
2025-06-29 01:00:00+00:00,0.0,250.4,221.1
2025-06-29 02:00:00+00:00,0.0,233.5,129.9
2025-06-29 03:00:00+00:00,11.9,190.5,61.5
2025-06-29 04:00:00+00:00,314.2,157.9,55.5
2025-06-29 05:00:00+00:00,1079.1,104.1,26.8
2025-06-29 06:00:00+00:00,2095.8,53.8,2.9
2025-06-29 07:00:00+00:00,3428.7,30.9,18.3
2025-06-29 08:00:00+00:00,4677.7,25.0,0.1
2025-06-29 09:00:00+00:00,5476.0,20.3,1.9
2025-06-29 10:00:00+00:00,5862.9,25.4,0.0
2025-06-29 11:00:00+00:00,5673.0,39.4,0.0
2025-06-29 12:00:00+00:00,5598.9,56.2,0.0
2025-06-29 13:00:00+00:00,5598.6,80.9,1.3
2025-06-29 14:00:00+00:00,5066.3,118.8,1.5
2025-06-29 15:00:00+00:00,3959.9,155.9,0.0
2025-06-29 16:00:00+00:00,2802.2,222.9,0.0
2025-06-29 17:00:00+00:00,1665.9,279.5,5.5
2025-06-29 18:00:00+00:00,703.0,282.6,32.6
2025-06-29 19:00:00+00:00,124.2,375.7,31.9
2025-06-29 20:00:00+00:00,0.0,463.8,50.0
2025-06-29 21:00:00+00:00,0.0,430.9,51.7
2025-06-29 22:00:00+00:00,0.0,456.6,55.7
2025-06-29 23:00:00+00:00,0.0,450.7,130.7
2025-06-30 00:00:00+00:00,0.0,387.3,104.0
2025-06-30 01:00:00+00:00,0.0,351.5,97.9
2025-06-30 02:00:00+00:00,0.0,338.7,76.0
2025-06-30 03:00:00+00:00,12.4,325.5,72.3
2025-06-30 04:00:00+00:00,316.1,272.9,61.3
2025-06-30 05:00:00+00:00,1118.7,212.6,98.9
2025-06-30 06:00:00+00:00,2226.7,108.6,109.4
2025-06-30 07:00:00+00:00,3590.2,69.7,92.0
2025-06-30 08:00:00+00:00,4951.9,74.8,38.3
2025-06-30 09:00:00+00:00,5981.2,118.2,40.2
2025-06-30 10:00:00+00:00,6700.0,132.0,57.3
2025-06-30 11:00:00+00:00,6979.3,98.0,66.9
2025-06-30 12:00:00+00:00,6822.2,55.0,78.9
2025-06-30 13:00:00+00:00,6147.3,39.3,75.3
2025-06-30 14:00:00+00:00,5304.5,41.2,66.0
2025-06-30 15:00:00+00:00,4124.3,42.5,54.5
2025-06-30 16:00:00+00:00,2771.0,52.5,82.0
2025-06-30 17:00:00+00:00,1616.0,73.2,88.9
2025-06-30 18:00:00+00:00,674.7,108.2,113.5
2025-06-30 19:00:00+00:00,124.3,188.1,107.0
2025-06-30 20:00:00+00:00,0.0,273.5,129.1
2025-06-30 21:00:00+00:00,0.0,366.4,154.9
2025-06-30 22:00:00+00:00,0.0,371.3,201.2
2025-06-30 23:00:00+00:00,0.0,345.0,186.7
2025-07-01 00:00:00+00:00,0.0,318.6,181.8
2025-07-01 01:00:00+00:00,0.0,314.0,265.5
2025-07-01 02:00:00+00:00,0.0,334.4,198.9
2025-07-01 03:00:00+00:00,11.4,338.1,119.4
2025-07-01 04:00:00+00:00,309.4,262.7,63.7
2025-07-01 05:00:00+00:00,1105.2,202.5,19.7
2025-07-01 06:00:00+00:00,2184.7,128.1,20.9
2025-07-01 07:00:00+00:00,3503.7,55.5,0.2
2025-07-01 08:00:00+00:00,4856.0,38.6,0.0
2025-07-01 09:00:00+00:00,5868.5,54.2,0.0
2025-07-01 10:00:00+00:00,6587.9,99.2,0.0
2025-07-01 11:00:00+00:00,6867.1,148.2,3.9
2025-07-01 12:00:00+00:00,6701.8,176.3,13.8
2025-07-01 13:00:00+00:00,6012.4,205.1,28.7
2025-07-01 14:00:00+00:00,5119.5,217.7,184.3
2025-07-01 15:00:00+00:00,3965.5,207.0,403.6
2025-07-01 16:00:00+00:00,2697.4,181.8,593.7
2025-07-01 17:00:00+00:00,1574.7,152.6,633.1
2025-07-01 18:00:00+00:00,635.7,115.9,746.8
2025-07-01 19:00:00+00:00,109.0,104.4,947.0
2025-07-01 20:00:00+00:00,0.0,93.9,619.1
2025-07-01 21:00:00+00:00,0.0,79.4,38.4
2025-07-01 22:00:00+00:00,0.0,68.5,0.0
2025-07-01 23:00:00+00:00,0.0,68.1,0.0
2025-07-02 00:00:00+00:00,0.0,62.7,12.2
2025-07-02 01:00:00+00:00,0.0,87.4,50.5
2025-07-02 02:00:00+00:00,0.0,195.0,0.6
2025-07-02 03:00:00+00:00,9.0,238.9,0.9
2025-07-02 04:00:00+00:00,283.5,180.2,3.7
2025-07-02 05:00:00+00:00,1031.0,91.4,4.6
2025-07-02 06:00:00+00:00,2081.7,51.1,0.0
2025-07-02 07:00:00+00:00,3393.2,24.4,1.2
2025-07-02 08:00:00+00:00,4747.5,25.3,60.4
2025-07-02 09:00:00+00:00,5765.9,92.0,0.0
2025-07-02 10:00:00+00:00,6409.3,219.5,124.4
2025-07-02 11:00:00+00:00,6279.2,434.6,489.6
2025-07-02 12:00:00+00:00,5904.7,643.8,89.7
2025-07-02 13:00:00+00:00,5056.8,844.8,47.3
2025-07-02 14:00:00+00:00,3174.1,1275.3,120.8
2025-07-02 15:00:00+00:00,1421.5,1210.7,134.0
2025-07-02 16:00:00+00:00,1182.2,980.3,453.5
2025-07-02 17:00:00+00:00,772.4,395.8,640.2
2025-07-02 18:00:00+00:00,317.5,331.0,415.7
2025-07-02 19:00:00+00:00,82.6,477.4,97.0
2025-07-02 20:00:00+00:00,0.0,469.8,0.0
2025-07-02 21:00:00+00:00,0.0,532.6,11.2
2025-07-02 22:00:00+00:00,0.0,579.9,316.9
2025-07-02 23:00:00+00:00,0.0,646.3,715.8
2025-07-03 00:00:00+00:00,0.0,637.3,409.2
2025-07-03 01:00:00+00:00,0.0,556.3,441.6
2025-07-03 02:00:00+00:00,0.0,517.9,405.3
2025-07-03 03:00:00+00:00,11.5,473.1,540.0
2025-07-03 04:00:00+00:00,337.6,451.5,583.0
2025-07-03 05:00:00+00:00,1200.5,340.9,508.7
2025-07-03 06:00:00+00:00,2360.6,443.9,286.2
2025-07-03 07:00:00+00:00,3693.1,444.4,121.7
2025-07-03 08:00:00+00:00,4919.9,342.6,55.3
2025-07-03 09:00:00+00:00,5890.2,318.6,9.2
2025-07-03 10:00:00+00:00,6562.5,285.5,0.0
2025-07-03 11:00:00+00:00,6946.8,265.7,0.0
2025-07-03 12:00:00+00:00,7052.7,241.8,0.0
2025-07-03 13:00:00+00:00,6587.4,257.7,0.0
2025-07-03 14:00:00+00:00,5760.9,280.8,0.0
2025-07-03 15:00:00+00:00,4561.5,263.7,0.0
2025-07-03 16:00:00+00:00,3094.0,285.2,0.0
2025-07-03 17:00:00+00:00,1816.6,266.8,0.0
2025-07-03 18:00:00+00:00,757.8,271.7,0.0
2025-07-03 19:00:00+00:00,102.8,301.6,0.0
2025-07-03 20:00:00+00:00,0.0,373.9,0.0
2025-07-03 21:00:00+00:00,0.0,382.4,0.0
2025-07-03 22:00:00+00:00,0.0,266.3,2.8
2025-07-03 23:00:00+00:00,0.0,154.2,45.5
2025-07-04 00:00:00+00:00,0.0,86.3,86.0
2025-07-04 01:00:00+00:00,0.0,50.0,127.9
2025-07-04 02:00:00+00:00,0.0,39.9,199.4
2025-07-04 03:00:00+00:00,14.0,38.1,198.2
2025-07-04 04:00:00+00:00,354.4,47.1,241.3
2025-07-04 05:00:00+00:00,1215.3,42.5,197.0
2025-07-04 06:00:00+00:00,2297.6,26.7,132.8
2025-07-04 07:00:00+00:00,3743.1,39.6,40.9
2025-07-04 08:00:00+00:00,5155.2,57.8,1.8
2025-07-04 09:00:00+00:00,6194.6,85.5,2.4
2025-07-04 10:00:00+00:00,6835.4,77.5,0.0
2025-07-04 11:00:00+00:00,6809.1,76.5,7.3
2025-07-04 12:00:00+00:00,6409.4,88.8,5.7
2025-07-04 13:00:00+00:00,5649.2,94.6,29.2
2025-07-04 14:00:00+00:00,4848.7,98.6,217.8
2025-07-04 15:00:00+00:00,3990.6,121.1,640.1
2025-07-04 16:00:00+00:00,2874.1,134.2,1008.5
2025-07-04 17:00:00+00:00,1745.7,154.8,1549.1
2025-07-04 18:00:00+00:00,739.5,161.2,1792.9
2025-07-04 19:00:00+00:00,129.9,141.8,1899.8
2025-07-04 20:00:00+00:00,0.0,159.1,1935.2
2025-07-04 21:00:00+00:00,0.0,234.3,1920.9
2025-07-04 22:00:00+00:00,0.0,319.7,1746.7
2025-07-04 23:00:00+00:00,0.0,377.0,1322.1
2025-07-05 00:00:00+00:00,0.0,380.5,1238.5
2025-07-05 01:00:00+00:00,0.0,450.1,1127.4
2025-07-05 02:00:00+00:00,0.0,535.5,986.9
2025-07-05 03:00:00+00:00,7.8,533.1,1136.9
2025-07-05 04:00:00+00:00,228.5,572.4,1473.6
2025-07-05 05:00:00+00:00,857.1,537.3,1770.0
2025-07-05 06:00:00+00:00,1623.2,437.4,1696.1
2025-07-05 07:00:00+00:00,2706.6,407.1,1683.7
2025-07-05 08:00:00+00:00,4473.3,480.5,1504.6
2025-07-05 09:00:00+00:00,5587.3,605.4,1215.9
2025-07-05 10:00:00+00:00,5654.0,711.9,1457.4
2025-07-05 11:00:00+00:00,4900.3,788.1,1518.7
2025-07-05 12:00:00+00:00,4025.9,943.5,1511.5
2025-07-05 13:00:00+00:00,2936.1,898.1,1633.4
2025-07-05 14:00:00+00:00,2176.6,917.8,1772.2
2025-07-05 15:00:00+00:00,1513.5,971.0,2148.8
2025-07-05 16:00:00+00:00,923.1,1080.3,2156.2
2025-07-05 17:00:00+00:00,543.2,942.6,2145.0
2025-07-05 18:00:00+00:00,235.0,767.1,2155.8
2025-07-05 19:00:00+00:00,43.7,785.5,2154.7
2025-07-05 20:00:00+00:00,0.0,781.2,2162.2
2025-07-05 21:00:00+00:00,0.0,820.8,2160.2
2025-07-05 22:00:00+00:00,0.0,822.7,2156.5
2025-07-05 23:00:00+00:00,0.0,766.9,2115.4
2025-07-06 00:00:00+00:00,0.0,720.5,2080.1
2025-07-06 01:00:00+00:00,0.0,613.1,1922.9
2025-07-06 02:00:00+00:00,0.0,630.8,1728.4
2025-07-06 03:00:00+00:00,1.4,583.1,1179.7
2025-07-06 04:00:00+00:00,69.1,585.1,747.8
2025-07-06 05:00:00+00:00,273.9,760.8,642.7
2025-07-06 06:00:00+00:00,416.8,909.0,238.6
2025-07-06 07:00:00+00:00,510.9,981.7,148.1
2025-07-06 08:00:00+00:00,571.1,965.6,78.2
2025-07-06 09:00:00+00:00,637.8,909.4,227.2
2025-07-06 10:00:00+00:00,940.1,813.9,108.3
2025-07-06 11:00:00+00:00,1320.5,740.6,1.4
2025-07-06 12:00:00+00:00,1693.0,538.5,13.9
2025-07-06 13:00:00+00:00,2047.5,399.8,94.8
2025-07-06 14:00:00+00:00,2212.2,286.5,118.9
2025-07-06 15:00:00+00:00,1766.9,297.8,53.7
2025-07-06 16:00:00+00:00,1106.9,328.8,208.3
2025-07-06 17:00:00+00:00,673.9,348.2,244.4
2025-07-06 18:00:00+00:00,357.9,386.9,48.6
2025-07-06 19:00:00+00:00,66.7,314.0,81.4
2025-07-06 20:00:00+00:00,0.0,288.6,67.9
2025-07-06 21:00:00+00:00,0.0,265.8,138.2
2025-07-06 22:00:00+00:00,0.0,248.5,191.2
2025-07-06 23:00:00+00:00,0.0,171.6,82.1
2025-07-07 00:00:00+00:00,0.0,163.1,63.4
2025-07-07 01:00:00+00:00,0.0,189.2,95.8
2025-07-07 02:00:00+00:00,0.0,167.9,220.9
2025-07-07 03:00:00+00:00,0.6,147.0,593.4
2025-07-07 04:00:00+00:00,147.8,118.7,722.4
2025-07-07 05:00:00+00:00,429.5,136.0,895.5
2025-07-07 06:00:00+00:00,639.8,177.4,1216.6
2025-07-07 07:00:00+00:00,1073.6,247.9,1425.7
2025-07-07 08:00:00+00:00,1990.5,410.9,1542.7
2025-07-07 09:00:00+00:00,2803.4,493.2,1723.6
2025-07-07 10:00:00+00:00,3374.2,612.3,1464.7
2025-07-07 11:00:00+00:00,3964.4,826.6,1328.4
2025-07-07 12:00:00+00:00,4624.2,726.6,698.7
2025-07-07 13:00:00+00:00,4550.5,669.0,446.0
2025-07-07 14:00:00+00:00,3386.9,836.8,1129.5
2025-07-07 15:00:00+00:00,2446.8,1361.5,1344.7
2025-07-07 16:00:00+00:00,2106.4,1375.4,1229.3
2025-07-07 17:00:00+00:00,1339.5,1124.2,874.4
2025-07-07 18:00:00+00:00,523.6,942.4,420.1
2025-07-07 19:00:00+00:00,92.7,706.7,109.1
2025-07-07 20:00:00+00:00,0.0,383.8,5.8
2025-07-07 21:00:00+00:00,0.0,289.6,43.6
2025-07-07 22:00:00+00:00,0.0,481.1,461.5
2025-07-07 23:00:00+00:00,0.0,645.1,1062.7
2025-07-08 00:00:00+00:00,0.0,693.7,1765.9
2025-07-08 01:00:00+00:00,0.0,676.2,773.8
2025-07-08 02:00:00+00:00,0.0,536.9,204.8
2025-07-08 03:00:00+00:00,0.4,337.7,455.8
2025-07-08 04:00:00+00:00,118.4,311.6,634.1
2025-07-08 05:00:00+00:00,603.1,276.5,825.6
2025-07-08 06:00:00+00:00,1384.7,259.5,623.1
2025-07-08 07:00:00+00:00,2680.2,246.4,632.6
2025-07-08 08:00:00+00:00,3281.2,327.4,1060.7
2025-07-08 09:00:00+00:00,3351.4,420.2,1198.2
2025-07-08 10:00:00+00:00,3684.1,512.5,414.1
2025-07-08 11:00:00+00:00,4305.9,588.0,575.4
2025-07-08 12:00:00+00:00,4602.5,537.5,580.2
2025-07-08 13:00:00+00:00,4388.1,536.9,290.3
2025-07-08 14:00:00+00:00,3760.7,678.1,148.4
2025-07-08 15:00:00+00:00,2967.9,740.9,117.7
2025-07-08 16:00:00+00:00,2217.2,708.7,40.7
2025-07-08 17:00:00+00:00,1392.1,536.9,4.0
2025-07-08 18:00:00+00:00,553.2,430.5,0.0
2025-07-08 19:00:00+00:00,81.2,284.4,0.0
2025-07-08 20:00:00+00:00,0.0,218.2,15.1
2025-07-08 21:00:00+00:00,0.0,223.6,155.0
2025-07-08 22:00:00+00:00,0.0,258.6,298.6
2025-07-08 23:00:00+00:00,0.0,281.3,263.9
2025-07-09 00:00:00+00:00,0.0,278.1,130.3
2025-07-09 01:00:00+00:00,0.0,232.9,58.6
2025-07-09 02:00:00+00:00,0.0,225.2,0.4
2025-07-09 03:00:00+00:00,2.4,281.1,0.0
2025-07-09 04:00:00+00:00,234.3,293.1,2.2
2025-07-09 05:00:00+00:00,1018.5,227.0,0.0
2025-07-09 06:00:00+00:00,2150.8,99.9,0.0
2025-07-09 07:00:00+00:00,3573.2,62.5,0.0
2025-07-09 08:00:00+00:00,4850.9,61.7,0.0
2025-07-09 09:00:00+00:00,5833.5,102.9,0.0
2025-07-09 10:00:00+00:00,6252.3,159.5,8.4
2025-07-09 11:00:00+00:00,6274.4,196.0,41.9
2025-07-09 12:00:00+00:00,6126.1,218.2,52.4
2025-07-09 13:00:00+00:00,5897.7,188.6,8.6
2025-07-09 14:00:00+00:00,5226.4,170.5,0.0
2025-07-09 15:00:00+00:00,4159.4,148.7,0.9
2025-07-09 16:00:00+00:00,2880.9,138.5,0.0
2025-07-09 17:00:00+00:00,1683.6,117.8,0.0
2025-07-09 18:00:00+00:00,698.6,87.5,0.0
2025-07-09 19:00:00+00:00,107.6,95.9,0.0
2025-07-09 20:00:00+00:00,0.0,91.2,0.0
2025-07-09 21:00:00+00:00,0.0,58.3,0.0
2025-07-09 22:00:00+00:00,0.0,38.3,0.0
2025-07-09 23:00:00+00:00,0.0,35.3,0.0
2025-07-10 00:00:00+00:00,0.0,35.6,1.7
2025-07-10 01:00:00+00:00,0.0,35.4,1.6
2025-07-10 02:00:00+00:00,0.0,33.0,0.0
2025-07-10 03:00:00+00:00,2.0,18.5,0.0
2025-07-10 04:00:00+00:00,256.9,10.8,0.0
2025-07-10 05:00:00+00:00,1004.4,7.6,0.0
2025-07-10 06:00:00+00:00,2070.0,4.7,0.0
2025-07-10 07:00:00+00:00,3358.1,3.3,0.0
2025-07-10 08:00:00+00:00,4464.3,6.1,0.0
2025-07-10 09:00:00+00:00,5508.3,9.0,0.0
2025-07-10 10:00:00+00:00,6146.5,16.0,0.0
2025-07-10 11:00:00+00:00,5780.5,48.9,0.0
2025-07-10 12:00:00+00:00,5483.3,113.3,8.6
2025-07-10 13:00:00+00:00,5262.3,202.1,29.4
2025-07-10 14:00:00+00:00,4839.1,251.5,36.8
2025-07-10 15:00:00+00:00,3941.7,297.5,55.7
2025-07-10 16:00:00+00:00,2730.3,335.9,54.3
2025-07-10 17:00:00+00:00,1637.1,332.9,57.1
2025-07-10 18:00:00+00:00,674.6,281.6,102.4
2025-07-10 19:00:00+00:00,113.2,285.6,118.0
2025-07-10 20:00:00+00:00,0.0,358.5,135.0
2025-07-10 21:00:00+00:00,0.0,397.7,125.3
2025-07-10 22:00:00+00:00,0.0,376.4,64.9
2025-07-10 23:00:00+00:00,0.0,323.1,41.5
2025-07-11 00:00:00+00:00,0.0,286.3,2.1
2025-07-11 01:00:00+00:00,0.0,299.2,0.0
2025-07-11 02:00:00+00:00,0.0,263.2,0.0
2025-07-11 03:00:00+00:00,1.1,224.7,0.0
2025-07-11 04:00:00+00:00,231.5,172.7,0.0
2025-07-11 05:00:00+00:00,888.7,86.5,0.0
2025-07-11 06:00:00+00:00,1580.8,27.2,0.0
2025-07-11 07:00:00+00:00,2992.6,36.7,0.0
2025-07-11 08:00:00+00:00,4365.1,83.6,0.0
2025-07-11 09:00:00+00:00,5082.8,121.5,0.0
2025-07-11 10:00:00+00:00,5372.4,149.0,0.0
2025-07-11 11:00:00+00:00,5301.4,178.4,0.0
2025-07-11 12:00:00+00:00,5137.4,205.9,0.0
2025-07-11 13:00:00+00:00,4905.3,237.3,0.0
2025-07-11 14:00:00+00:00,4570.4,252.6,0.0
2025-07-11 15:00:00+00:00,3725.1,290.3,0.0
2025-07-11 16:00:00+00:00,2561.7,314.7,0.0
2025-07-11 17:00:00+00:00,1538.2,302.2,0.0
2025-07-11 18:00:00+00:00,657.8,244.9,6.3
2025-07-11 19:00:00+00:00,110.7,214.4,0.0
2025-07-11 20:00:00+00:00,0.0,224.4,0.0
2025-07-11 21:00:00+00:00,0.0,261.5,45.9
2025-07-11 22:00:00+00:00,0.0,327.1,96.3
2025-07-11 23:00:00+00:00,0.0,365.3,83.1
2025-07-12 00:00:00+00:00,0.0,334.6,80.2
2025-07-12 01:00:00+00:00,0.0,315.6,94.0
2025-07-12 02:00:00+00:00,0.0,256.1,114.3
2025-07-12 03:00:00+00:00,0.9,177.9,86.9
2025-07-12 04:00:00+00:00,185.1,129.4,135.4
2025-07-12 05:00:00+00:00,680.4,70.8,171.2
2025-07-12 06:00:00+00:00,1290.2,48.3,190.0
2025-07-12 07:00:00+00:00,2107.7,58.6,165.7
2025-07-12 08:00:00+00:00,3311.7,84.3,192.1
2025-07-12 09:00:00+00:00,4932.5,90.4,181.9
2025-07-12 10:00:00+00:00,6435.6,92.7,201.9
2025-07-12 11:00:00+00:00,6847.7,108.4,189.8
2025-07-12 12:00:00+00:00,6762.3,171.4,234.4
2025-07-12 13:00:00+00:00,6232.0,236.3,354.4
2025-07-12 14:00:00+00:00,5284.1,268.6,340.2
2025-07-12 15:00:00+00:00,4078.9,261.0,254.9
2025-07-12 16:00:00+00:00,2753.0,304.0,224.5
2025-07-12 17:00:00+00:00,1600.0,391.6,243.0
2025-07-12 18:00:00+00:00,660.9,353.4,185.2
2025-07-12 19:00:00+00:00,108.4,329.5,148.8
2025-07-12 20:00:00+00:00,0.0,356.9,104.6
2025-07-12 21:00:00+00:00,0.0,407.8,211.8
2025-07-12 22:00:00+00:00,0.0,322.6,184.7
2025-07-12 23:00:00+00:00,0.0,241.2,203.9
2025-07-13 00:00:00+00:00,0.0,199.4,256.5
2025-07-13 01:00:00+00:00,0.0,136.8,218.4
2025-07-13 02:00:00+00:00,0.0,87.2,116.5
2025-07-13 03:00:00+00:00,0.1,46.0,64.3
2025-07-13 04:00:00+00:00,82.1,24.2,59.7
2025-07-13 05:00:00+00:00,451.6,14.4,8.4
2025-07-13 06:00:00+00:00,1042.9,12.5,4.8
2025-07-13 07:00:00+00:00,2005.9,11.3,0.0
2025-07-13 08:00:00+00:00,3615.7,11.5,0.0
2025-07-13 09:00:00+00:00,5281.6,14.5,0.0
2025-07-13 10:00:00+00:00,6030.3,22.5,0.0
2025-07-13 11:00:00+00:00,6272.3,37.7,0.0
2025-07-13 12:00:00+00:00,6415.2,70.1,0.0
2025-07-13 13:00:00+00:00,6077.2,90.1,0.0
2025-07-13 14:00:00+00:00,5274.2,110.2,0.0
2025-07-13 15:00:00+00:00,4073.8,112.4,0.0
2025-07-13 16:00:00+00:00,2716.9,116.8,0.0
2025-07-13 17:00:00+00:00,1616.0,93.2,0.0
2025-07-13 18:00:00+00:00,649.6,65.5,0.0
2025-07-13 19:00:00+00:00,99.1,70.7,0.0
2025-07-13 20:00:00+00:00,0.0,84.0,0.0
2025-07-13 21:00:00+00:00,0.0,61.6,0.0
2025-07-13 22:00:00+00:00,0.0,43.4,0.0
2025-07-13 23:00:00+00:00,0.0,44.5,0.0
2025-07-14 00:00:00+00:00,0.0,67.1,0.0
2025-07-14 01:00:00+00:00,0.0,130.7,0.0
2025-07-14 02:00:00+00:00,0.0,194.0,0.0
2025-07-14 03:00:00+00:00,0.3,181.6,0.0
2025-07-14 04:00:00+00:00,170.5,154.9,0.0
2025-07-14 05:00:00+00:00,614.9,241.2,0.0
2025-07-14 06:00:00+00:00,1189.7,258.1,5.9
2025-07-14 07:00:00+00:00,1700.2,284.3,289.9
2025-07-14 08:00:00+00:00,2689.6,355.5,730.2
2025-07-14 09:00:00+00:00,3599.2,458.6,928.3
2025-07-14 10:00:00+00:00,4091.2,697.4,1147.2
2025-07-14 11:00:00+00:00,3986.0,941.9,1198.0
2025-07-14 12:00:00+00:00,3722.2,1001.5,1947.4
2025-07-14 13:00:00+00:00,4492.7,918.3,1888.5
2025-07-14 14:00:00+00:00,4714.0,850.6,1899.5
2025-07-14 15:00:00+00:00,3780.0,838.1,1401.2
2025-07-14 16:00:00+00:00,2550.0,939.0,1997.5
2025-07-14 17:00:00+00:00,1421.3,753.9,2029.0
2025-07-14 18:00:00+00:00,458.2,541.3,2074.2
2025-07-14 19:00:00+00:00,59.3,534.5,2121.4
2025-07-14 20:00:00+00:00,0.0,634.7,2135.3
2025-07-14 21:00:00+00:00,0.0,748.8,2107.2
2025-07-14 22:00:00+00:00,0.0,714.3,2057.1
2025-07-14 23:00:00+00:00,0.0,559.4,1906.9
2025-07-15 00:00:00+00:00,0.0,526.3,1849.3
2025-07-15 01:00:00+00:00,0.0,519.4,1618.5
2025-07-15 02:00:00+00:00,0.0,548.1,1258.2
2025-07-15 03:00:00+00:00,0.0,530.7,1015.4
2025-07-15 04:00:00+00:00,161.9,509.6,815.4
2025-07-15 05:00:00+00:00,867.9,483.7,941.7
2025-07-15 06:00:00+00:00,2041.4,482.5,1129.1
2025-07-15 07:00:00+00:00,3398.5,612.5,911.6
2025-07-15 08:00:00+00:00,4485.7,597.6,1019.4
2025-07-15 09:00:00+00:00,4954.7,603.7,1224.3
2025-07-15 10:00:00+00:00,5077.5,679.7,1316.3
2025-07-15 11:00:00+00:00,5240.3,636.8,1846.7
2025-07-15 12:00:00+00:00,5141.1,705.5,1910.9
2025-07-15 13:00:00+00:00,4637.9,832.6,2014.6
2025-07-15 14:00:00+00:00,4040.7,918.2,2076.2
2025-07-15 15:00:00+00:00,2969.1,1002.0,2125.8
2025-07-15 16:00:00+00:00,1814.2,1015.5,2138.4
2025-07-15 17:00:00+00:00,1119.4,953.4,2130.7
2025-07-15 18:00:00+00:00,573.4,798.5,2127.1
2025-07-15 19:00:00+00:00,94.0,708.5,2127.2
2025-07-15 20:00:00+00:00,0.0,616.9,2130.1
2025-07-15 21:00:00+00:00,0.0,628.1,2125.8
2025-07-15 22:00:00+00:00,0.0,855.7,2127.9
2025-07-15 23:00:00+00:00,0.0,1064.8,2114.8
2025-07-16 00:00:00+00:00,0.0,1216.0,1900.3
2025-07-16 01:00:00+00:00,0.0,1207.8,1391.1
2025-07-16 02:00:00+00:00,0.0,1180.9,1702.4
2025-07-16 03:00:00+00:00,0.0,993.5,1893.7
2025-07-16 04:00:00+00:00,157.4,892.2,1860.3
2025-07-16 05:00:00+00:00,740.9,860.0,1719.1
2025-07-16 06:00:00+00:00,1555.3,851.9,1701.2
2025-07-16 07:00:00+00:00,2396.0,948.3,1531.9
2025-07-16 08:00:00+00:00,3503.5,1010.7,1152.9
2025-07-16 09:00:00+00:00,4185.5,962.8,987.5
2025-07-16 10:00:00+00:00,4094.1,1094.3,942.8
2025-07-16 11:00:00+00:00,3559.8,1245.6,782.7
2025-07-16 12:00:00+00:00,3742.6,1318.5,478.8
2025-07-16 13:00:00+00:00,3333.0,1342.3,264.7
2025-07-16 14:00:00+00:00,2515.7,1232.5,153.7
2025-07-16 15:00:00+00:00,2189.5,1057.4,93.4
2025-07-16 16:00:00+00:00,1939.4,874.2,24.4
2025-07-16 17:00:00+00:00,1260.6,705.7,0.0
2025-07-16 18:00:00+00:00,572.1,408.7,0.0
2025-07-16 19:00:00+00:00,91.5,255.7,8.2
2025-07-16 20:00:00+00:00,0.0,215.4,60.3
2025-07-16 21:00:00+00:00,0.0,228.5,24.9
2025-07-16 22:00:00+00:00,0.0,236.9,0.0
2025-07-16 23:00:00+00:00,0.0,163.5,0.0
2025-07-17 00:00:00+00:00,0.0,95.3,0.0
2025-07-17 01:00:00+00:00,0.0,48.0,0.0
2025-07-17 02:00:00+00:00,0.0,28.0,0.0
2025-07-17 03:00:00+00:00,0.0,23.5,0.0
2025-07-17 04:00:00+00:00,243.3,20.7,0.0
2025-07-17 05:00:00+00:00,1017.0,14.3,0.0
2025-07-17 06:00:00+00:00,2076.4,4.5,0.0
2025-07-17 07:00:00+00:00,3127.2,6.1,0.0
2025-07-17 08:00:00+00:00,4434.6,14.7,0.0
2025-07-17 09:00:00+00:00,5513.5,18.4,0.0
2025-07-17 10:00:00+00:00,6252.0,17.8,0.0
2025-07-17 11:00:00+00:00,6282.2,34.8,0.0
2025-07-17 12:00:00+00:00,5891.5,67.5,0.0
2025-07-17 13:00:00+00:00,5452.6,84.8,0.0
2025-07-17 14:00:00+00:00,4593.6,80.2,0.0
2025-07-17 15:00:00+00:00,3390.6,66.6,0.0
2025-07-17 16:00:00+00:00,2185.5,64.2,0.3
2025-07-17 17:00:00+00:00,1133.1,67.0,3.8
2025-07-17 18:00:00+00:00,397.2,46.6,0.0
2025-07-17 19:00:00+00:00,30.9,58.9,0.0
2025-07-17 20:00:00+00:00,0.0,58.5,0.0
2025-07-17 21:00:00+00:00,0.0,50.3,0.4
2025-07-17 22:00:00+00:00,0.0,54.5,0.1
2025-07-17 23:00:00+00:00,0.0,61.1,0.0
2025-07-18 00:00:00+00:00,0.0,74.4,0.0
2025-07-18 01:00:00+00:00,0.0,76.3,4.0
2025-07-18 02:00:00+00:00,0.0,71.2,12.9
2025-07-18 03:00:00+00:00,0.0,57.7,53.0
2025-07-18 04:00:00+00:00,200.6,41.9,62.4
2025-07-18 05:00:00+00:00,754.5,38.3,68.1
2025-07-18 06:00:00+00:00,1366.5,29.2,0.6
2025-07-18 07:00:00+00:00,2519.7,7.6,0.0
2025-07-18 08:00:00+00:00,4174.4,3.7,13.4
2025-07-18 09:00:00+00:00,5194.1,4.8,0.3
2025-07-18 10:00:00+00:00,5584.9,6.8,0.0
2025-07-18 11:00:00+00:00,5399.8,10.7,0.0
2025-07-18 12:00:00+00:00,5094.4,11.8,0.0
2025-07-18 13:00:00+00:00,4951.2,11.8,0.0
2025-07-18 14:00:00+00:00,4683.3,15.7,0.0
2025-07-18 15:00:00+00:00,3803.1,20.7,0.0
2025-07-18 16:00:00+00:00,2592.4,37.0,0.0
2025-07-18 17:00:00+00:00,1494.8,55.9,6.3
2025-07-18 18:00:00+00:00,520.8,92.6,37.0
2025-07-18 19:00:00+00:00,53.8,198.5,76.7
2025-07-18 20:00:00+00:00,0.0,443.7,101.2
2025-07-18 21:00:00+00:00,0.0,664.6,219.3
2025-07-18 22:00:00+00:00,0.0,773.6,446.8
2025-07-18 23:00:00+00:00,0.0,766.6,595.7
2025-07-19 00:00:00+00:00,0.0,725.6,508.0
2025-07-19 01:00:00+00:00,0.0,649.0,527.2
2025-07-19 02:00:00+00:00,0.0,578.3,539.6
2025-07-19 03:00:00+00:00,0.0,573.7,116.4
2025-07-19 04:00:00+00:00,242.3,553.8,62.3
2025-07-19 05:00:00+00:00,759.3,459.2,97.8
2025-07-19 06:00:00+00:00,1515.1,309.8,16.0
2025-07-19 07:00:00+00:00,2436.4,181.1,51.0
2025-07-19 08:00:00+00:00,4208.4,200.7,121.7
2025-07-19 09:00:00+00:00,5183.2,369.8,226.4
2025-07-19 10:00:00+00:00,5809.2,483.5,263.3
2025-07-19 11:00:00+00:00,5390.8,595.7,265.4
2025-07-19 12:00:00+00:00,4016.5,874.7,439.6
2025-07-19 13:00:00+00:00,2503.6,1283.7,413.3
2025-07-19 14:00:00+00:00,1821.4,1538.6,413.0
2025-07-19 15:00:00+00:00,1707.2,1291.0,917.8
2025-07-19 16:00:00+00:00,1233.4,1058.3,1266.8
2025-07-19 17:00:00+00:00,851.9,820.5,941.5
2025-07-19 18:00:00+00:00,334.2,587.1,1049.0
2025-07-19 19:00:00+00:00,26.9,454.6,1156.1
2025-07-19 20:00:00+00:00,0.0,375.5,1010.8
2025-07-19 21:00:00+00:00,0.0,322.3,606.4
2025-07-19 22:00:00+00:00,0.0,273.4,504.1
2025-07-19 23:00:00+00:00,0.0,319.9,404.7
2025-07-20 00:00:00+00:00,0.0,316.2,181.5
2025-07-20 01:00:00+00:00,0.0,290.0,54.6
2025-07-20 02:00:00+00:00,0.0,285.6,45.3
2025-07-20 03:00:00+00:00,0.0,305.7,41.2
2025-07-20 04:00:00+00:00,66.6,310.0,4.0
2025-07-20 05:00:00+00:00,548.0,323.8,0.0
2025-07-20 06:00:00+00:00,1457.3,276.3,30.4
2025-07-20 07:00:00+00:00,2691.8,250.1,72.5
2025-07-20 08:00:00+00:00,3249.6,302.2,157.1
2025-07-20 09:00:00+00:00,3395.1,273.1,152.7
2025-07-20 10:00:00+00:00,2820.4,326.7,463.6
2025-07-20 11:00:00+00:00,1685.3,470.9,653.2
2025-07-20 12:00:00+00:00,1241.8,539.4,640.4
2025-07-20 13:00:00+00:00,2272.7,462.9,471.0
2025-07-20 14:00:00+00:00,3562.9,135.3,430.0
2025-07-20 15:00:00+00:00,2824.1,140.5,352.7
2025-07-20 16:00:00+00:00,2198.1,255.3,219.7
2025-07-20 17:00:00+00:00,1334.5,351.8,82.3
2025-07-20 18:00:00+00:00,448.2,293.0,205.7
2025-07-20 19:00:00+00:00,54.8,255.3,25.4
2025-07-20 20:00:00+00:00,0.0,332.2,30.5
2025-07-20 21:00:00+00:00,0.0,426.4,178.3
2025-07-20 22:00:00+00:00,0.0,471.7,299.3
2025-07-20 23:00:00+00:00,0.0,584.2,273.7
2025-07-21 00:00:00+00:00,0.0,812.9,226.4
2025-07-21 01:00:00+00:00,0.0,882.3,497.4
2025-07-21 02:00:00+00:00,0.0,803.3,838.1
2025-07-21 03:00:00+00:00,0.0,909.0,888.9
2025-07-21 04:00:00+00:00,126.2,978.6,896.2
2025-07-21 05:00:00+00:00,790.6,879.6,1061.1
2025-07-21 06:00:00+00:00,1939.9,749.3,1279.3
2025-07-21 07:00:00+00:00,3137.4,931.5,1341.5
2025-07-21 08:00:00+00:00,3326.9,1205.1,1426.9
2025-07-21 09:00:00+00:00,3782.5,1225.4,1068.7
2025-07-21 10:00:00+00:00,4058.3,1170.8,904.3
2025-07-21 11:00:00+00:00,4166.0,891.1,548.0
2025-07-21 12:00:00+00:00,3488.3,964.2,474.2
2025-07-21 13:00:00+00:00,2677.7,959.8,304.4
2025-07-21 14:00:00+00:00,3270.8,776.2,356.5
2025-07-21 15:00:00+00:00,3032.3,488.3,260.1
2025-07-21 16:00:00+00:00,1946.7,514.0,460.2
2025-07-21 17:00:00+00:00,905.0,540.7,657.6
2025-07-21 18:00:00+00:00,294.9,466.8,804.4
2025-07-21 19:00:00+00:00,28.8,508.2,750.2
2025-07-21 20:00:00+00:00,0.0,639.1,839.2
2025-07-21 21:00:00+00:00,0.0,763.7,934.5
2025-07-21 22:00:00+00:00,0.0,827.7,1029.8
2025-07-21 23:00:00+00:00,0.0,840.5,1248.8
2025-07-22 00:00:00+00:00,0.0,803.9,1164.8
2025-07-22 01:00:00+00:00,0.0,722.3,1119.2
2025-07-22 02:00:00+00:00,0.0,680.9,838.7
2025-07-22 03:00:00+00:00,0.0,644.3,769.5
2025-07-22 04:00:00+00:00,93.9,571.8,548.9
2025-07-22 05:00:00+00:00,710.7,462.6,504.3
2025-07-22 06:00:00+00:00,1428.5,406.8,408.4
2025-07-22 07:00:00+00:00,2069.8,443.0,400.9
2025-07-22 08:00:00+00:00,2824.4,491.9,577.4
2025-07-22 09:00:00+00:00,3447.7,498.3,500.7
2025-07-22 10:00:00+00:00,3971.0,639.0,576.3
2025-07-22 11:00:00+00:00,4325.6,729.4,549.8
2025-07-22 12:00:00+00:00,4450.2,778.1,428.9
2025-07-22 13:00:00+00:00,4274.1,882.0,679.1
2025-07-22 14:00:00+00:00,3584.5,871.9,1071.1
2025-07-22 15:00:00+00:00,2681.8,954.5,1090.6
2025-07-22 16:00:00+00:00,1696.9,1091.3,1246.2
2025-07-22 17:00:00+00:00,781.8,1110.1,1351.0
2025-07-22 18:00:00+00:00,210.0,1070.8,1296.1
2025-07-22 19:00:00+00:00,14.6,830.5,1591.5
2025-07-22 20:00:00+00:00,0.0,646.5,1289.8
2025-07-22 21:00:00+00:00,0.0,562.1,915.9
2025-07-22 22:00:00+00:00,0.0,593.2,909.0
2025-07-22 23:00:00+00:00,0.0,551.5,551.8
2025-07-23 00:00:00+00:00,0.0,465.6,641.0
2025-07-23 01:00:00+00:00,0.0,486.1,319.5
2025-07-23 02:00:00+00:00,0.0,536.0,267.6
2025-07-23 03:00:00+00:00,0.0,526.4,173.1
2025-07-23 04:00:00+00:00,97.7,466.7,62.3
2025-07-23 05:00:00+00:00,622.0,341.0,0.9
2025-07-23 06:00:00+00:00,1221.5,272.2,1.6
2025-07-23 07:00:00+00:00,1837.5,291.8,43.5
2025-07-23 08:00:00+00:00,2365.0,354.3,146.2
2025-07-23 09:00:00+00:00,3076.6,346.3,107.1
2025-07-23 10:00:00+00:00,3576.1,295.0,77.0
2025-07-23 11:00:00+00:00,3329.7,268.4,32.1
2025-07-23 12:00:00+00:00,3358.4,204.0,18.0
2025-07-23 13:00:00+00:00,3283.5,176.7,11.2
2025-07-23 14:00:00+00:00,3164.7,158.1,5.2
2025-07-23 15:00:00+00:00,2489.4,148.3,21.3
2025-07-23 16:00:00+00:00,1692.6,186.9,13.9
2025-07-23 17:00:00+00:00,917.1,185.7,27.4
2025-07-23 18:00:00+00:00,368.8,159.5,24.1
2025-07-23 19:00:00+00:00,40.0,118.6,11.0
2025-07-23 20:00:00+00:00,0.0,87.7,53.4
2025-07-23 21:00:00+00:00,0.0,65.9,45.4
2025-07-23 22:00:00+00:00,0.0,72.2,32.8
2025-07-23 23:00:00+00:00,0.0,110.9,0.8
2025-07-24 00:00:00+00:00,0.0,95.3,74.2
2025-07-24 01:00:00+00:00,0.0,118.9,152.6
2025-07-24 02:00:00+00:00,0.0,127.0,78.4
2025-07-24 03:00:00+00:00,0.0,127.0,56.5
2025-07-24 04:00:00+00:00,94.8,123.0,89.8
2025-07-24 05:00:00+00:00,651.0,80.7,110.9
2025-07-24 06:00:00+00:00,1354.9,45.2,179.0
2025-07-24 07:00:00+00:00,1948.7,36.9,117.8
2025-07-24 08:00:00+00:00,2732.0,23.2,47.8
2025-07-24 09:00:00+00:00,3446.5,21.5,33.1
2025-07-24 10:00:00+00:00,4090.3,23.5,73.5
2025-07-24 11:00:00+00:00,4408.2,45.4,192.0
2025-07-24 12:00:00+00:00,4363.6,97.1,457.7
2025-07-24 13:00:00+00:00,3784.0,142.2,518.2
2025-07-24 14:00:00+00:00,3250.3,158.4,486.7
2025-07-24 15:00:00+00:00,2683.5,161.3,113.2
2025-07-24 16:00:00+00:00,1917.1,113.0,0.0
2025-07-24 17:00:00+00:00,1112.9,89.1,0.0
2025-07-24 18:00:00+00:00,430.5,73.8,88.9
2025-07-24 19:00:00+00:00,54.4,54.7,217.7
2025-07-24 20:00:00+00:00,0.0,120.2,198.0
2025-07-24 21:00:00+00:00,0.0,174.2,138.4
2025-07-24 22:00:00+00:00,0.0,122.8,83.1
2025-07-24 23:00:00+00:00,0.0,107.4,125.1
2025-07-25 00:00:00+00:00,0.0,87.8,233.6
2025-07-25 01:00:00+00:00,0.0,83.8,203.0
2025-07-25 02:00:00+00:00,0.0,76.1,307.2
2025-07-25 03:00:00+00:00,0.0,70.5,288.6
2025-07-25 04:00:00+00:00,94.6,79.9,228.9
2025-07-25 05:00:00+00:00,682.2,55.9,168.5
2025-07-25 06:00:00+00:00,1573.4,21.8,201.1
2025-07-25 07:00:00+00:00,2329.8,47.0,116.4
2025-07-25 08:00:00+00:00,2860.1,63.6,92.2
2025-07-25 09:00:00+00:00,3334.1,66.0,133.6
2025-07-25 10:00:00+00:00,3545.7,98.5,115.9
2025-07-25 11:00:00+00:00,3656.8,158.9,61.3
2025-07-25 12:00:00+00:00,3889.1,202.0,1.6
2025-07-25 13:00:00+00:00,4065.8,236.6,0.0
2025-07-25 14:00:00+00:00,3628.9,275.5,0.0
2025-07-25 15:00:00+00:00,2984.8,290.5,0.0
2025-07-25 16:00:00+00:00,2229.2,305.6,0.0
2025-07-25 17:00:00+00:00,1377.5,247.3,0.0
2025-07-25 18:00:00+00:00,546.5,154.2,0.0
2025-07-25 19:00:00+00:00,63.9,102.0,0.0
2025-07-25 20:00:00+00:00,0.0,62.0,26.9
2025-07-25 21:00:00+00:00,0.0,41.3,72.3
2025-07-25 22:00:00+00:00,0.0,31.4,120.0
2025-07-25 23:00:00+00:00,0.0,23.4,192.7
2025-07-26 00:00:00+00:00,0.0,30.7,246.5
2025-07-26 01:00:00+00:00,0.0,50.5,292.9
2025-07-26 02:00:00+00:00,0.0,60.6,270.0
2025-07-26 03:00:00+00:00,0.0,77.5,265.8
2025-07-26 04:00:00+00:00,94.4,91.9,302.7
2025-07-26 05:00:00+00:00,650.7,119.6,360.1
2025-07-26 06:00:00+00:00,1594.9,100.1,476.2
2025-07-26 07:00:00+00:00,2891.7,73.2,604.7
2025-07-26 08:00:00+00:00,4338.4,114.0,472.6
2025-07-26 09:00:00+00:00,5388.6,172.5,469.5
2025-07-26 10:00:00+00:00,5498.4,232.7,587.6
2025-07-26 11:00:00+00:00,4791.8,303.4,583.0
2025-07-26 12:00:00+00:00,4189.2,355.9,570.6
2025-07-26 13:00:00+00:00,4024.1,377.0,573.9
2025-07-26 14:00:00+00:00,3460.6,441.9,505.2
2025-07-26 15:00:00+00:00,2319.4,486.6,612.6
2025-07-26 16:00:00+00:00,1487.1,536.9,512.3
2025-07-26 17:00:00+00:00,848.2,497.3,260.8
2025-07-26 18:00:00+00:00,253.2,344.8,200.4
2025-07-26 19:00:00+00:00,18.1,281.1,106.8
2025-07-26 20:00:00+00:00,0.0,235.4,54.8
2025-07-26 21:00:00+00:00,0.0,164.0,2.2
2025-07-26 22:00:00+00:00,0.0,116.5,0.0
2025-07-26 23:00:00+00:00,0.0,91.9,2.6
2025-07-27 00:00:00+00:00,0.0,97.4,62.1
2025-07-27 01:00:00+00:00,0.0,125.7,118.1
2025-07-27 02:00:00+00:00,0.0,108.1,360.0
2025-07-27 03:00:00+00:00,0.0,117.7,218.9
2025-07-27 04:00:00+00:00,74.6,139.8,205.7
2025-07-27 05:00:00+00:00,498.9,110.3,104.3
2025-07-27 06:00:00+00:00,992.5,136.0,57.7
2025-07-27 07:00:00+00:00,1523.7,165.2,60.4
2025-07-27 08:00:00+00:00,2186.9,129.7,48.0
2025-07-27 09:00:00+00:00,2673.4,136.0,44.8
2025-07-27 10:00:00+00:00,3263.5,161.4,27.7
2025-07-27 11:00:00+00:00,3262.8,190.2,33.0
2025-07-27 12:00:00+00:00,3166.7,227.9,4.6
2025-07-27 13:00:00+00:00,3092.9,264.4,0.0
2025-07-27 14:00:00+00:00,2384.2,271.4,46.3
2025-07-27 15:00:00+00:00,1647.5,355.6,312.6
2025-07-27 16:00:00+00:00,1188.6,435.0,383.2
2025-07-27 17:00:00+00:00,585.8,474.2,384.7
2025-07-27 18:00:00+00:00,167.2,417.8,283.2
2025-07-27 19:00:00+00:00,8.8,318.9,299.2
2025-07-27 20:00:00+00:00,0.0,341.1,279.4
2025-07-27 21:00:00+00:00,0.0,353.9,294.3
2025-07-27 22:00:00+00:00,0.0,344.9,245.1
2025-07-27 23:00:00+00:00,0.0,331.3,263.7
2025-07-28 00:00:00+00:00,0.0,347.3,374.4
2025-07-28 01:00:00+00:00,0.0,386.7,343.1
2025-07-28 02:00:00+00:00,0.0,376.0,453.3
2025-07-28 03:00:00+00:00,0.0,340.4,473.1
2025-07-28 04:00:00+00:00,48.2,377.4,306.1
2025-07-28 05:00:00+00:00,433.2,296.1,440.9
2025-07-28 06:00:00+00:00,1158.7,244.8,299.7
2025-07-28 07:00:00+00:00,1990.7,267.6,270.7
2025-07-28 08:00:00+00:00,2626.0,364.3,286.1
2025-07-28 09:00:00+00:00,3095.3,434.7,260.0
2025-07-28 10:00:00+00:00,3755.0,469.2,316.3
2025-07-28 11:00:00+00:00,4146.6,528.4,323.7
2025-07-28 12:00:00+00:00,4113.4,530.8,233.4
2025-07-28 13:00:00+00:00,3932.0,645.7,163.7
2025-07-28 14:00:00+00:00,3611.5,671.2,87.0
2025-07-28 15:00:00+00:00,3310.4,602.5,107.5
2025-07-28 16:00:00+00:00,2409.8,591.1,90.2
2025-07-28 17:00:00+00:00,1372.1,491.4,97.1
2025-07-28 18:00:00+00:00,439.8,313.1,100.7
2025-07-28 19:00:00+00:00,23.5,236.5,54.1
2025-07-28 20:00:00+00:00,0.0,216.6,2.9
2025-07-28 21:00:00+00:00,0.0,161.6,14.2
2025-07-28 22:00:00+00:00,0.0,140.3,56.7
2025-07-28 23:00:00+00:00,0.0,140.1,90.2
2025-07-29 00:00:00+00:00,0.0,171.2,153.3
2025-07-29 01:00:00+00:00,0.0,175.5,214.0
2025-07-29 02:00:00+00:00,0.0,223.0,98.3
2025-07-29 03:00:00+00:00,0.0,290.9,18.3
2025-07-29 04:00:00+00:00,81.3,328.6,0.0
2025-07-29 05:00:00+00:00,695.0,306.7,0.0
2025-07-29 06:00:00+00:00,1531.9,190.9,0.0
2025-07-29 07:00:00+00:00,2544.8,135.1,0.0
2025-07-29 08:00:00+00:00,3472.1,143.0,0.0
2025-07-29 09:00:00+00:00,4201.3,235.5,0.0
2025-07-29 10:00:00+00:00,3896.1,336.1,90.6
2025-07-29 11:00:00+00:00,3502.3,443.9,254.4
2025-07-29 12:00:00+00:00,3192.0,560.9,220.4
2025-07-29 13:00:00+00:00,2773.7,638.2,310.3
2025-07-29 14:00:00+00:00,2363.4,637.3,300.7
2025-07-29 15:00:00+00:00,1964.4,596.6,223.7
2025-07-29 16:00:00+00:00,1589.1,453.3,134.2
2025-07-29 17:00:00+00:00,921.1,353.2,30.2
2025-07-29 18:00:00+00:00,291.9,272.9,16.2
2025-07-29 19:00:00+00:00,26.1,269.9,0.0
2025-07-29 20:00:00+00:00,0.0,235.1,0.9
2025-07-29 21:00:00+00:00,0.0,205.6,0.0
2025-07-29 22:00:00+00:00,0.0,204.6,0.0
2025-07-29 23:00:00+00:00,0.0,236.0,165.0
2025-07-30 00:00:00+00:00,0.0,256.9,314.3
2025-07-30 01:00:00+00:00,0.0,244.7,222.9
2025-07-30 02:00:00+00:00,0.0,247.3,131.2
2025-07-30 03:00:00+00:00,0.0,255.8,105.7
2025-07-30 04:00:00+00:00,61.6,248.7,78.5
2025-07-30 05:00:00+00:00,461.5,177.7,43.4
2025-07-30 06:00:00+00:00,1089.8,109.7,85.5
2025-07-30 07:00:00+00:00,1905.1,86.0,116.0
2025-07-30 08:00:00+00:00,2599.7,163.2,107.3
2025-07-30 09:00:00+00:00,3284.2,251.4,131.1
2025-07-30 10:00:00+00:00,4112.1,301.7,106.7
2025-07-30 11:00:00+00:00,4800.5,395.6,96.2
2025-07-30 12:00:00+00:00,5020.9,440.9,99.3
2025-07-30 13:00:00+00:00,5134.0,483.7,11.8
2025-07-30 14:00:00+00:00,4820.3,562.1,0.0
2025-07-30 15:00:00+00:00,4029.3,555.2,0.0
2025-07-30 16:00:00+00:00,2771.8,467.4,29.7
2025-07-30 17:00:00+00:00,1507.8,336.3,79.0
2025-07-30 18:00:00+00:00,441.9,228.2,294.5
2025-07-30 19:00:00+00:00,17.9,168.8,463.9
2025-07-30 20:00:00+00:00,0.0,167.2,700.6
2025-07-30 21:00:00+00:00,0.0,205.1,945.7
2025-07-30 22:00:00+00:00,0.0,285.7,1004.6
2025-07-30 23:00:00+00:00,0.0,428.5,848.3
2025-07-31 00:00:00+00:00,0.0,546.4,629.4
2025-07-31 01:00:00+00:00,0.0,636.9,368.7
2025-07-31 02:00:00+00:00,0.0,661.3,261.6
2025-07-31 03:00:00+00:00,0.0,594.2,225.0
2025-07-31 04:00:00+00:00,40.2,541.3,219.2
2025-07-31 05:00:00+00:00,556.1,446.3,224.8
2025-07-31 06:00:00+00:00,1271.4,342.2,229.2
2025-07-31 07:00:00+00:00,2167.3,349.9,107.9
2025-07-31 08:00:00+00:00,3080.4,379.4,145.7
2025-07-31 09:00:00+00:00,3547.9,443.0,243.9
2025-07-31 10:00:00+00:00,3216.2,560.8,383.7
2025-07-31 11:00:00+00:00,2754.8,579.5,187.1
2025-07-31 12:00:00+00:00,2231.4,589.6,113.7
2025-07-31 13:00:00+00:00,1696.6,537.3,282.2
2025-07-31 14:00:00+00:00,1225.4,435.3,617.9
2025-07-31 15:00:00+00:00,820.6,467.3,743.2
2025-07-31 16:00:00+00:00,511.5,502.4,719.3
2025-07-31 17:00:00+00:00,353.0,520.5,476.1
2025-07-31 18:00:00+00:00,144.1,491.2,170.9
2025-07-31 19:00:00+00:00,8.5,438.9,1.9
2025-07-31 20:00:00+00:00,0.0,405.9,0.0
2025-07-31 21:00:00+00:00,0.0,317.2,0.0
2025-07-31 22:00:00+00:00,0.0,229.4,0.0
2025-07-31 23:00:00+00:00,0.0,218.8,0.0
2025-08-01 00:00:00+00:00,0.0,195.0,0.0
2025-08-01 01:00:00+00:00,0.0,207.5,13.4
2025-08-01 02:00:00+00:00,0.0,206.6,114.0
2025-08-01 03:00:00+00:00,0.0,195.0,102.1
2025-08-01 04:00:00+00:00,47.4,198.7,254.9
2025-08-01 05:00:00+00:00,539.8,183.4,284.7
2025-08-01 06:00:00+00:00,1440.4,143.8,275.2
2025-08-01 07:00:00+00:00,2496.2,178.7,344.0
2025-08-01 08:00:00+00:00,3452.0,268.2,388.7
2025-08-01 09:00:00+00:00,4022.4,382.2,473.4
2025-08-01 10:00:00+00:00,4368.1,585.8,444.9
2025-08-01 11:00:00+00:00,4454.1,668.7,273.0
2025-08-01 12:00:00+00:00,4637.2,821.7,337.8
2025-08-01 13:00:00+00:00,4667.4,676.6,621.9
2025-08-01 14:00:00+00:00,3850.1,698.0,838.6
2025-08-01 15:00:00+00:00,2794.0,755.7,1051.8
2025-08-01 16:00:00+00:00,1775.0,874.5,981.4
2025-08-01 17:00:00+00:00,858.4,761.3,1252.1
2025-08-01 18:00:00+00:00,261.8,680.9,1357.0
2025-08-01 19:00:00+00:00,12.4,540.4,1098.9
2025-08-01 20:00:00+00:00,0.0,420.0,1109.8
2025-08-01 21:00:00+00:00,0.0,375.9,1339.5
2025-08-01 22:00:00+00:00,0.0,383.5,1046.4
2025-08-01 23:00:00+00:00,0.0,443.8,1173.8
2025-08-02 00:00:00+00:00,0.0,495.5,1528.4
2025-08-02 01:00:00+00:00,0.0,565.7,1817.1
2025-08-02 02:00:00+00:00,0.0,589.8,1988.8
2025-08-02 03:00:00+00:00,0.0,579.4,1919.5
2025-08-02 04:00:00+00:00,38.6,546.1,1958.1
2025-08-02 05:00:00+00:00,378.4,510.4,1718.3
2025-08-02 06:00:00+00:00,913.1,549.9,1680.7
2025-08-02 07:00:00+00:00,1471.3,646.4,1469.4
2025-08-02 08:00:00+00:00,2034.2,736.3,1394.2
2025-08-02 09:00:00+00:00,2632.5,718.7,1325.7
2025-08-02 10:00:00+00:00,2990.8,876.2,1138.7
2025-08-02 11:00:00+00:00,3584.0,818.3,1179.7
2025-08-02 12:00:00+00:00,3648.5,829.8,929.2
2025-08-02 13:00:00+00:00,3801.7,828.6,776.2
2025-08-02 14:00:00+00:00,3395.6,828.4,784.9
2025-08-02 15:00:00+00:00,3047.2,748.3,550.5
2025-08-02 16:00:00+00:00,1881.5,858.7,493.5
2025-08-02 17:00:00+00:00,806.8,716.4,225.9
2025-08-02 18:00:00+00:00,266.7,530.3,80.8
2025-08-02 19:00:00+00:00,21.2,284.0,0.1
2025-08-02 20:00:00+00:00,0.0,167.6,0.0
2025-08-02 21:00:00+00:00,0.0,146.5,27.3
2025-08-02 22:00:00+00:00,0.0,221.0,328.2
2025-08-02 23:00:00+00:00,0.0,337.1,709.9
2025-08-03 00:00:00+00:00,0.0,424.0,953.0
2025-08-03 01:00:00+00:00,0.0,542.9,1234.5
2025-08-03 02:00:00+00:00,0.0,598.0,1306.8
2025-08-03 03:00:00+00:00,0.0,625.6,1218.4
2025-08-03 04:00:00+00:00,44.0,755.9,549.0
2025-08-03 05:00:00+00:00,664.2,690.0,191.4
2025-08-03 06:00:00+00:00,1845.8,489.0,108.9
2025-08-03 07:00:00+00:00,3372.4,382.0,218.7
2025-08-03 08:00:00+00:00,4879.2,439.8,407.4
2025-08-03 09:00:00+00:00,5563.3,623.3,760.3
2025-08-03 10:00:00+00:00,5294.6,825.0,1014.7
2025-08-03 11:00:00+00:00,5287.3,784.6,1126.7
2025-08-03 12:00:00+00:00,5057.5,769.9,1293.5
2025-08-03 13:00:00+00:00,4702.1,818.8,1296.5
2025-08-03 14:00:00+00:00,3993.6,937.4,1605.1
2025-08-03 15:00:00+00:00,2984.7,927.0,1988.1
2025-08-03 16:00:00+00:00,1682.4,892.4,1831.9
2025-08-03 17:00:00+00:00,486.2,915.4,2059.8
2025-08-03 18:00:00+00:00,76.9,747.4,2030.9
2025-08-03 19:00:00+00:00,0.2,709.6,1867.5
2025-08-03 20:00:00+00:00,0.0,701.8,1610.7
2025-08-03 21:00:00+00:00,0.0,642.2,581.5
2025-08-03 22:00:00+00:00,0.0,655.3,572.6
2025-08-03 23:00:00+00:00,0.0,596.0,557.6
2025-08-04 00:00:00+00:00,0.0,521.2,431.4
2025-08-04 01:00:00+00:00,0.0,504.1,181.2
2025-08-04 02:00:00+00:00,0.0,429.7,61.2
2025-08-04 03:00:00+00:00,0.0,330.4,152.2
2025-08-04 04:00:00+00:00,21.4,308.1,166.2
2025-08-04 05:00:00+00:00,302.4,336.2,36.3
2025-08-04 06:00:00+00:00,865.3,328.0,36.7
2025-08-04 07:00:00+00:00,1634.5,364.9,267.9
2025-08-04 08:00:00+00:00,2782.3,571.2,1054.8
2025-08-04 09:00:00+00:00,4137.5,674.2,1564.3
2025-08-04 10:00:00+00:00,5449.8,879.9,1571.6
2025-08-04 11:00:00+00:00,5568.7,1019.3,1605.0
2025-08-04 12:00:00+00:00,5351.3,1163.1,1664.5
2025-08-04 13:00:00+00:00,4256.3,1280.1,1785.4
2025-08-04 14:00:00+00:00,2831.0,1642.9,2148.0
2025-08-04 15:00:00+00:00,1669.3,1642.9,2155.2
2025-08-04 16:00:00+00:00,1151.6,1385.3,2155.1
2025-08-04 17:00:00+00:00,609.5,1212.3,2157.7
2025-08-04 18:00:00+00:00,113.5,1121.3,2156.1
2025-08-04 19:00:00+00:00,0.4,1203.2,2155.6
2025-08-04 20:00:00+00:00,0.0,1229.3,2103.6
2025-08-04 21:00:00+00:00,0.0,929.6,1832.7
2025-08-04 22:00:00+00:00,0.0,897.9,1366.7
2025-08-04 23:00:00+00:00,0.0,776.3,624.1
2025-08-05 00:00:00+00:00,0.0,591.4,492.6
2025-08-05 01:00:00+00:00,0.0,445.9,663.2
2025-08-05 02:00:00+00:00,0.0,357.4,741.9
2025-08-05 03:00:00+00:00,0.0,359.9,587.5
2025-08-05 04:00:00+00:00,10.5,426.2,818.1
2025-08-05 05:00:00+00:00,396.4,407.4,970.4
2025-08-05 06:00:00+00:00,1536.1,360.3,1140.8
2025-08-05 07:00:00+00:00,3123.9,429.9,1219.0
2025-08-05 08:00:00+00:00,4256.6,587.9,1309.9
2025-08-05 09:00:00+00:00,4789.4,733.4,1176.7
2025-08-05 10:00:00+00:00,5459.2,867.4,1225.7
2025-08-05 11:00:00+00:00,5682.1,948.1,1353.0
2025-08-05 12:00:00+00:00,5464.0,1059.0,1286.9
2025-08-05 13:00:00+00:00,4551.7,1235.8,1345.7
2025-08-05 14:00:00+00:00,3724.4,1226.6,1109.3
2025-08-05 15:00:00+00:00,2878.4,1274.2,996.6
2025-08-05 16:00:00+00:00,2123.9,1060.6,646.9
2025-08-05 17:00:00+00:00,1190.2,749.8,441.6
2025-08-05 18:00:00+00:00,351.0,452.0,488.9
2025-08-05 19:00:00+00:00,9.9,456.4,352.9
2025-08-05 20:00:00+00:00,0.0,685.7,306.5
2025-08-05 21:00:00+00:00,0.0,770.2,415.7
2025-08-05 22:00:00+00:00,0.0,727.2,611.8
2025-08-05 23:00:00+00:00,0.0,638.1,399.8
2025-08-06 00:00:00+00:00,0.0,513.6,351.0
2025-08-06 01:00:00+00:00,0.0,361.8,389.5
2025-08-06 02:00:00+00:00,0.0,246.8,361.7
2025-08-06 03:00:00+00:00,0.0,169.9,185.1
2025-08-06 04:00:00+00:00,55.2,104.4,62.2
2025-08-06 05:00:00+00:00,678.4,84.1,67.1
2025-08-06 06:00:00+00:00,1733.5,42.3,38.2
2025-08-06 07:00:00+00:00,3033.1,14.3,23.3
2025-08-06 08:00:00+00:00,4462.2,19.1,14.0
2025-08-06 09:00:00+00:00,5306.0,48.1,26.8
2025-08-06 10:00:00+00:00,4948.5,92.1,20.8
2025-08-06 11:00:00+00:00,5104.5,100.3,23.1
2025-08-06 12:00:00+00:00,5218.3,71.3,2.9
2025-08-06 13:00:00+00:00,5198.9,42.9,7.3
2025-08-06 14:00:00+00:00,4480.4,42.7,0.0
2025-08-06 15:00:00+00:00,3389.7,25.6,0.0
2025-08-06 16:00:00+00:00,2070.8,26.0,0.0
2025-08-06 17:00:00+00:00,1122.3,27.4,0.0
2025-08-06 18:00:00+00:00,318.2,40.7,0.0
2025-08-06 19:00:00+00:00,6.1,52.2,0.0
2025-08-06 20:00:00+00:00,0.0,69.5,9.6
2025-08-06 21:00:00+00:00,0.0,88.9,75.4
2025-08-06 22:00:00+00:00,0.0,138.5,133.6
2025-08-06 23:00:00+00:00,0.0,188.2,189.7
2025-08-07 00:00:00+00:00,0.0,237.2,210.1
2025-08-07 01:00:00+00:00,0.0,306.6,211.3
2025-08-07 02:00:00+00:00,0.0,376.6,151.4
2025-08-07 03:00:00+00:00,0.0,342.4,183.9
2025-08-07 04:00:00+00:00,38.5,346.5,202.5
2025-08-07 05:00:00+00:00,559.3,355.0,194.8
2025-08-07 06:00:00+00:00,1544.7,287.8,209.2
2025-08-07 07:00:00+00:00,2763.9,170.1,161.3
2025-08-07 08:00:00+00:00,4457.5,186.2,236.9
2025-08-07 09:00:00+00:00,5639.1,293.3,257.2
2025-08-07 10:00:00+00:00,6306.2,383.0,369.3
2025-08-07 11:00:00+00:00,5828.4,430.8,441.4
2025-08-07 12:00:00+00:00,4794.1,484.8,481.5
2025-08-07 13:00:00+00:00,4172.7,417.1,894.0
2025-08-07 14:00:00+00:00,3077.0,423.1,1489.3
2025-08-07 15:00:00+00:00,2158.0,426.4,1760.5
2025-08-07 16:00:00+00:00,1385.3,358.2,1499.0
2025-08-07 17:00:00+00:00,659.0,249.0,1423.5
2025-08-07 18:00:00+00:00,142.9,182.5,1774.6
2025-08-07 19:00:00+00:00,0.9,197.8,1815.4
2025-08-07 20:00:00+00:00,0.0,297.8,1828.2
2025-08-07 21:00:00+00:00,0.0,401.6,1767.4
2025-08-07 22:00:00+00:00,0.0,471.3,1829.5
2025-08-07 23:00:00+00:00,0.0,505.4,1657.0
2025-08-08 00:00:00+00:00,0.0,498.9,1450.7
2025-08-08 01:00:00+00:00,0.0,509.5,1154.1
2025-08-08 02:00:00+00:00,0.0,477.4,915.2
2025-08-08 03:00:00+00:00,0.0,424.8,789.2
2025-08-08 04:00:00+00:00,14.7,360.5,506.3
2025-08-08 05:00:00+00:00,318.4,275.4,469.2
2025-08-08 06:00:00+00:00,863.0,196.3,426.6
2025-08-08 07:00:00+00:00,1502.8,178.4,272.1
2025-08-08 08:00:00+00:00,2107.6,165.9,181.8
2025-08-08 09:00:00+00:00,2811.1,164.2,109.6
2025-08-08 10:00:00+00:00,3170.3,179.5,95.4
2025-08-08 11:00:00+00:00,3603.1,206.4,107.3
2025-08-08 12:00:00+00:00,3890.5,211.8,109.1
2025-08-08 13:00:00+00:00,3299.4,212.2,130.6
2025-08-08 14:00:00+00:00,2542.7,205.7,156.0
2025-08-08 15:00:00+00:00,1915.2,153.8,166.1
2025-08-08 16:00:00+00:00,1301.6,153.6,148.8
2025-08-08 17:00:00+00:00,748.6,89.9,115.5
2025-08-08 18:00:00+00:00,323.5,51.4,158.0
2025-08-08 19:00:00+00:00,14.6,35.2,120.9
2025-08-08 20:00:00+00:00,0.0,31.6,87.7
2025-08-08 21:00:00+00:00,0.0,22.1,101.6
2025-08-08 22:00:00+00:00,0.0,20.7,165.2
2025-08-08 23:00:00+00:00,0.0,23.6,140.6
2025-08-09 00:00:00+00:00,0.0,27.9,131.0
2025-08-09 01:00:00+00:00,0.0,30.8,83.1
2025-08-09 02:00:00+00:00,0.0,33.0,46.5
2025-08-09 03:00:00+00:00,0.0,38.4,65.4
2025-08-09 04:00:00+00:00,24.0,50.3,96.8
2025-08-09 05:00:00+00:00,426.5,70.0,140.7
2025-08-09 06:00:00+00:00,1202.5,94.4,72.5
2025-08-09 07:00:00+00:00,2758.3,76.6,103.0
2025-08-09 08:00:00+00:00,4568.2,102.5,148.0
2025-08-09 09:00:00+00:00,5674.7,171.7,121.7
2025-08-09 10:00:00+00:00,6469.2,253.8,125.9
2025-08-09 11:00:00+00:00,6825.8,305.4,251.9
2025-08-09 12:00:00+00:00,6845.6,323.5,334.6
2025-08-09 13:00:00+00:00,6346.5,358.6,324.4
2025-08-09 14:00:00+00:00,5495.3,370.0,522.9
2025-08-09 15:00:00+00:00,4114.9,390.3,633.6
2025-08-09 16:00:00+00:00,2587.7,423.3,843.5
2025-08-09 17:00:00+00:00,1327.7,314.8,1118.6
2025-08-09 18:00:00+00:00,309.5,254.7,1258.1
2025-08-09 19:00:00+00:00,3.2,310.4,1258.4
2025-08-09 20:00:00+00:00,0.0,275.4,1180.2
2025-08-09 21:00:00+00:00,0.0,254.4,933.8
2025-08-09 22:00:00+00:00,0.0,211.1,626.0
2025-08-09 23:00:00+00:00,0.0,176.2,439.4
2025-08-10 00:00:00+00:00,0.0,147.4,297.2
2025-08-10 01:00:00+00:00,0.0,134.5,353.4
2025-08-10 02:00:00+00:00,0.0,116.1,280.5
2025-08-10 03:00:00+00:00,0.0,82.8,255.3
2025-08-10 04:00:00+00:00,41.2,78.4,184.4
2025-08-10 05:00:00+00:00,672.6,76.4,104.8
2025-08-10 06:00:00+00:00,1797.4,51.7,72.2
2025-08-10 07:00:00+00:00,3228.6,18.0,12.9
2025-08-10 08:00:00+00:00,4709.0,14.9,0.0
2025-08-10 09:00:00+00:00,5830.4,15.7,0.0
2025-08-10 10:00:00+00:00,6449.4,17.2,0.0
2025-08-10 11:00:00+00:00,6186.1,18.1,0.0
2025-08-10 12:00:00+00:00,5899.2,29.8,0.0
2025-08-10 13:00:00+00:00,5481.1,42.2,3.9
2025-08-10 14:00:00+00:00,4715.6,60.7,21.0
2025-08-10 15:00:00+00:00,3603.2,100.6,45.1
2025-08-10 16:00:00+00:00,2357.2,143.4,48.7
2025-08-10 17:00:00+00:00,1222.0,196.8,86.5
2025-08-10 18:00:00+00:00,273.2,239.0,95.2
2025-08-10 19:00:00+00:00,2.1,337.6,90.8
2025-08-10 20:00:00+00:00,0.0,474.9,151.1
2025-08-10 21:00:00+00:00,0.0,602.5,147.6
2025-08-10 22:00:00+00:00,0.0,658.8,99.7
2025-08-10 23:00:00+00:00,0.0,660.9,110.6
2025-08-11 00:00:00+00:00,0.0,581.2,159.8
2025-08-11 01:00:00+00:00,0.0,470.1,101.6
2025-08-11 02:00:00+00:00,0.0,385.5,98.3
2025-08-11 03:00:00+00:00,0.0,353.7,82.6
2025-08-11 04:00:00+00:00,37.1,316.6,96.8
2025-08-11 05:00:00+00:00,663.0,284.3,28.5
2025-08-11 06:00:00+00:00,1797.1,215.4,0.0
2025-08-11 07:00:00+00:00,3227.2,55.4,0.0
2025-08-11 08:00:00+00:00,4711.8,27.1,0.0
2025-08-11 09:00:00+00:00,5857.5,83.3,0.0
2025-08-11 10:00:00+00:00,6736.0,148.3,0.0
2025-08-11 11:00:00+00:00,7099.5,133.1,0.0
2025-08-11 12:00:00+00:00,7001.5,131.3,3.5
2025-08-11 13:00:00+00:00,6395.7,142.8,55.9
2025-08-11 14:00:00+00:00,5410.1,178.9,118.7
2025-08-11 15:00:00+00:00,4011.4,186.6,166.8
2025-08-11 16:00:00+00:00,2487.1,200.7,266.1
2025-08-11 17:00:00+00:00,1242.3,252.4,363.4
2025-08-11 18:00:00+00:00,258.4,342.7,432.1
2025-08-11 19:00:00+00:00,0.7,607.7,531.7
2025-08-11 20:00:00+00:00,0.0,789.8,456.0
2025-08-11 21:00:00+00:00,0.0,709.8,497.2
2025-08-11 22:00:00+00:00,0.0,641.3,637.9
2025-08-11 23:00:00+00:00,0.0,698.8,634.9
2025-08-12 00:00:00+00:00,0.0,617.6,654.2
2025-08-12 01:00:00+00:00,0.0,466.8,357.9
2025-08-12 02:00:00+00:00,0.0,343.5,265.5
2025-08-12 03:00:00+00:00,0.0,361.9,398.2
2025-08-12 04:00:00+00:00,29.1,401.4,144.6
2025-08-12 05:00:00+00:00,445.6,383.1,50.3
2025-08-12 06:00:00+00:00,1208.9,270.3,16.1
2025-08-12 07:00:00+00:00,2474.4,188.6,3.1
2025-08-12 08:00:00+00:00,4050.4,122.5,22.6
2025-08-12 09:00:00+00:00,5399.8,72.3,100.8
2025-08-12 10:00:00+00:00,6394.7,98.5,66.4
2025-08-12 11:00:00+00:00,6823.9,147.1,79.9
2025-08-12 12:00:00+00:00,6720.8,151.9,74.9
2025-08-12 13:00:00+00:00,6081.5,124.6,123.2
2025-08-12 14:00:00+00:00,5097.1,95.5,110.8
2025-08-12 15:00:00+00:00,3702.2,82.4,89.0
2025-08-12 16:00:00+00:00,2230.4,75.3,82.7
2025-08-12 17:00:00+00:00,1012.2,76.4,123.9
2025-08-12 18:00:00+00:00,187.0,153.0,161.0
2025-08-12 19:00:00+00:00,1.0,278.2,95.4
2025-08-12 20:00:00+00:00,0.0,301.1,37.3
2025-08-12 21:00:00+00:00,0.0,263.3,12.5
2025-08-12 22:00:00+00:00,0.0,221.8,10.2
2025-08-12 23:00:00+00:00,0.0,233.5,18.7
2025-08-13 00:00:00+00:00,0.0,289.8,28.7
2025-08-13 01:00:00+00:00,0.0,324.7,14.1
2025-08-13 02:00:00+00:00,0.0,227.8,105.1
2025-08-13 03:00:00+00:00,0.0,175.4,191.5
2025-08-13 04:00:00+00:00,30.8,270.0,136.2
2025-08-13 05:00:00+00:00,475.3,260.9,334.0
2025-08-13 06:00:00+00:00,1297.2,101.4,94.0
2025-08-13 07:00:00+00:00,2521.6,55.1,206.1
2025-08-13 08:00:00+00:00,4030.9,34.1,150.0
2025-08-13 09:00:00+00:00,4999.2,34.4,49.5
2025-08-13 10:00:00+00:00,5876.2,33.6,33.2
2025-08-13 11:00:00+00:00,6406.0,49.0,34.5
2025-08-13 12:00:00+00:00,5740.3,108.3,66.9
2025-08-13 13:00:00+00:00,4577.3,90.8,9.6
2025-08-13 14:00:00+00:00,3629.6,54.3,61.8
2025-08-13 15:00:00+00:00,2605.2,52.5,82.4
2025-08-13 16:00:00+00:00,1476.5,81.7,98.7
2025-08-13 17:00:00+00:00,720.4,100.9,192.8
2025-08-13 18:00:00+00:00,111.9,152.7,5.2
2025-08-13 19:00:00+00:00,0.0,120.3,0.0
2025-08-13 20:00:00+00:00,0.0,71.2,0.0
2025-08-13 21:00:00+00:00,0.0,68.4,51.1
2025-08-13 22:00:00+00:00,0.0,87.9,46.4
2025-08-13 23:00:00+00:00,0.0,293.1,33.1
2025-08-14 00:00:00+00:00,0.0,377.6,188.6
2025-08-14 01:00:00+00:00,0.0,303.3,358.0
2025-08-14 02:00:00+00:00,0.0,130.6,205.2
2025-08-14 03:00:00+00:00,0.0,149.0,149.3
2025-08-14 04:00:00+00:00,8.9,216.7,67.3
2025-08-14 05:00:00+00:00,307.7,196.5,119.0
2025-08-14 06:00:00+00:00,1089.8,141.5,295.7
2025-08-14 07:00:00+00:00,2257.6,67.5,477.7
2025-08-14 08:00:00+00:00,3621.0,58.4,687.4
2025-08-14 09:00:00+00:00,4604.6,56.7,533.6
2025-08-14 10:00:00+00:00,5115.5,62.8,187.4
2025-08-14 11:00:00+00:00,5700.2,78.6,122.1
2025-08-14 12:00:00+00:00,6079.0,106.5,189.9
2025-08-14 13:00:00+00:00,5694.2,122.2,277.9
2025-08-14 14:00:00+00:00,4803.4,153.4,314.3
2025-08-14 15:00:00+00:00,3497.7,218.9,309.0
2025-08-14 16:00:00+00:00,2134.7,267.5,361.8
2025-08-14 17:00:00+00:00,997.5,301.9,350.6
2025-08-14 18:00:00+00:00,161.3,343.1,251.7
2025-08-14 19:00:00+00:00,1.0,314.5,125.0
2025-08-14 20:00:00+00:00,0.0,214.2,52.3
2025-08-14 21:00:00+00:00,0.0,164.3,52.3
2025-08-14 22:00:00+00:00,0.0,93.6,28.2
2025-08-14 23:00:00+00:00,0.0,64.1,23.4
2025-08-15 00:00:00+00:00,0.0,58.8,23.3
2025-08-15 01:00:00+00:00,0.0,63.5,14.6
2025-08-15 02:00:00+00:00,0.0,87.0,6.0
2025-08-15 03:00:00+00:00,0.0,87.6,0.0
2025-08-15 04:00:00+00:00,18.5,66.5,0.0
2025-08-15 05:00:00+00:00,521.0,55.8,0.0
2025-08-15 06:00:00+00:00,1577.1,36.5,0.0
2025-08-15 07:00:00+00:00,2967.2,21.1,0.0
2025-08-15 08:00:00+00:00,4348.5,21.1,0.0
2025-08-15 09:00:00+00:00,5486.8,23.7,3.9
2025-08-15 10:00:00+00:00,6275.2,43.2,0.0
2025-08-15 11:00:00+00:00,6385.0,61.8,17.9
2025-08-15 12:00:00+00:00,6260.9,99.3,34.2
2025-08-15 13:00:00+00:00,5636.5,165.6,67.9
2025-08-15 14:00:00+00:00,4753.4,282.0,118.5
2025-08-15 15:00:00+00:00,3573.9,414.1,230.2
2025-08-15 16:00:00+00:00,2217.8,507.7,390.9
2025-08-15 17:00:00+00:00,1063.1,552.0,590.3
2025-08-15 18:00:00+00:00,193.4,602.1,460.2
2025-08-15 19:00:00+00:00,0.2,554.3,224.1
2025-08-15 20:00:00+00:00,0.0,457.9,263.3
2025-08-15 21:00:00+00:00,0.0,377.7,411.9
2025-08-15 22:00:00+00:00,0.0,369.8,539.2
2025-08-15 23:00:00+00:00,0.0,341.3,604.1
2025-08-16 00:00:00+00:00,0.0,328.5,637.5
2025-08-16 01:00:00+00:00,0.0,303.3,696.4
2025-08-16 02:00:00+00:00,0.0,248.6,759.8
2025-08-16 03:00:00+00:00,0.0,212.4,716.3
2025-08-16 04:00:00+00:00,1.5,197.6,710.6
2025-08-16 05:00:00+00:00,108.1,167.3,747.0
2025-08-16 06:00:00+00:00,404.9,141.8,705.8
2025-08-16 07:00:00+00:00,748.9,167.8,745.0
2025-08-16 08:00:00+00:00,1081.3,246.1,899.8
2025-08-16 09:00:00+00:00,1233.5,339.7,927.0
2025-08-16 10:00:00+00:00,1363.5,399.9,816.0
2025-08-16 11:00:00+00:00,1522.2,397.1,716.5
2025-08-16 12:00:00+00:00,1618.9,423.2,533.3
2025-08-16 13:00:00+00:00,1544.3,433.8,546.9
2025-08-16 14:00:00+00:00,1297.3,489.0,571.2
2025-08-16 15:00:00+00:00,1201.4,489.3,596.1
2025-08-16 16:00:00+00:00,916.3,526.8,723.0
2025-08-16 17:00:00+00:00,479.7,501.7,752.2
2025-08-16 18:00:00+00:00,83.8,439.9,760.3
2025-08-16 19:00:00+00:00,0.1,406.7,806.3
2025-08-16 20:00:00+00:00,0.0,415.4,916.2
2025-08-16 21:00:00+00:00,0.0,415.8,618.4
2025-08-16 22:00:00+00:00,0.0,402.0,516.0
2025-08-16 23:00:00+00:00,0.0,454.7,537.1
2025-08-17 00:00:00+00:00,0.0,498.4,486.2
2025-08-17 01:00:00+00:00,0.0,489.0,397.5
2025-08-17 02:00:00+00:00,0.0,386.5,424.1
2025-08-17 03:00:00+00:00,0.0,343.8,371.3
2025-08-17 04:00:00+00:00,17.2,324.8,314.2
2025-08-17 05:00:00+00:00,575.8,255.2,273.8
2025-08-17 06:00:00+00:00,1677.8,127.4,181.5
2025-08-17 07:00:00+00:00,3024.2,131.0,163.1
2025-08-17 08:00:00+00:00,4070.8,194.3,170.5
2025-08-17 09:00:00+00:00,5141.9,189.9,164.6
2025-08-17 10:00:00+00:00,5958.1,158.9,129.6
2025-08-17 11:00:00+00:00,6197.1,171.3,111.1
2025-08-17 12:00:00+00:00,6092.7,165.8,99.7
2025-08-17 13:00:00+00:00,5330.8,176.9,90.9
2025-08-17 14:00:00+00:00,4079.7,258.8,166.8
2025-08-17 15:00:00+00:00,2606.5,325.6,215.1
2025-08-17 16:00:00+00:00,1385.4,305.1,317.2
2025-08-17 17:00:00+00:00,515.3,305.3,433.9
2025-08-17 18:00:00+00:00,56.0,297.2,446.1
2025-08-17 19:00:00+00:00,0.0,229.8,376.6
2025-08-17 20:00:00+00:00,0.0,217.5,242.2
2025-08-17 21:00:00+00:00,0.0,161.3,297.4
2025-08-17 22:00:00+00:00,0.0,154.7,405.2
2025-08-17 23:00:00+00:00,0.0,154.4,381.4
2025-08-18 00:00:00+00:00,0.0,118.6,236.0
2025-08-18 01:00:00+00:00,0.0,109.3,158.7
2025-08-18 02:00:00+00:00,0.0,102.8,104.5
2025-08-18 03:00:00+00:00,0.0,99.6,47.8
2025-08-18 04:00:00+00:00,2.8,114.2,23.9
2025-08-18 05:00:00+00:00,200.7,125.8,26.0
2025-08-18 06:00:00+00:00,793.9,99.0,55.2
2025-08-18 07:00:00+00:00,1691.5,87.6,42.9
2025-08-18 08:00:00+00:00,2649.2,122.3,92.2
2025-08-18 09:00:00+00:00,3334.5,154.9,97.9
2025-08-18 10:00:00+00:00,3872.5,179.1,105.0
2025-08-18 11:00:00+00:00,4883.6,180.7,146.5
2025-08-18 12:00:00+00:00,5567.2,210.2,187.9
2025-08-18 13:00:00+00:00,5579.8,244.1,233.9
2025-08-18 14:00:00+00:00,4924.8,250.3,329.6
2025-08-18 15:00:00+00:00,3682.1,232.0,351.2
2025-08-18 16:00:00+00:00,2252.6,246.2,498.7
2025-08-18 17:00:00+00:00,1047.1,273.9,588.9
2025-08-18 18:00:00+00:00,154.2,335.0,641.8
2025-08-18 19:00:00+00:00,0.0,478.6,646.3
2025-08-18 20:00:00+00:00,0.0,655.7,677.3
2025-08-18 21:00:00+00:00,0.0,667.2,669.8
2025-08-18 22:00:00+00:00,0.0,561.5,560.0
2025-08-18 23:00:00+00:00,0.0,500.2,439.9
2025-08-19 00:00:00+00:00,0.0,369.0,322.5
2025-08-19 01:00:00+00:00,0.0,307.3,230.8
2025-08-19 02:00:00+00:00,0.0,300.8,224.5
2025-08-19 03:00:00+00:00,0.0,300.1,232.6
2025-08-19 04:00:00+00:00,11.7,274.3,186.5
2025-08-19 05:00:00+00:00,570.1,213.7,212.0
2025-08-19 06:00:00+00:00,1691.5,129.6,251.9
2025-08-19 07:00:00+00:00,2908.8,43.3,299.3
2025-08-19 08:00:00+00:00,4381.2,26.7,306.6
2025-08-19 09:00:00+00:00,5423.0,81.0,206.7
2025-08-19 10:00:00+00:00,6289.5,126.4,250.2
2025-08-19 11:00:00+00:00,6692.5,123.8,498.5
2025-08-19 12:00:00+00:00,6656.6,107.3,791.2
2025-08-19 13:00:00+00:00,6019.2,104.2,944.2
2025-08-19 14:00:00+00:00,4918.1,130.9,1089.6
2025-08-19 15:00:00+00:00,3381.5,209.7,1279.2
2025-08-19 16:00:00+00:00,1923.7,365.6,1503.4
2025-08-19 17:00:00+00:00,784.0,473.0,1682.2
2025-08-19 18:00:00+00:00,98.2,595.6,1787.4
2025-08-19 19:00:00+00:00,0.0,743.3,1757.2
2025-08-19 20:00:00+00:00,0.0,835.8,1685.4
2025-08-19 21:00:00+00:00,0.0,802.9,1470.8
2025-08-19 22:00:00+00:00,0.0,712.6,1292.3
2025-08-19 23:00:00+00:00,0.0,617.7,1068.2
2025-08-20 00:00:00+00:00,0.0,516.1,858.5
2025-08-20 01:00:00+00:00,0.0,503.4,795.9
2025-08-20 02:00:00+00:00,0.0,430.1,581.9
2025-08-20 03:00:00+00:00,0.0,369.3,514.3
2025-08-20 04:00:00+00:00,10.0,373.3,825.3
2025-08-20 05:00:00+00:00,332.9,393.7,1274.9
2025-08-20 06:00:00+00:00,978.9,411.0,1326.6
2025-08-20 07:00:00+00:00,1694.3,453.2,1030.3
2025-08-20 08:00:00+00:00,2055.0,407.9,744.7
2025-08-20 09:00:00+00:00,2767.0,370.9,762.6
2025-08-20 10:00:00+00:00,3872.2,354.4,725.3
2025-08-20 11:00:00+00:00,5022.9,319.0,819.1
2025-08-20 12:00:00+00:00,5556.2,289.0,942.8
2025-08-20 13:00:00+00:00,5072.5,285.7,768.3
2025-08-20 14:00:00+00:00,4142.9,291.5,857.4
2025-08-20 15:00:00+00:00,2813.8,329.8,985.2
2025-08-20 16:00:00+00:00,1645.1,350.6,959.0
2025-08-20 17:00:00+00:00,744.9,360.3,919.0
2025-08-20 18:00:00+00:00,98.1,351.7,1300.4
2025-08-20 19:00:00+00:00,0.0,382.0,1568.3
2025-08-20 20:00:00+00:00,0.0,497.2,1687.2
2025-08-20 21:00:00+00:00,0.0,590.5,1513.3
2025-08-20 22:00:00+00:00,0.0,637.9,1325.0
2025-08-20 23:00:00+00:00,0.0,632.2,1090.9
2025-08-21 00:00:00+00:00,0.0,628.5,957.3
2025-08-21 01:00:00+00:00,0.0,604.2,850.2
2025-08-21 02:00:00+00:00,0.0,559.1,775.2
2025-08-21 03:00:00+00:00,0.0,552.6,789.6
2025-08-21 04:00:00+00:00,5.8,602.4,885.5
2025-08-21 05:00:00+00:00,502.7,541.6,993.3
2025-08-21 06:00:00+00:00,1607.5,385.2,945.8
2025-08-21 07:00:00+00:00,2889.1,451.5,982.0
2025-08-21 08:00:00+00:00,3999.3,600.1,970.8
2025-08-21 09:00:00+00:00,4791.6,666.0,826.2
2025-08-21 10:00:00+00:00,4904.1,679.2,1081.0
2025-08-21 11:00:00+00:00,4864.3,654.2,1588.7
2025-08-21 12:00:00+00:00,4842.6,622.0,1738.4
2025-08-21 13:00:00+00:00,4416.9,812.7,1511.6
2025-08-21 14:00:00+00:00,3677.3,1133.4,1194.6
2025-08-21 15:00:00+00:00,2797.4,1183.9,953.5
2025-08-21 16:00:00+00:00,1897.0,1197.1,1061.2
2025-08-21 17:00:00+00:00,908.8,1237.4,1310.3
2025-08-21 18:00:00+00:00,107.8,1088.5,1091.9
2025-08-21 19:00:00+00:00,0.0,858.3,643.5
2025-08-21 20:00:00+00:00,0.0,687.3,710.0
2025-08-21 21:00:00+00:00,0.0,510.0,556.1
2025-08-21 22:00:00+00:00,0.0,380.7,606.8
2025-08-21 23:00:00+00:00,0.0,340.8,537.0
2025-08-22 00:00:00+00:00,0.0,319.9,396.4
2025-08-22 01:00:00+00:00,0.0,225.4,310.2
2025-08-22 02:00:00+00:00,0.0,154.3,389.0
2025-08-22 03:00:00+00:00,0.0,90.2,353.2
2025-08-22 04:00:00+00:00,0.9,56.8,293.9
2025-08-22 05:00:00+00:00,144.1,39.5,302.0
2025-08-22 06:00:00+00:00,509.6,34.6,387.3
2025-08-22 07:00:00+00:00,1087.9,24.4,406.4
2025-08-22 08:00:00+00:00,1957.6,35.3,325.6
2025-08-22 09:00:00+00:00,2301.1,58.0,199.6
2025-08-22 10:00:00+00:00,2531.8,69.3,148.7
2025-08-22 11:00:00+00:00,2870.4,118.3,169.3
2025-08-22 12:00:00+00:00,3075.5,178.8,114.2
2025-08-22 13:00:00+00:00,2924.0,236.2,71.1
2025-08-22 14:00:00+00:00,2503.4,237.0,91.0
2025-08-22 15:00:00+00:00,1921.9,229.2,58.6
2025-08-22 16:00:00+00:00,980.9,188.1,3.5
2025-08-22 17:00:00+00:00,566.6,170.4,0.0
2025-08-22 18:00:00+00:00,94.0,163.9,0.0
2025-08-22 19:00:00+00:00,0.0,122.6,0.0
2025-08-22 20:00:00+00:00,0.0,81.4,14.2
2025-08-22 21:00:00+00:00,0.0,63.5,55.4
2025-08-22 22:00:00+00:00,0.0,36.7,149.8
2025-08-22 23:00:00+00:00,0.0,63.2,442.8
2025-08-23 00:00:00+00:00,0.0,159.9,897.9
2025-08-23 01:00:00+00:00,0.0,251.4,612.9
2025-08-23 02:00:00+00:00,0.0,313.8,223.0
2025-08-23 03:00:00+00:00,0.0,324.7,169.4
2025-08-23 04:00:00+00:00,0.2,338.3,278.1
2025-08-23 05:00:00+00:00,56.4,321.1,486.7
2025-08-23 06:00:00+00:00,337.5,235.6,488.3
2025-08-23 07:00:00+00:00,1028.5,167.6,615.9
2025-08-23 08:00:00+00:00,2037.4,161.5,653.6
2025-08-23 09:00:00+00:00,2709.8,185.7,472.9
2025-08-23 10:00:00+00:00,3684.0,186.2,235.8
2025-08-23 11:00:00+00:00,4302.0,178.0,143.5
2025-08-23 12:00:00+00:00,4381.4,174.4,136.4
2025-08-23 13:00:00+00:00,4357.3,210.3,109.6
2025-08-23 14:00:00+00:00,3866.4,263.9,109.3
2025-08-23 15:00:00+00:00,3025.9,307.7,111.4
2025-08-23 16:00:00+00:00,1919.0,327.0,98.5
2025-08-23 17:00:00+00:00,879.9,304.1,113.5
2025-08-23 18:00:00+00:00,98.6,299.4,107.0
2025-08-23 19:00:00+00:00,0.0,313.2,83.2
2025-08-23 20:00:00+00:00,0.0,320.7,111.1
2025-08-23 21:00:00+00:00,0.0,263.7,49.0
2025-08-23 22:00:00+00:00,0.0,228.7,15.7
2025-08-23 23:00:00+00:00,0.0,208.3,0.0
2025-08-24 00:00:00+00:00,0.0,174.1,0.0
2025-08-24 01:00:00+00:00,0.0,160.2,0.0
2025-08-24 02:00:00+00:00,0.0,113.7,0.0
2025-08-24 03:00:00+00:00,0.0,68.0,0.0
2025-08-24 04:00:00+00:00,0.8,50.9,0.0
2025-08-24 05:00:00+00:00,431.2,53.8,0.0
2025-08-24 06:00:00+00:00,1544.7,42.6,0.0
2025-08-24 07:00:00+00:00,3057.7,22.0,0.0
2025-08-24 08:00:00+00:00,4556.2,21.6,0.0
2025-08-24 09:00:00+00:00,5210.2,50.3,0.0
2025-08-24 10:00:00+00:00,5841.4,58.3,0.0
2025-08-24 11:00:00+00:00,6444.1,60.2,0.0
2025-08-24 12:00:00+00:00,6661.2,77.3,0.0
2025-08-24 13:00:00+00:00,6213.4,76.4,0.0
2025-08-24 14:00:00+00:00,5228.5,69.5,0.0
2025-08-24 15:00:00+00:00,3778.2,64.7,0.0
2025-08-24 16:00:00+00:00,2225.7,64.3,0.0
2025-08-24 17:00:00+00:00,944.3,67.4,0.0
2025-08-24 18:00:00+00:00,65.1,102.1,0.0
2025-08-24 19:00:00+00:00,0.0,141.5,0.0
2025-08-24 20:00:00+00:00,0.0,205.7,0.0
2025-08-24 21:00:00+00:00,0.0,262.3,0.0
2025-08-24 22:00:00+00:00,0.0,292.7,5.8
2025-08-24 23:00:00+00:00,0.0,286.7,29.1
2025-08-25 00:00:00+00:00,0.0,320.1,43.6
2025-08-25 01:00:00+00:00,0.0,299.5,63.8
2025-08-25 02:00:00+00:00,0.0,294.3,87.8
2025-08-25 03:00:00+00:00,0.0,291.4,90.7
2025-08-25 04:00:00+00:00,0.6,276.7,110.3
2025-08-25 05:00:00+00:00,381.2,216.2,122.6
2025-08-25 06:00:00+00:00,1479.4,124.9,108.7
2025-08-25 07:00:00+00:00,2960.3,32.0,60.3
2025-08-25 08:00:00+00:00,4429.5,11.4,17.8
2025-08-25 09:00:00+00:00,5628.1,23.0,0.8
2025-08-25 10:00:00+00:00,6568.3,37.8,0.0
2025-08-25 11:00:00+00:00,6957.4,40.0,0.0
2025-08-25 12:00:00+00:00,6813.2,31.7,0.0
2025-08-25 13:00:00+00:00,6134.9,26.4,0.0
2025-08-25 14:00:00+00:00,5093.1,19.1,12.4
2025-08-25 15:00:00+00:00,3629.9,15.9,10.6
2025-08-25 16:00:00+00:00,2091.7,16.5,42.8
2025-08-25 17:00:00+00:00,858.8,21.9,45.5
2025-08-25 18:00:00+00:00,64.9,73.1,61.8
2025-08-25 19:00:00+00:00,0.0,205.5,122.8
2025-08-25 20:00:00+00:00,0.0,299.9,175.9
2025-08-25 21:00:00+00:00,0.0,396.7,288.6
2025-08-25 22:00:00+00:00,0.0,463.8,258.1
2025-08-25 23:00:00+00:00,0.0,475.4,304.0
2025-08-26 00:00:00+00:00,0.0,459.8,455.2
2025-08-26 01:00:00+00:00,0.0,497.8,522.0
2025-08-26 02:00:00+00:00,0.0,491.7,399.7
2025-08-26 03:00:00+00:00,0.0,612.7,390.4
2025-08-26 04:00:00+00:00,0.0,826.1,465.7
2025-08-26 05:00:00+00:00,407.2,953.6,662.1
2025-08-26 06:00:00+00:00,1459.9,866.6,832.7
2025-08-26 07:00:00+00:00,2912.2,522.2,989.8
2025-08-26 08:00:00+00:00,4387.0,302.8,869.3
2025-08-26 09:00:00+00:00,5506.8,346.0,732.8
2025-08-26 10:00:00+00:00,5517.0,490.4,615.1
2025-08-26 11:00:00+00:00,4902.6,607.2,822.4
2025-08-26 12:00:00+00:00,3913.1,644.0,773.4
2025-08-26 13:00:00+00:00,3836.8,611.8,1488.8
2025-08-26 14:00:00+00:00,3806.2,565.2,1885.7
2025-08-26 15:00:00+00:00,2925.5,588.4,2048.4
2025-08-26 16:00:00+00:00,1842.9,512.0,1699.9
2025-08-26 17:00:00+00:00,656.9,448.8,1968.9
2025-08-26 18:00:00+00:00,66.3,483.1,1936.8
2025-08-26 19:00:00+00:00,0.0,542.6,1932.9
2025-08-26 20:00:00+00:00,0.0,566.4,1821.7
2025-08-26 21:00:00+00:00,0.0,456.9,1653.2
2025-08-26 22:00:00+00:00,0.0,363.5,1377.7
2025-08-26 23:00:00+00:00,0.0,367.1,1202.5
2025-08-27 00:00:00+00:00,0.0,326.9,1282.3
2025-08-27 01:00:00+00:00,0.0,303.9,1260.2
2025-08-27 02:00:00+00:00,0.0,303.5,1021.9
2025-08-27 03:00:00+00:00,0.0,297.5,698.6
2025-08-27 04:00:00+00:00,0.0,247.3,507.5
2025-08-27 05:00:00+00:00,136.6,264.5,464.6
2025-08-27 06:00:00+00:00,703.1,193.0,336.7
2025-08-27 07:00:00+00:00,1715.0,117.2,396.9
2025-08-27 08:00:00+00:00,3139.5,78.6,371.5
2025-08-27 09:00:00+00:00,4622.4,69.5,286.4
2025-08-27 10:00:00+00:00,5407.1,100.8,181.4
2025-08-27 11:00:00+00:00,4850.0,194.7,91.7
2025-08-27 12:00:00+00:00,4476.3,315.6,11.6
2025-08-27 13:00:00+00:00,4097.6,402.2,14.6
2025-08-27 14:00:00+00:00,3548.6,435.6,247.4
2025-08-27 15:00:00+00:00,2627.4,412.9,593.8
2025-08-27 16:00:00+00:00,1484.8,385.4,794.3
2025-08-27 17:00:00+00:00,613.6,232.6,399.8
2025-08-27 18:00:00+00:00,32.2,134.8,198.6
2025-08-27 19:00:00+00:00,0.0,90.1,176.6
2025-08-27 20:00:00+00:00,0.0,80.4,210.8
2025-08-27 21:00:00+00:00,0.0,89.9,262.3
2025-08-27 22:00:00+00:00,0.0,94.7,80.2
2025-08-27 23:00:00+00:00,0.0,145.0,82.9
2025-08-28 00:00:00+00:00,0.0,264.0,193.1
2025-08-28 01:00:00+00:00,0.0,342.4,156.6
2025-08-28 02:00:00+00:00,0.0,299.4,140.0
2025-08-28 03:00:00+00:00,0.0,281.9,13.9
2025-08-28 04:00:00+00:00,0.0,287.7,0.0
2025-08-28 05:00:00+00:00,118.6,294.0,0.8
2025-08-28 06:00:00+00:00,569.1,324.8,19.2
2025-08-28 07:00:00+00:00,1340.9,232.5,254.7
2025-08-28 08:00:00+00:00,2710.7,217.6,315.2
2025-08-28 09:00:00+00:00,3868.9,446.0,205.7
2025-08-28 10:00:00+00:00,4048.0,768.5,374.8
2025-08-28 11:00:00+00:00,4727.4,842.9,510.8
2025-08-28 12:00:00+00:00,5303.3,829.4,566.4
2025-08-28 13:00:00+00:00,4988.2,798.4,597.3
2025-08-28 14:00:00+00:00,4088.5,772.8,1175.3
2025-08-28 15:00:00+00:00,3116.6,603.3,1520.5
2025-08-28 16:00:00+00:00,1884.8,538.3,1842.1
2025-08-28 17:00:00+00:00,821.5,405.6,1931.0
2025-08-28 18:00:00+00:00,50.9,303.8,2008.9
2025-08-28 19:00:00+00:00,0.0,276.9,2010.4
2025-08-28 20:00:00+00:00,0.0,232.1,1986.5
2025-08-28 21:00:00+00:00,0.0,200.3,1875.6
2025-08-28 22:00:00+00:00,0.0,215.6,1389.7
2025-08-28 23:00:00+00:00,0.0,370.6,1305.8
2025-08-29 00:00:00+00:00,0.0,578.1,1090.5
2025-08-29 01:00:00+00:00,0.0,658.5,969.4
2025-08-29 02:00:00+00:00,0.0,806.1,1030.2
2025-08-29 03:00:00+00:00,0.0,900.9,1059.1
2025-08-29 04:00:00+00:00,0.0,950.1,918.2
2025-08-29 05:00:00+00:00,379.8,972.4,1269.8
2025-08-29 06:00:00+00:00,1587.8,755.6,1234.2
2025-08-29 07:00:00+00:00,2777.0,716.2,1287.0
2025-08-29 08:00:00+00:00,4036.0,1128.0,1335.4
2025-08-29 09:00:00+00:00,3321.6,1556.6,1541.0
2025-08-29 10:00:00+00:00,2484.6,1560.4,1685.3
2025-08-29 11:00:00+00:00,1973.9,1495.2,1633.5
2025-08-29 12:00:00+00:00,1647.0,1379.8,1688.0
2025-08-29 13:00:00+00:00,2741.9,1002.2,1114.5
2025-08-29 14:00:00+00:00,2867.0,953.9,747.2
2025-08-29 15:00:00+00:00,2324.8,1069.4,554.6
2025-08-29 16:00:00+00:00,1532.8,872.8,387.0
2025-08-29 17:00:00+00:00,621.1,630.3,888.6
2025-08-29 18:00:00+00:00,57.1,615.1,862.5
2025-08-29 19:00:00+00:00,0.0,701.9,591.5
2025-08-29 20:00:00+00:00,0.0,800.4,402.9
2025-08-29 21:00:00+00:00,0.0,811.4,444.4
2025-08-29 22:00:00+00:00,0.0,803.9,601.0
2025-08-29 23:00:00+00:00,0.0,808.0,625.1
2025-08-30 00:00:00+00:00,0.0,675.1,710.9
2025-08-30 01:00:00+00:00,0.0,683.1,686.2
2025-08-30 02:00:00+00:00,0.0,755.4,641.4
2025-08-30 03:00:00+00:00,0.0,756.8,536.0
2025-08-30 04:00:00+00:00,0.0,676.0,461.3
2025-08-30 05:00:00+00:00,277.2,691.8,404.7
2025-08-30 06:00:00+00:00,1183.3,611.3,374.1
2025-08-30 07:00:00+00:00,2302.2,605.9,398.7
2025-08-30 08:00:00+00:00,3288.1,677.8,616.5
2025-08-30 09:00:00+00:00,4017.0,720.6,904.1
2025-08-30 10:00:00+00:00,4254.4,729.1,892.1
2025-08-30 11:00:00+00:00,4565.6,856.7,793.3
2025-08-30 12:00:00+00:00,4642.5,944.5,811.0
2025-08-30 13:00:00+00:00,4290.6,976.4,1134.3
2025-08-30 14:00:00+00:00,3800.9,1011.2,1425.1
2025-08-30 15:00:00+00:00,2572.8,945.3,1155.6
2025-08-30 16:00:00+00:00,1225.0,956.9,793.0
2025-08-30 17:00:00+00:00,427.1,817.8,715.2
2025-08-30 18:00:00+00:00,11.5,779.2,1286.5
2025-08-30 19:00:00+00:00,0.0,825.3,1457.2
2025-08-30 20:00:00+00:00,0.0,956.1,1887.8
2025-08-30 21:00:00+00:00,0.0,1103.4,2039.1
2025-08-30 22:00:00+00:00,0.0,1213.3,2174.4
2025-08-30 23:00:00+00:00,0.0,1253.2,2162.3
2025-08-31 00:00:00+00:00,0.0,1169.7,2127.5
2025-08-31 01:00:00+00:00,0.0,1077.4,2071.7
2025-08-31 02:00:00+00:00,0.0,1007.5,2033.4
2025-08-31 03:00:00+00:00,0.0,863.0,1795.1
2025-08-31 04:00:00+00:00,0.0,671.1,1491.1
2025-08-31 05:00:00+00:00,90.7,569.5,1167.4
2025-08-31 06:00:00+00:00,750.5,437.9,675.9
2025-08-31 07:00:00+00:00,1621.4,284.2,633.4
2025-08-31 08:00:00+00:00,2524.0,245.2,447.5
2025-08-31 09:00:00+00:00,3071.5,279.2,453.0
2025-08-31 10:00:00+00:00,3436.2,302.1,483.7
2025-08-31 11:00:00+00:00,3099.1,425.6,402.8
2025-08-31 12:00:00+00:00,2862.8,652.7,340.3
2025-08-31 13:00:00+00:00,3018.5,711.2,305.3
2025-08-31 14:00:00+00:00,2364.6,719.7,210.7
2025-08-31 15:00:00+00:00,1641.1,492.4,516.3
2025-08-31 16:00:00+00:00,919.6,286.7,774.5
2025-08-31 17:00:00+00:00,210.8,182.0,401.8
2025-08-31 18:00:00+00:00,7.4,113.0,371.8
2025-08-31 19:00:00+00:00,0.0,69.6,246.7
2025-08-31 20:00:00+00:00,0.0,141.6,179.4
2025-08-31 21:00:00+00:00,0.0,252.4,172.6
2025-08-31 22:00:00+00:00,0.0,324.1,321.6
2025-08-31 23:00:00+00:00,0.0,235.1,340.0
2025-09-01 00:00:00+00:00,0.0,289.1,414.6
2025-09-01 01:00:00+00:00,0.0,415.6,499.8
2025-09-01 02:00:00+00:00,0.0,417.1,479.1
2025-09-01 03:00:00+00:00,0.0,436.3,467.7
2025-09-01 04:00:00+00:00,0.0,441.7,615.5
2025-09-01 05:00:00+00:00,85.5,527.0,716.7
2025-09-01 06:00:00+00:00,502.2,465.7,833.5
2025-09-01 07:00:00+00:00,1488.1,455.2,1002.8
2025-09-01 08:00:00+00:00,3522.3,516.2,1074.3
2025-09-01 09:00:00+00:00,5334.1,610.2,1060.7
2025-09-01 10:00:00+00:00,6283.0,870.7,1199.9
2025-09-01 11:00:00+00:00,6200.8,1105.0,1452.5
2025-09-01 12:00:00+00:00,5908.8,1160.7,1357.0
2025-09-01 13:00:00+00:00,5603.3,975.8,1289.3
2025-09-01 14:00:00+00:00,4388.1,1027.6,1113.9
2025-09-01 15:00:00+00:00,2804.0,1007.3,1146.6
2025-09-01 16:00:00+00:00,1557.7,789.1,902.4
2025-09-01 17:00:00+00:00,492.4,680.0,1016.4
2025-09-01 18:00:00+00:00,8.8,678.5,1219.4
2025-09-01 19:00:00+00:00,0.0,794.8,1124.1
2025-09-01 20:00:00+00:00,0.0,695.1,1089.2
2025-09-01 21:00:00+00:00,0.0,623.1,1207.6
2025-09-01 22:00:00+00:00,0.0,590.9,1276.0
2025-09-01 23:00:00+00:00,0.0,617.7,1445.5
2025-09-02 00:00:00+00:00,0.0,632.8,1208.7
2025-09-02 01:00:00+00:00,0.0,602.1,1197.0
2025-09-02 02:00:00+00:00,0.0,608.7,953.5
2025-09-02 03:00:00+00:00,0.0,616.4,1207.1
2025-09-02 04:00:00+00:00,0.0,665.0,1218.0
2025-09-02 05:00:00+00:00,321.1,717.0,1144.4
2025-09-02 06:00:00+00:00,1590.5,635.1,1256.8
2025-09-02 07:00:00+00:00,3269.0,628.5,1172.8
2025-09-02 08:00:00+00:00,4881.6,833.8,1048.5
2025-09-02 09:00:00+00:00,5373.2,1153.7,1092.8
2025-09-02 10:00:00+00:00,5713.2,1293.1,1220.0
2025-09-02 11:00:00+00:00,5751.0,1131.6,1131.7
2025-09-02 12:00:00+00:00,4949.7,995.9,944.2
2025-09-02 13:00:00+00:00,3429.9,1148.7,1324.5
2025-09-02 14:00:00+00:00,2048.0,1278.9,1651.7
2025-09-02 15:00:00+00:00,1144.9,1164.2,1500.9
2025-09-02 16:00:00+00:00,732.0,1059.6,1611.5
2025-09-02 17:00:00+00:00,273.2,904.5,1636.9
2025-09-02 18:00:00+00:00,6.2,1052.0,1270.1
2025-09-02 19:00:00+00:00,0.0,1119.3,1655.3
2025-09-02 20:00:00+00:00,0.0,1112.7,1981.6
2025-09-02 21:00:00+00:00,0.0,1138.9,1872.1
2025-09-02 22:00:00+00:00,0.0,1090.6,1857.1
2025-09-02 23:00:00+00:00,0.0,1054.7,1857.0
2025-09-03 00:00:00+00:00,0.0,1100.7,2049.2
2025-09-03 01:00:00+00:00,0.0,1037.8,2110.6
2025-09-03 02:00:00+00:00,0.0,1061.0,2115.4
2025-09-03 03:00:00+00:00,0.0,1095.5,2056.9
2025-09-03 04:00:00+00:00,0.0,1260.2,2175.3
2025-09-03 05:00:00+00:00,116.0,1560.6,2177.9
2025-09-03 06:00:00+00:00,478.3,1888.3,2190.8
2025-09-03 07:00:00+00:00,940.5,1955.2,2189.6
2025-09-03 08:00:00+00:00,1646.2,2102.0,2184.1
2025-09-03 09:00:00+00:00,2289.1,2188.9,2176.2
2025-09-03 10:00:00+00:00,2462.9,2087.3,2179.3
2025-09-03 11:00:00+00:00,2203.1,2147.4,2173.9
2025-09-03 12:00:00+00:00,2302.4,2140.1,2172.0
2025-09-03 13:00:00+00:00,2250.8,2199.3,1981.5
2025-09-03 14:00:00+00:00,2145.5,2126.9,2074.2
2025-09-03 15:00:00+00:00,1263.9,2200.2,2167.5
2025-09-03 16:00:00+00:00,973.7,1887.7,2160.3
2025-09-03 17:00:00+00:00,363.6,1481.7,2140.4
2025-09-03 18:00:00+00:00,11.9,1427.3,2154.1
2025-09-03 19:00:00+00:00,0.0,1703.7,2143.7
2025-09-03 20:00:00+00:00,0.0,1645.9,2155.9
2025-09-03 21:00:00+00:00,0.0,1419.0,2123.8
2025-09-03 22:00:00+00:00,0.0,1363.0,2150.5
2025-09-03 23:00:00+00:00,0.0,1203.2,2149.0
2025-09-04 00:00:00+00:00,0.0,1033.5,2134.6
2025-09-04 01:00:00+00:00,0.0,887.1,2107.1
2025-09-04 02:00:00+00:00,0.0,828.4,2107.6
2025-09-04 03:00:00+00:00,0.0,770.8,2024.0
2025-09-04 04:00:00+00:00,0.0,776.5,1919.9
2025-09-04 05:00:00+00:00,193.1,700.6,1887.5
2025-09-04 06:00:00+00:00,1226.1,605.3,1742.2
2025-09-04 07:00:00+00:00,2639.6,762.6,1809.0
2025-09-04 08:00:00+00:00,4141.5,1125.9,1574.5
2025-09-04 09:00:00+00:00,5259.7,1174.3,1814.5
2025-09-04 10:00:00+00:00,5129.4,1290.9,2033.2
2025-09-04 11:00:00+00:00,4574.1,1381.0,1997.6
2025-09-04 12:00:00+00:00,3676.7,1510.4,1524.6
2025-09-04 13:00:00+00:00,3320.4,1302.0,1930.9
2025-09-04 14:00:00+00:00,2868.4,1114.0,2001.1
2025-09-04 15:00:00+00:00,2212.8,888.8,2132.1
2025-09-04 16:00:00+00:00,1449.8,866.8,2126.8
2025-09-04 17:00:00+00:00,540.2,831.4,2013.8
2025-09-04 18:00:00+00:00,22.1,765.8,1882.0
2025-09-04 19:00:00+00:00,0.0,678.8,1641.5
2025-09-04 20:00:00+00:00,0.0,631.6,1505.6
2025-09-04 21:00:00+00:00,0.0,674.5,1541.2
2025-09-04 22:00:00+00:00,0.0,685.0,1163.4
2025-09-04 23:00:00+00:00,0.0,629.5,739.9
2025-09-05 00:00:00+00:00,0.0,618.0,443.1
2025-09-05 01:00:00+00:00,0.0,616.1,350.5
2025-09-05 02:00:00+00:00,0.0,598.1,327.2
2025-09-05 03:00:00+00:00,0.0,595.0,241.1
2025-09-05 04:00:00+00:00,0.0,617.1,235.3
2025-09-05 05:00:00+00:00,252.4,572.2,273.9
2025-09-05 06:00:00+00:00,1426.0,402.2,274.3
2025-09-05 07:00:00+00:00,3044.8,255.2,365.9
2025-09-05 08:00:00+00:00,4649.3,285.3,304.0
2025-09-05 09:00:00+00:00,5131.3,373.4,319.8
2025-09-05 10:00:00+00:00,5471.2,408.4,242.6
2025-09-05 11:00:00+00:00,5622.0,412.2,211.9
2025-09-05 12:00:00+00:00,5712.8,389.7,238.4
2025-09-05 13:00:00+00:00,5161.4,352.7,250.9
2025-09-05 14:00:00+00:00,4288.1,328.3,188.3
2025-09-05 15:00:00+00:00,3106.8,252.0,68.7
2025-09-05 16:00:00+00:00,1747.4,167.1,31.7
2025-09-05 17:00:00+00:00,547.7,92.2,57.9
2025-09-05 18:00:00+00:00,4.3,57.9,23.3
2025-09-05 19:00:00+00:00,0.0,43.5,8.3
2025-09-05 20:00:00+00:00,0.0,24.7,11.7
2025-09-05 21:00:00+00:00,0.0,15.6,36.1
2025-09-05 22:00:00+00:00,0.0,17.0,94.8
2025-09-05 23:00:00+00:00,0.0,38.7,162.2
2025-09-06 00:00:00+00:00,0.0,70.9,142.6
2025-09-06 01:00:00+00:00,0.0,83.3,159.9
2025-09-06 02:00:00+00:00,0.0,93.2,115.1
2025-09-06 03:00:00+00:00,0.0,100.0,73.3
2025-09-06 04:00:00+00:00,0.0,135.2,92.7
2025-09-06 05:00:00+00:00,283.7,192.6,136.9
2025-09-06 06:00:00+00:00,1478.1,249.4,216.0
2025-09-06 07:00:00+00:00,3124.4,187.6,178.2
2025-09-06 08:00:00+00:00,4716.6,90.7,59.5
2025-09-06 09:00:00+00:00,5683.7,125.0,3.8
2025-09-06 10:00:00+00:00,5912.9,145.1,1.9
2025-09-06 11:00:00+00:00,6089.2,198.3,37.7
2025-09-06 12:00:00+00:00,5731.3,302.9,49.5
2025-09-06 13:00:00+00:00,5091.3,360.1,166.2
2025-09-06 14:00:00+00:00,4558.6,382.2,275.9
2025-09-06 15:00:00+00:00,3241.0,459.0,312.6
2025-09-06 16:00:00+00:00,1736.9,521.6,464.7
2025-09-06 17:00:00+00:00,520.7,549.4,876.2
2025-09-06 18:00:00+00:00,4.5,781.7,1077.8
2025-09-06 19:00:00+00:00,0.0,1033.7,1054.0
2025-09-06 20:00:00+00:00,0.0,1074.6,897.9
2025-09-06 21:00:00+00:00,0.0,990.4,907.6
2025-09-06 22:00:00+00:00,0.0,1062.4,877.3
2025-09-06 23:00:00+00:00,0.0,1011.7,908.3
2025-09-07 00:00:00+00:00,0.0,991.8,847.4
2025-09-07 01:00:00+00:00,0.0,1027.0,867.5
2025-09-07 02:00:00+00:00,0.0,1016.7,822.8
2025-09-07 03:00:00+00:00,0.0,1023.6,858.7
2025-09-07 04:00:00+00:00,0.0,1086.7,896.8
2025-09-07 05:00:00+00:00,264.1,1109.4,966.8
2025-09-07 06:00:00+00:00,1495.6,872.8,718.4
2025-09-07 07:00:00+00:00,3205.1,526.5,596.6
2025-09-07 08:00:00+00:00,4991.8,432.7,560.3
2025-09-07 09:00:00+00:00,6378.0,452.6,564.0
2025-09-07 10:00:00+00:00,7405.7,457.2,536.1
2025-09-07 11:00:00+00:00,7726.3,440.7,622.7
2025-09-07 12:00:00+00:00,7517.7,465.6,596.1
2025-09-07 13:00:00+00:00,6619.0,542.3,506.3
2025-09-07 14:00:00+00:00,5134.8,609.8,648.3
2025-09-07 15:00:00+00:00,3227.5,589.0,651.5
2025-09-07 16:00:00+00:00,1359.2,516.5,657.9
2025-09-07 17:00:00+00:00,238.2,536.6,353.0
2025-09-07 18:00:00+00:00,3.0,663.7,974.0
2025-09-07 19:00:00+00:00,0.0,552.6,1023.9
2025-09-07 20:00:00+00:00,0.0,588.3,395.9
2025-09-07 21:00:00+00:00,0.0,572.7,206.3
2025-09-07 22:00:00+00:00,0.0,468.5,305.9
2025-09-07 23:00:00+00:00,0.0,451.5,307.5
2025-09-08 00:00:00+00:00,0.0,386.1,427.6
2025-09-08 01:00:00+00:00,0.0,360.0,486.8
2025-09-08 02:00:00+00:00,0.0,254.7,429.3
2025-09-08 03:00:00+00:00,0.0,198.5,383.2
2025-09-08 04:00:00+00:00,0.0,141.4,166.8
2025-09-08 05:00:00+00:00,50.5,163.9,222.3
2025-09-08 06:00:00+00:00,488.1,259.5,275.7
2025-09-08 07:00:00+00:00,1667.4,268.1,157.7
2025-09-08 08:00:00+00:00,3315.5,203.9,150.0
2025-09-08 09:00:00+00:00,4373.5,141.0,176.4
2025-09-08 10:00:00+00:00,4945.5,150.2,196.4
2025-09-08 11:00:00+00:00,5328.9,182.7,185.2
2025-09-08 12:00:00+00:00,4668.4,198.5,95.4
2025-09-08 13:00:00+00:00,3655.4,213.2,67.2
2025-09-08 14:00:00+00:00,3039.2,241.6,12.8
2025-09-08 15:00:00+00:00,2165.5,213.6,0.0
2025-09-08 16:00:00+00:00,1092.2,211.8,32.2
2025-09-08 17:00:00+00:00,246.6,192.2,78.7
2025-09-08 18:00:00+00:00,1.1,208.3,137.7
2025-09-08 19:00:00+00:00,0.0,285.3,125.9
2025-09-08 20:00:00+00:00,0.0,274.8,172.5
2025-09-08 21:00:00+00:00,0.0,174.3,159.4
2025-09-08 22:00:00+00:00,0.0,127.0,108.1
2025-09-08 23:00:00+00:00,0.0,102.2,118.8
2025-09-09 00:00:00+00:00,0.0,148.3,91.4
2025-09-09 01:00:00+00:00,0.0,186.8,18.7
2025-09-09 02:00:00+00:00,0.0,199.2,0.0
2025-09-09 03:00:00+00:00,0.0,159.7,0.0
2025-09-09 04:00:00+00:00,0.0,131.1,0.0
2025-09-09 05:00:00+00:00,10.0,143.5,0.0
2025-09-09 06:00:00+00:00,191.2,150.9,14.1
2025-09-09 07:00:00+00:00,670.1,121.3,0.4
2025-09-09 08:00:00+00:00,1607.5,79.4,32.0
2025-09-09 09:00:00+00:00,2569.4,58.9,45.2
2025-09-09 10:00:00+00:00,3560.5,47.7,0.0
2025-09-09 11:00:00+00:00,4075.9,43.2,0.0
2025-09-09 12:00:00+00:00,4652.0,42.6,0.0
2025-09-09 13:00:00+00:00,4613.4,43.9,0.0
2025-09-09 14:00:00+00:00,3931.2,53.1,3.0
2025-09-09 15:00:00+00:00,2751.4,61.9,12.5
2025-09-09 16:00:00+00:00,1283.0,72.6,0.0
2025-09-09 17:00:00+00:00,259.7,100.6,0.0
2025-09-09 18:00:00+00:00,1.2,132.6,0.0
2025-09-09 19:00:00+00:00,0.0,243.3,0.0
2025-09-09 20:00:00+00:00,0.0,242.5,20.5
2025-09-09 21:00:00+00:00,0.0,227.3,144.1
2025-09-09 22:00:00+00:00,0.0,173.5,182.0
2025-09-09 23:00:00+00:00,0.0,204.3,217.4
2025-09-10 00:00:00+00:00,0.0,318.9,270.5
2025-09-10 01:00:00+00:00,0.0,468.4,202.0
2025-09-10 02:00:00+00:00,0.0,461.7,177.4
2025-09-10 03:00:00+00:00,0.0,404.2,167.0
2025-09-10 04:00:00+00:00,0.0,345.7,195.4
2025-09-10 05:00:00+00:00,105.4,389.0,252.8
2025-09-10 06:00:00+00:00,790.5,514.4,373.0
2025-09-10 07:00:00+00:00,2139.0,474.9,482.6
2025-09-10 08:00:00+00:00,3993.0,235.1,472.8
2025-09-10 09:00:00+00:00,5771.9,263.1,463.1
2025-09-10 10:00:00+00:00,6345.6,385.2,583.0
2025-09-10 11:00:00+00:00,5072.6,632.3,327.9
2025-09-10 12:00:00+00:00,3703.9,732.6,289.3
2025-09-10 13:00:00+00:00,2758.9,774.5,790.8
2025-09-10 14:00:00+00:00,1843.8,873.7,1593.3
2025-09-10 15:00:00+00:00,1304.7,854.9,745.7
2025-09-10 16:00:00+00:00,621.8,736.4,703.1
2025-09-10 17:00:00+00:00,110.3,640.8,1163.6
2025-09-10 18:00:00+00:00,0.2,533.8,1035.3
2025-09-10 19:00:00+00:00,0.0,647.3,1273.7
2025-09-10 20:00:00+00:00,0.0,714.3,1273.3
2025-09-10 21:00:00+00:00,0.0,816.5,1832.2
2025-09-10 22:00:00+00:00,0.0,1060.9,2006.6
2025-09-10 23:00:00+00:00,0.0,1179.5,2109.8
2025-09-11 00:00:00+00:00,0.0,1209.0,2126.2
2025-09-11 01:00:00+00:00,0.0,1062.1,2108.4
2025-09-11 02:00:00+00:00,0.0,1050.8,2098.6
2025-09-11 03:00:00+00:00,0.0,1089.2,1941.4
2025-09-11 04:00:00+00:00,0.0,1057.4,1747.3
2025-09-11 05:00:00+00:00,86.5,1149.8,1462.1
2025-09-11 06:00:00+00:00,735.4,1175.0,1426.5
2025-09-11 07:00:00+00:00,1807.3,1207.2,1597.5
2025-09-11 08:00:00+00:00,2955.6,1230.5,1787.0
2025-09-11 09:00:00+00:00,3673.8,1288.4,1659.7
2025-09-11 10:00:00+00:00,4157.1,1445.4,1703.9
2025-09-11 11:00:00+00:00,4333.3,1407.1,1427.8
2025-09-11 12:00:00+00:00,3950.1,1544.9,1543.4
2025-09-11 13:00:00+00:00,3680.2,1278.1,1795.0
2025-09-11 14:00:00+00:00,2944.3,1350.4,2003.6
2025-09-11 15:00:00+00:00,2262.1,1212.1,2156.8
2025-09-11 16:00:00+00:00,1145.7,965.5,2173.1
2025-09-11 17:00:00+00:00,273.1,864.3,1655.1
2025-09-11 18:00:00+00:00,0.4,970.9,1962.4
2025-09-11 19:00:00+00:00,0.0,1062.2,2178.6
2025-09-11 20:00:00+00:00,0.0,1187.7,2138.0
2025-09-11 21:00:00+00:00,0.0,1152.2,2045.5
2025-09-11 22:00:00+00:00,0.0,1277.7,1933.0
2025-09-11 23:00:00+00:00,0.0,1290.1,1918.8
2025-09-12 00:00:00+00:00,0.0,1347.9,1915.8
2025-09-12 01:00:00+00:00,0.0,1359.6,1845.1
2025-09-12 02:00:00+00:00,0.0,1340.8,1829.3
2025-09-12 03:00:00+00:00,0.0,1374.8,1846.2
2025-09-12 04:00:00+00:00,0.0,1390.6,1873.1
2025-09-12 05:00:00+00:00,149.2,1364.3,1751.1
2025-09-12 06:00:00+00:00,1176.1,1379.1,1691.9
2025-09-12 07:00:00+00:00,2629.1,1427.5,1742.1
2025-09-12 08:00:00+00:00,4351.0,1373.3,1731.1
2025-09-12 09:00:00+00:00,5376.0,1404.3,1671.8
2025-09-12 10:00:00+00:00,5749.7,1427.1,1672.0
2025-09-12 11:00:00+00:00,5302.1,1533.7,1837.4
2025-09-12 12:00:00+00:00,5079.0,1359.3,2025.5
2025-09-12 13:00:00+00:00,4147.3,1246.9,1966.4
2025-09-12 14:00:00+00:00,3000.6,1301.3,2041.9
2025-09-12 15:00:00+00:00,1887.4,1132.2,2036.1
2025-09-12 16:00:00+00:00,1171.1,906.8,2066.2
2025-09-12 17:00:00+00:00,282.1,524.2,2070.9
2025-09-12 18:00:00+00:00,0.2,483.7,2059.2
2025-09-12 19:00:00+00:00,0.0,726.0,2003.2
2025-09-12 20:00:00+00:00,0.0,916.8,1870.8
2025-09-12 21:00:00+00:00,0.0,1033.0,1521.0
2025-09-12 22:00:00+00:00,0.0,840.4,1616.2
2025-09-12 23:00:00+00:00,0.0,797.2,1772.0
2025-09-13 00:00:00+00:00,0.0,737.7,1662.6
2025-09-13 01:00:00+00:00,0.0,828.5,1637.0
2025-09-13 02:00:00+00:00,0.0,930.2,1585.3
2025-09-13 03:00:00+00:00,0.0,892.1,1468.9
2025-09-13 04:00:00+00:00,0.0,847.0,1668.5
2025-09-13 05:00:00+00:00,61.6,901.4,1723.4
2025-09-13 06:00:00+00:00,893.0,1016.6,1725.8
2025-09-13 07:00:00+00:00,2137.0,1128.7,1473.6
2025-09-13 08:00:00+00:00,3673.9,1342.6,1417.1
2025-09-13 09:00:00+00:00,4526.9,1457.2,1325.9
2025-09-13 10:00:00+00:00,5043.1,1292.5,1535.8
2025-09-13 11:00:00+00:00,4735.7,1323.1,1793.1
2025-09-13 12:00:00+00:00,3886.3,1593.6,1512.3
2025-09-13 13:00:00+00:00,2492.4,1591.4,1764.1
2025-09-13 14:00:00+00:00,1485.6,1107.1,1989.3
2025-09-13 15:00:00+00:00,965.8,804.6,1852.4
2025-09-13 16:00:00+00:00,424.1,762.7,1850.5
2025-09-13 17:00:00+00:00,119.1,737.9,1749.8
2025-09-13 18:00:00+00:00,0.1,703.1,1778.9
2025-09-13 19:00:00+00:00,0.0,833.4,1085.0
2025-09-13 20:00:00+00:00,0.0,981.1,267.6
2025-09-13 21:00:00+00:00,0.0,993.3,548.3
2025-09-13 22:00:00+00:00,0.0,919.0,552.5
2025-09-13 23:00:00+00:00,0.0,855.7,578.5
2025-09-14 00:00:00+00:00,0.0,729.5,691.2
2025-09-14 01:00:00+00:00,0.0,716.6,690.4
2025-09-14 02:00:00+00:00,0.0,722.6,739.2
2025-09-14 03:00:00+00:00,0.0,669.2,581.2
2025-09-14 04:00:00+00:00,0.0,617.6,385.8
2025-09-14 05:00:00+00:00,129.9,615.0,295.1
2025-09-14 06:00:00+00:00,1299.1,482.4,302.3
2025-09-14 07:00:00+00:00,3046.9,251.2,297.8
2025-09-14 08:00:00+00:00,4791.0,222.8,535.0
2025-09-14 09:00:00+00:00,5827.4,321.8,571.0
2025-09-14 10:00:00+00:00,5978.1,410.7,515.3
2025-09-14 11:00:00+00:00,5938.8,436.4,501.5
2025-09-14 12:00:00+00:00,5076.5,497.9,538.6
2025-09-14 13:00:00+00:00,3112.2,635.7,734.3
2025-09-14 14:00:00+00:00,1715.7,647.0,958.6
2025-09-14 15:00:00+00:00,666.0,613.0,887.5
2025-09-14 16:00:00+00:00,202.9,678.4,1218.1
2025-09-14 17:00:00+00:00,17.0,743.4,1528.2
2025-09-14 18:00:00+00:00,0.0,993.6,2027.9
2025-09-14 19:00:00+00:00,0.0,1378.3,2109.5
2025-09-14 20:00:00+00:00,0.0,1672.4,2122.8
2025-09-14 21:00:00+00:00,0.0,1875.1,2109.0
2025-09-14 22:00:00+00:00,0.0,1883.9,2111.2
2025-09-14 23:00:00+00:00,0.0,1913.6,2100.5
2025-09-15 00:00:00+00:00,0.0,1793.4,2084.0
2025-09-15 01:00:00+00:00,0.0,1851.7,2065.3
2025-09-15 02:00:00+00:00,0.0,1824.5,1966.2
2025-09-15 03:00:00+00:00,0.0,1846.5,1956.2
2025-09-15 04:00:00+00:00,0.0,1966.8,2101.3
2025-09-15 05:00:00+00:00,83.7,1951.2,2118.0
2025-09-15 06:00:00+00:00,972.5,1920.5,2121.2
2025-09-15 07:00:00+00:00,2231.8,1995.8,2119.2
2025-09-15 08:00:00+00:00,3427.1,2019.6,2118.6
2025-09-15 09:00:00+00:00,4415.6,1997.9,2128.7
2025-09-15 10:00:00+00:00,4832.6,2044.8,2124.5
2025-09-15 11:00:00+00:00,5235.6,1924.8,2110.7
2025-09-15 12:00:00+00:00,5213.8,1712.5,1427.5
2025-09-15 13:00:00+00:00,3799.9,1969.1,2099.1
2025-09-15 14:00:00+00:00,2839.0,2069.0,2121.5
2025-09-15 15:00:00+00:00,2477.8,1934.0,1906.1
2025-09-15 16:00:00+00:00,1111.0,2015.9,2100.4
2025-09-15 17:00:00+00:00,185.2,2068.6,2116.9
2025-09-15 18:00:00+00:00,0.0,2079.4,2118.0
2025-09-15 19:00:00+00:00,0.0,2145.1,2120.7
2025-09-15 20:00:00+00:00,0.0,2062.2,2117.9
2025-09-15 21:00:00+00:00,0.0,2104.9,2120.3
2025-09-15 22:00:00+00:00,0.0,1991.3,2018.2
2025-09-15 23:00:00+00:00,0.0,1964.0,2013.5
2025-09-16 00:00:00+00:00,0.0,1951.6,1995.7
2025-09-16 01:00:00+00:00,0.0,1918.4,2044.5
2025-09-16 02:00:00+00:00,0.0,1739.4,2019.3
2025-09-16 03:00:00+00:00,0.0,1777.0,2074.7
2025-09-16 04:00:00+00:00,0.0,1747.8,2110.2
2025-09-16 05:00:00+00:00,87.2,1781.6,2110.4
2025-09-16 06:00:00+00:00,837.4,1697.2,2111.3
2025-09-16 07:00:00+00:00,2236.6,1607.5,2109.9
2025-09-16 08:00:00+00:00,3503.9,1699.9,2101.6
2025-09-16 09:00:00+00:00,4341.6,1715.8,2108.1
2025-09-16 10:00:00+00:00,4800.7,1675.6,2115.6
2025-09-16 11:00:00+00:00,5171.4,1658.1,2101.1
2025-09-16 12:00:00+00:00,5068.6,1731.5,2085.5
2025-09-16 13:00:00+00:00,4334.4,1654.9,1927.8
2025-09-16 14:00:00+00:00,3363.5,1583.9,1930.7
2025-09-16 15:00:00+00:00,2088.0,1530.5,1610.8
2025-09-16 16:00:00+00:00,825.7,1257.4,1344.3
2025-09-16 17:00:00+00:00,105.8,1039.1,1400.6
2025-09-16 18:00:00+00:00,0.0,943.8,1421.5
2025-09-16 19:00:00+00:00,0.0,981.0,1369.3
2025-09-16 20:00:00+00:00,0.0,965.4,1806.6
2025-09-16 21:00:00+00:00,0.0,955.9,1756.2
2025-09-16 22:00:00+00:00,0.0,960.6,1432.3
2025-09-16 23:00:00+00:00,0.0,909.5,1011.0
2025-09-17 00:00:00+00:00,0.0,896.5,854.6
2025-09-17 01:00:00+00:00,0.0,921.2,927.0
2025-09-17 02:00:00+00:00,0.0,873.3,763.2
2025-09-17 03:00:00+00:00,0.0,710.1,647.6
2025-09-17 04:00:00+00:00,0.0,672.8,440.0
2025-09-17 05:00:00+00:00,40.3,593.6,424.0
2025-09-17 06:00:00+00:00,240.9,547.8,432.7
2025-09-17 07:00:00+00:00,567.8,423.6,401.3
2025-09-17 08:00:00+00:00,1128.3,380.2,538.0
2025-09-17 09:00:00+00:00,1884.8,392.9,1279.5
2025-09-17 10:00:00+00:00,2302.1,566.9,1690.8
2025-09-17 11:00:00+00:00,2299.8,1087.9,1946.4
2025-09-17 12:00:00+00:00,2492.7,1307.8,2081.3
2025-09-17 13:00:00+00:00,2438.4,1468.6,2091.5
2025-09-17 14:00:00+00:00,1955.7,1592.8,2103.5
2025-09-17 15:00:00+00:00,1597.9,1456.3,2033.5
2025-09-17 16:00:00+00:00,923.6,1278.4,2094.3
2025-09-17 17:00:00+00:00,109.1,1142.6,2091.2
2025-09-17 18:00:00+00:00,0.0,1160.4,2091.8
2025-09-17 19:00:00+00:00,0.0,1261.2,2099.5
2025-09-17 20:00:00+00:00,0.0,1306.2,2098.6
2025-09-17 21:00:00+00:00,0.0,1297.5,2094.0
2025-09-17 22:00:00+00:00,0.0,1134.8,2091.1
2025-09-17 23:00:00+00:00,0.0,1029.2,2084.5
2025-09-18 00:00:00+00:00,0.0,909.8,2042.7
2025-09-18 01:00:00+00:00,0.0,901.9,2052.8
2025-09-18 02:00:00+00:00,0.0,892.3,2086.5
2025-09-18 03:00:00+00:00,0.0,862.4,2045.7
2025-09-18 04:00:00+00:00,0.0,824.6,2043.9
2025-09-18 05:00:00+00:00,12.8,744.5,2022.7
2025-09-18 06:00:00+00:00,319.6,743.7,2053.2
2025-09-18 07:00:00+00:00,750.4,734.8,2015.6
2025-09-18 08:00:00+00:00,1304.5,686.1,2029.4
2025-09-18 09:00:00+00:00,1681.7,761.1,2054.7
2025-09-18 10:00:00+00:00,1826.5,824.1,2072.5
2025-09-18 11:00:00+00:00,2033.1,760.9,2045.2
2025-09-18 12:00:00+00:00,2113.4,668.6,2075.8
2025-09-18 13:00:00+00:00,2047.1,637.1,2072.7
2025-09-18 14:00:00+00:00,1784.5,632.4,2062.6
2025-09-18 15:00:00+00:00,1248.5,553.0,2056.4
2025-09-18 16:00:00+00:00,595.3,488.9,2041.6
2025-09-18 17:00:00+00:00,67.1,414.9,1994.8
2025-09-18 18:00:00+00:00,0.0,366.1,1859.3
2025-09-18 19:00:00+00:00,0.0,376.5,1621.7
2025-09-18 20:00:00+00:00,0.0,353.4,1561.9
2025-09-18 21:00:00+00:00,0.0,327.2,1426.9
2025-09-18 22:00:00+00:00,0.0,266.7,1402.0
2025-09-18 23:00:00+00:00,0.0,253.8,1076.3
2025-09-19 00:00:00+00:00,0.0,252.5,883.3
2025-09-19 01:00:00+00:00,0.0,209.8,725.2
2025-09-19 02:00:00+00:00,0.0,246.4,574.4
2025-09-19 03:00:00+00:00,0.0,285.4,365.1
2025-09-19 04:00:00+00:00,0.0,304.4,164.4
2025-09-19 05:00:00+00:00,70.4,287.2,143.4
2025-09-19 06:00:00+00:00,1155.1,354.9,195.2
2025-09-19 07:00:00+00:00,2812.6,370.7,238.1
2025-09-19 08:00:00+00:00,4518.5,233.0,342.9
2025-09-19 09:00:00+00:00,5813.0,183.3,322.2
2025-09-19 10:00:00+00:00,6546.7,259.8,355.9
2025-09-19 11:00:00+00:00,6714.0,366.0,368.8
2025-09-19 12:00:00+00:00,6674.9,412.8,362.1
2025-09-19 13:00:00+00:00,6181.3,355.3,335.7
2025-09-19 14:00:00+00:00,4795.5,416.6,305.1
2025-09-19 15:00:00+00:00,2960.1,426.7,361.1
2025-09-19 16:00:00+00:00,1199.0,401.6,443.8
2025-09-19 17:00:00+00:00,165.8,598.0,586.0
2025-09-19 18:00:00+00:00,0.0,971.8,880.1
2025-09-19 19:00:00+00:00,0.0,1248.4,1103.3
2025-09-19 20:00:00+00:00,0.0,1410.8,1274.7
2025-09-19 21:00:00+00:00,0.0,1384.1,1609.1
2025-09-19 22:00:00+00:00,0.0,1188.1,1117.2
2025-09-19 23:00:00+00:00,0.0,1194.2,310.7
2025-09-20 00:00:00+00:00,0.0,1061.0,168.1
2025-09-20 01:00:00+00:00,0.0,922.4,452.8
2025-09-20 02:00:00+00:00,0.0,889.3,302.3
2025-09-20 03:00:00+00:00,0.0,867.8,350.7
2025-09-20 04:00:00+00:00,0.0,917.9,134.2
2025-09-20 05:00:00+00:00,41.5,917.1,260.9
2025-09-20 06:00:00+00:00,680.7,876.6,254.3
2025-09-20 07:00:00+00:00,1927.2,761.4,70.6
2025-09-20 08:00:00+00:00,1972.9,671.0,605.1
2025-09-20 09:00:00+00:00,1351.6,926.7,986.9
2025-09-20 10:00:00+00:00,1295.5,767.3,318.9
2025-09-20 11:00:00+00:00,1383.2,651.7,527.3
2025-09-20 12:00:00+00:00,1682.4,498.7,1276.8
2025-09-20 13:00:00+00:00,2129.9,516.3,1213.7
2025-09-20 14:00:00+00:00,1987.3,751.0,1126.6
2025-09-20 15:00:00+00:00,1207.4,1009.9,1101.4
2025-09-20 16:00:00+00:00,478.6,1219.5,1463.2
2025-09-20 17:00:00+00:00,98.5,1352.4,1802.1
2025-09-20 18:00:00+00:00,0.0,1500.3,2116.7
2025-09-20 19:00:00+00:00,0.0,1430.0,2109.2
2025-09-20 20:00:00+00:00,0.0,1560.5,2153.9
2025-09-20 21:00:00+00:00,0.0,1400.5,2155.8
2025-09-20 22:00:00+00:00,0.0,1175.1,2161.2
2025-09-20 23:00:00+00:00,0.0,992.5,2160.3
2025-09-21 00:00:00+00:00,0.0,1241.9,2164.6
2025-09-21 01:00:00+00:00,0.0,1294.9,2164.5
2025-09-21 02:00:00+00:00,0.0,1179.4,2164.2
2025-09-21 03:00:00+00:00,0.0,1173.4,2159.4
2025-09-21 04:00:00+00:00,0.0,1154.4,2138.3
2025-09-21 05:00:00+00:00,6.1,1098.8,1759.1
2025-09-21 06:00:00+00:00,285.3,813.5,1228.3
2025-09-21 07:00:00+00:00,1089.2,604.7,1087.7
2025-09-21 08:00:00+00:00,1721.1,522.4,1006.9
2025-09-21 09:00:00+00:00,2213.9,371.4,946.4
2025-09-21 10:00:00+00:00,2005.1,301.2,852.4
2025-09-21 11:00:00+00:00,2006.1,285.7,642.5
2025-09-21 12:00:00+00:00,1993.5,286.0,630.1
2025-09-21 13:00:00+00:00,2003.0,317.5,669.8
2025-09-21 14:00:00+00:00,1765.4,402.4,907.8
2025-09-21 15:00:00+00:00,1179.8,408.9,1102.9
2025-09-21 16:00:00+00:00,508.3,330.2,1338.1
2025-09-21 17:00:00+00:00,63.7,345.8,1354.6
2025-09-21 18:00:00+00:00,0.0,410.6,1036.5
2025-09-21 19:00:00+00:00,0.0,474.8,891.0
2025-09-21 20:00:00+00:00,0.0,416.9,827.6
2025-09-21 21:00:00+00:00,0.0,506.2,1150.4
2025-09-21 22:00:00+00:00,0.0,499.3,1397.7
2025-09-21 23:00:00+00:00,0.0,416.3,1457.6
2025-09-22 00:00:00+00:00,0.0,457.1,1371.4
2025-09-22 01:00:00+00:00,0.0,569.5,1211.9
2025-09-22 02:00:00+00:00,0.0,574.8,1113.1
2025-09-22 03:00:00+00:00,0.0,670.8,1216.8
2025-09-22 04:00:00+00:00,0.0,702.3,1363.8
2025-09-22 05:00:00+00:00,18.5,792.8,1259.7
2025-09-22 06:00:00+00:00,820.9,814.7,1227.8
2025-09-22 07:00:00+00:00,2628.8,641.6,1353.3
2025-09-22 08:00:00+00:00,4404.7,806.3,1400.1
2025-09-22 09:00:00+00:00,4668.5,1226.9,1410.3
2025-09-22 10:00:00+00:00,3905.8,1272.2,1698.8
2025-09-22 11:00:00+00:00,3199.4,1182.1,1678.7
2025-09-22 12:00:00+00:00,2709.2,1172.1,1699.8
2025-09-22 13:00:00+00:00,2971.0,1129.8,1739.3
2025-09-22 14:00:00+00:00,2855.1,1218.1,1676.3
2025-09-22 15:00:00+00:00,2132.6,1216.7,1609.1
2025-09-22 16:00:00+00:00,965.9,1139.8,1131.6
2025-09-22 17:00:00+00:00,119.9,1088.1,1314.7
2025-09-22 18:00:00+00:00,0.0,1026.8,1540.2
2025-09-22 19:00:00+00:00,0.0,976.9,1456.6
2025-09-22 20:00:00+00:00,0.0,878.1,1343.1
2025-09-22 21:00:00+00:00,0.0,736.2,896.1
2025-09-22 22:00:00+00:00,0.0,637.1,800.8
2025-09-22 23:00:00+00:00,0.0,526.3,478.3
2025-09-23 00:00:00+00:00,0.0,471.4,478.1
2025-09-23 01:00:00+00:00,0.0,479.4,323.4
2025-09-23 02:00:00+00:00,0.0,524.1,338.6
2025-09-23 03:00:00+00:00,0.0,537.9,199.4
2025-09-23 04:00:00+00:00,0.0,498.4,244.3
2025-09-23 05:00:00+00:00,34.6,547.4,412.2
2025-09-23 06:00:00+00:00,651.6,555.4,275.9
2025-09-23 07:00:00+00:00,1771.8,447.0,196.6
2025-09-23 08:00:00+00:00,3220.4,443.5,325.6
2025-09-23 09:00:00+00:00,4584.9,571.4,347.0
2025-09-23 10:00:00+00:00,4761.4,655.3,506.6
2025-09-23 11:00:00+00:00,4517.3,724.9,328.1
2025-09-23 12:00:00+00:00,4050.3,768.6,367.1
2025-09-23 13:00:00+00:00,2724.7,877.5,542.5
2025-09-23 14:00:00+00:00,1821.0,911.6,793.4
2025-09-23 15:00:00+00:00,1311.5,897.7,878.2
2025-09-23 16:00:00+00:00,638.8,768.7,1078.3
2025-09-23 17:00:00+00:00,73.8,810.0,1161.8
2025-09-23 18:00:00+00:00,0.0,940.1,1414.3
2025-09-23 19:00:00+00:00,0.0,1056.3,1627.9
2025-09-23 20:00:00+00:00,0.0,1184.1,1824.8
2025-09-23 21:00:00+00:00,0.0,1224.7,1850.4
2025-09-23 22:00:00+00:00,0.0,1283.3,1618.3
2025-09-23 23:00:00+00:00,0.0,1223.0,1263.8
2025-09-24 00:00:00+00:00,0.0,1133.8,1407.6
2025-09-24 01:00:00+00:00,0.0,1091.9,1288.0
2025-09-24 02:00:00+00:00,0.0,1065.1,1294.0
2025-09-24 03:00:00+00:00,0.0,1046.2,1265.8
2025-09-24 04:00:00+00:00,0.0,1062.0,1238.3
2025-09-24 05:00:00+00:00,8.7,1136.2,1428.3
2025-09-24 06:00:00+00:00,395.1,1216.2,1540.9
2025-09-24 07:00:00+00:00,1160.4,1237.7,1776.2
2025-09-24 08:00:00+00:00,2119.4,1142.9,1733.2
2025-09-24 09:00:00+00:00,2977.6,1202.5,1804.9
2025-09-24 10:00:00+00:00,3573.9,1355.8,1830.1
2025-09-24 11:00:00+00:00,3728.0,1507.3,1782.5
2025-09-24 12:00:00+00:00,3162.9,1602.0,1893.1
2025-09-24 13:00:00+00:00,2408.8,1378.2,1796.7
2025-09-24 14:00:00+00:00,1770.2,1303.6,1823.6
2025-09-24 15:00:00+00:00,1053.2,1027.7,1718.2
2025-09-24 16:00:00+00:00,369.5,761.7,1498.0
2025-09-24 17:00:00+00:00,28.3,611.0,1359.8
2025-09-24 18:00:00+00:00,0.0,662.9,1479.2
2025-09-24 19:00:00+00:00,0.0,764.2,1551.1
2025-09-24 20:00:00+00:00,0.0,826.4,1615.5
2025-09-24 21:00:00+00:00,0.0,850.8,1458.9
2025-09-24 22:00:00+00:00,0.0,791.5,1445.8
2025-09-24 23:00:00+00:00,0.0,722.3,1388.6
2025-09-25 00:00:00+00:00,0.0,680.5,1400.9
2025-09-25 01:00:00+00:00,0.0,683.3,1287.3
2025-09-25 02:00:00+00:00,0.0,677.5,1243.2
2025-09-25 03:00:00+00:00,0.0,651.2,1088.3
2025-09-25 04:00:00+00:00,0.0,629.7,1181.9
2025-09-25 05:00:00+00:00,5.3,648.1,1382.9
2025-09-25 06:00:00+00:00,294.5,690.0,1624.2
2025-09-25 07:00:00+00:00,843.9,783.6,1937.7
2025-09-25 08:00:00+00:00,1466.4,849.8,2026.9
2025-09-25 09:00:00+00:00,2117.6,899.1,2016.4
2025-09-25 10:00:00+00:00,2237.6,833.1,2053.9
2025-09-25 11:00:00+00:00,2180.0,731.4,1827.0
2025-09-25 12:00:00+00:00,1525.3,763.7,1564.1
2025-09-25 13:00:00+00:00,803.9,806.6,1268.8
2025-09-25 14:00:00+00:00,474.5,731.1,1072.8
2025-09-25 15:00:00+00:00,289.8,671.3,621.8
2025-09-25 16:00:00+00:00,74.1,634.5,512.3
2025-09-25 17:00:00+00:00,1.5,649.7,1649.3
2025-09-25 18:00:00+00:00,0.0,546.2,842.6
2025-09-25 19:00:00+00:00,0.0,439.1,396.5
2025-09-25 20:00:00+00:00,0.0,385.8,723.4
2025-09-25 21:00:00+00:00,0.0,316.9,1537.0
2025-09-25 22:00:00+00:00,0.0,291.3,1523.3
2025-09-25 23:00:00+00:00,0.0,290.3,993.8
2025-09-26 00:00:00+00:00,0.0,260.7,857.4
2025-09-26 01:00:00+00:00,0.0,226.8,908.9
2025-09-26 02:00:00+00:00,0.0,211.9,750.0
2025-09-26 03:00:00+00:00,0.0,193.1,504.8
2025-09-26 04:00:00+00:00,0.0,169.6,493.0
2025-09-26 05:00:00+00:00,10.2,158.9,461.1
2025-09-26 06:00:00+00:00,419.8,160.4,238.9
2025-09-26 07:00:00+00:00,1302.3,146.0,148.4
2025-09-26 08:00:00+00:00,1997.2,130.3,149.1
2025-09-26 09:00:00+00:00,2497.1,97.9,206.5
2025-09-26 10:00:00+00:00,2725.3,90.5,153.0
2025-09-26 11:00:00+00:00,3091.0,91.6,145.8
2025-09-26 12:00:00+00:00,2874.4,96.6,130.6
2025-09-26 13:00:00+00:00,2839.3,81.3,124.3
2025-09-26 14:00:00+00:00,2840.8,61.6,58.8
2025-09-26 15:00:00+00:00,2159.6,51.1,46.1
2025-09-26 16:00:00+00:00,952.0,48.9,28.7
2025-09-26 17:00:00+00:00,55.8,59.4,73.5
2025-09-26 18:00:00+00:00,0.0,124.8,62.5
2025-09-26 19:00:00+00:00,0.0,206.0,7.7
2025-09-26 20:00:00+00:00,0.0,239.1,2.5
2025-09-26 21:00:00+00:00,0.0,195.7,0.0
2025-09-26 22:00:00+00:00,0.0,136.0,37.4
2025-09-26 23:00:00+00:00,0.0,92.4,175.3
2025-09-27 00:00:00+00:00,0.0,46.7,21.1
2025-09-27 01:00:00+00:00,0.0,19.6,0.0
2025-09-27 02:00:00+00:00,0.0,10.0,0.0
2025-09-27 03:00:00+00:00,0.0,9.4,0.0
2025-09-27 04:00:00+00:00,0.0,6.1,0.0
2025-09-27 05:00:00+00:00,6.0,7.0,0.0
2025-09-27 06:00:00+00:00,435.7,4.9,0.0
2025-09-27 07:00:00+00:00,1541.0,7.1,0.0
2025-09-27 08:00:00+00:00,2997.9,7.4,0.0
2025-09-27 09:00:00+00:00,4527.7,8.6,0.0
2025-09-27 10:00:00+00:00,5415.8,16.4,9.2
2025-09-27 11:00:00+00:00,5508.4,26.2,3.7
2025-09-27 12:00:00+00:00,4902.7,33.9,0.0
2025-09-27 13:00:00+00:00,3665.7,36.1,0.0
2025-09-27 14:00:00+00:00,2301.5,39.6,0.0
2025-09-27 15:00:00+00:00,1182.1,36.3,0.0
2025-09-27 16:00:00+00:00,435.6,35.0,7.2
2025-09-27 17:00:00+00:00,28.5,63.2,10.4
2025-09-27 18:00:00+00:00,0.0,77.6,9.4
2025-09-27 19:00:00+00:00,0.0,97.1,73.2
2025-09-27 20:00:00+00:00,0.0,99.3,43.4
2025-09-27 21:00:00+00:00,0.0,110.4,72.0
2025-09-27 22:00:00+00:00,0.0,125.6,187.3
2025-09-27 23:00:00+00:00,0.0,123.7,181.4
2025-09-28 00:00:00+00:00,0.0,117.8,147.2
2025-09-28 01:00:00+00:00,0.0,82.8,113.1
2025-09-28 02:00:00+00:00,0.0,74.4,116.2
2025-09-28 03:00:00+00:00,0.0,112.0,165.2
2025-09-28 04:00:00+00:00,0.0,132.0,224.2
2025-09-28 05:00:00+00:00,13.0,134.4,197.4
2025-09-28 06:00:00+00:00,905.6,108.5,122.3
2025-09-28 07:00:00+00:00,2603.9,74.1,113.1
2025-09-28 08:00:00+00:00,4430.0,31.7,87.9
2025-09-28 09:00:00+00:00,5851.0,12.9,35.8
2025-09-28 10:00:00+00:00,6779.6,13.8,1.7
2025-09-28 11:00:00+00:00,7006.9,19.8,0.0
2025-09-28 12:00:00+00:00,6539.3,21.1,0.0
2025-09-28 13:00:00+00:00,5412.7,14.8,0.0
2025-09-28 14:00:00+00:00,3687.8,11.3,0.0
2025-09-28 15:00:00+00:00,1761.7,16.6,0.0
2025-09-28 16:00:00+00:00,438.1,29.0,0.0
2025-09-28 17:00:00+00:00,18.7,63.7,0.0
2025-09-28 18:00:00+00:00,0.0,105.6,0.0
2025-09-28 19:00:00+00:00,0.0,129.7,0.0
2025-09-28 20:00:00+00:00,0.0,118.2,0.0
2025-09-28 21:00:00+00:00,0.0,116.6,0.0
2025-09-28 22:00:00+00:00,0.0,103.2,0.0
2025-09-28 23:00:00+00:00,0.0,100.0,0.0
2025-09-29 00:00:00+00:00,0.0,104.3,0.0
2025-09-29 01:00:00+00:00,0.0,76.5,0.0
2025-09-29 02:00:00+00:00,0.0,55.6,0.0
2025-09-29 03:00:00+00:00,0.0,34.2,0.6
2025-09-29 04:00:00+00:00,0.0,26.0,21.9
2025-09-29 05:00:00+00:00,1.1,18.3,64.6
2025-09-29 06:00:00+00:00,414.6,15.3,85.5
2025-09-29 07:00:00+00:00,1598.7,13.5,113.7
2025-09-29 08:00:00+00:00,3385.8,9.1,159.8
2025-09-29 09:00:00+00:00,5019.2,8.2,159.8
2025-09-29 10:00:00+00:00,5981.5,21.8,144.2
2025-09-29 11:00:00+00:00,4992.5,55.3,131.2
2025-09-29 12:00:00+00:00,3881.4,83.9,143.1
2025-09-29 13:00:00+00:00,3300.5,136.5,216.4
2025-09-29 14:00:00+00:00,2406.3,201.6,235.9
2025-09-29 15:00:00+00:00,1429.8,232.6,331.0
2025-09-29 16:00:00+00:00,507.6,260.3,295.7
2025-09-29 17:00:00+00:00,13.7,286.9,254.3
2025-09-29 18:00:00+00:00,0.0,339.0,213.9
2025-09-29 19:00:00+00:00,0.0,317.1,167.5
2025-09-29 20:00:00+00:00,0.0,241.0,153.7
2025-09-29 21:00:00+00:00,0.0,154.5,107.1
2025-09-29 22:00:00+00:00,0.0,120.5,98.0
2025-09-29 23:00:00+00:00,0.0,120.0,97.4
2025-09-30 00:00:00+00:00,0.0,126.2,95.7
2025-09-30 01:00:00+00:00,0.0,132.9,132.4
2025-09-30 02:00:00+00:00,0.0,145.8,175.2
2025-09-30 03:00:00+00:00,0.0,174.5,175.9
2025-09-30 04:00:00+00:00,0.0,194.4,182.8
2025-09-30 05:00:00+00:00,0.7,203.0,220.9
2025-09-30 06:00:00+00:00,268.2,192.6,149.8
2025-09-30 07:00:00+00:00,1355.1,162.1,141.5
2025-09-30 08:00:00+00:00,2722.3,96.9,124.7
2025-09-30 09:00:00+00:00,3992.9,90.4,63.4
2025-09-30 10:00:00+00:00,4660.2,94.3,39.8
2025-09-30 11:00:00+00:00,4928.5,95.6,18.8
2025-09-30 12:00:00+00:00,4700.8,97.5,9.3
2025-09-30 13:00:00+00:00,4025.8,103.3,13.9
2025-09-30 14:00:00+00:00,2831.4,130.1,0.5
2025-09-30 15:00:00+00:00,1616.8,131.4,0.0
2025-09-30 16:00:00+00:00,595.5,145.9,0.0
2025-09-30 17:00:00+00:00,16.9,201.4,0.0
2025-09-30 18:00:00+00:00,0.0,251.1,1.7
2025-09-30 19:00:00+00:00,0.0,235.4,0.0
2025-09-30 20:00:00+00:00,0.0,187.8,3.1
2025-09-30 21:00:00+00:00,0.0,139.7,0.0
2025-09-30 22:00:00+00:00,0.0,82.7,0.0
2025-09-30 23:00:00+00:00,0.0,43.3,0.0
2025-10-01 00:00:00+00:00,0.0,35.5,0.0
2025-10-01 01:00:00+00:00,0.0,35.7,0.0
2025-10-01 02:00:00+00:00,0.0,32.8,0.0
2025-10-01 03:00:00+00:00,0.0,27.4,0.0
2025-10-01 04:00:00+00:00,0.0,24.9,0.0
2025-10-01 05:00:00+00:00,1.2,25.0,0.0
2025-10-01 06:00:00+00:00,286.6,28.8,0.0
2025-10-01 07:00:00+00:00,1054.5,19.2,0.0
2025-10-01 08:00:00+00:00,1972.4,10.3,0.0
2025-10-01 09:00:00+00:00,3343.1,4.2,0.0
2025-10-01 10:00:00+00:00,5172.9,9.5,0.0
2025-10-01 11:00:00+00:00,6194.9,20.7,0.0
2025-10-01 12:00:00+00:00,5624.8,27.4,0.0
2025-10-01 13:00:00+00:00,4478.1,19.1,0.0
2025-10-01 14:00:00+00:00,2664.8,15.2,0.0
2025-10-01 15:00:00+00:00,1150.5,23.2,0.0
2025-10-01 16:00:00+00:00,322.7,46.2,0.0
2025-10-01 17:00:00+00:00,4.7,106.7,0.0
2025-10-01 18:00:00+00:00,0.0,207.1,2.5
2025-10-01 19:00:00+00:00,0.0,280.1,30.7
2025-10-01 20:00:00+00:00,0.0,308.3,32.3
2025-10-01 21:00:00+00:00,0.0,312.0,58.7
2025-10-01 22:00:00+00:00,0.0,382.8,125.4
2025-10-01 23:00:00+00:00,0.0,414.0,229.3
2025-10-02 00:00:00+00:00,0.0,414.0,172.9
2025-10-02 01:00:00+00:00,0.0,411.5,90.6
2025-10-02 02:00:00+00:00,0.0,466.2,66.5
2025-10-02 03:00:00+00:00,0.0,527.5,66.7
2025-10-02 04:00:00+00:00,0.0,547.1,44.2
2025-10-02 05:00:00+00:00,1.5,546.6,75.9
2025-10-02 06:00:00+00:00,459.2,465.0,63.8
2025-10-02 07:00:00+00:00,1201.6,374.4,160.0
2025-10-02 08:00:00+00:00,2302.3,274.3,220.6
2025-10-02 09:00:00+00:00,3481.3,227.5,281.7
2025-10-02 10:00:00+00:00,4180.0,217.1,327.0
2025-10-02 11:00:00+00:00,4700.8,224.6,407.5
2025-10-02 12:00:00+00:00,5056.9,229.4,453.7
2025-10-02 13:00:00+00:00,4670.6,204.7,428.7
2025-10-02 14:00:00+00:00,3192.0,189.3,399.9
2025-10-02 15:00:00+00:00,1555.9,187.7,465.9
2025-10-02 16:00:00+00:00,310.7,227.0,791.9
2025-10-02 17:00:00+00:00,2.5,307.9,1095.8
2025-10-02 18:00:00+00:00,0.0,476.1,1321.1
2025-10-02 19:00:00+00:00,0.0,651.7,1457.4
2025-10-02 20:00:00+00:00,0.0,806.7,1518.0
2025-10-02 21:00:00+00:00,0.0,823.6,1661.9
2025-10-02 22:00:00+00:00,0.0,892.0,1782.3
2025-10-02 23:00:00+00:00,0.0,921.4,1678.1
2025-10-03 00:00:00+00:00,0.0,812.0,1854.2
2025-10-03 01:00:00+00:00,0.0,686.6,1857.4
2025-10-03 02:00:00+00:00,0.0,575.3,1774.4
2025-10-03 03:00:00+00:00,0.0,631.6,1929.2
2025-10-03 04:00:00+00:00,0.0,816.8,2021.2
2025-10-03 05:00:00+00:00,0.0,842.3,1846.6
2025-10-03 06:00:00+00:00,128.7,740.6,1680.1
2025-10-03 07:00:00+00:00,548.3,753.6,1535.2
2025-10-03 08:00:00+00:00,908.7,693.4,1609.6
2025-10-03 09:00:00+00:00,1316.1,742.1,1700.2
2025-10-03 10:00:00+00:00,1605.4,825.7,1729.4
2025-10-03 11:00:00+00:00,1754.3,981.6,1709.3
2025-10-03 12:00:00+00:00,1328.2,990.0,1864.2
2025-10-03 13:00:00+00:00,959.3,1010.1,1984.2
2025-10-03 14:00:00+00:00,599.7,1183.8,2136.2
2025-10-03 15:00:00+00:00,267.1,1334.2,2196.3
2025-10-03 16:00:00+00:00,37.2,1513.9,2195.4
2025-10-03 17:00:00+00:00,0.0,1675.3,2196.7
2025-10-03 18:00:00+00:00,0.0,1900.7,2194.4
2025-10-03 19:00:00+00:00,0.0,2107.1,2194.1
2025-10-03 20:00:00+00:00,0.0,2191.3,2183.1
2025-10-03 21:00:00+00:00,0.0,2246.5,2163.7
2025-10-03 22:00:00+00:00,0.0,2253.9,2179.8
2025-10-03 23:00:00+00:00,0.0,2197.0,2139.2
2025-10-04 00:00:00+00:00,0.0,2101.1,2042.3
2025-10-04 01:00:00+00:00,0.0,2042.1,1996.4
2025-10-04 02:00:00+00:00,0.0,2081.4,1984.1
2025-10-04 03:00:00+00:00,0.0,2165.2,1994.4
2025-10-04 04:00:00+00:00,0.0,2200.2,2000.0
2025-10-04 05:00:00+00:00,0.0,2163.1,2058.6
2025-10-04 06:00:00+00:00,14.8,2038.6,2164.2
2025-10-04 07:00:00+00:00,187.5,1870.0,2166.1
2025-10-04 08:00:00+00:00,1293.2,1875.5,2173.8
2025-10-04 09:00:00+00:00,3429.6,1679.5,2116.9
2025-10-04 10:00:00+00:00,5165.3,1920.1,2026.6
2025-10-04 11:00:00+00:00,5670.7,2099.8,1919.3
2025-10-04 12:00:00+00:00,4235.7,2136.9,1988.9
2025-10-04 13:00:00+00:00,4163.0,2085.4,2136.4
2025-10-04 14:00:00+00:00,3305.0,2117.0,1914.0
2025-10-04 15:00:00+00:00,1627.1,2127.1,2080.4
2025-10-04 16:00:00+00:00,244.7,2194.7,2180.2
2025-10-04 17:00:00+00:00,0.7,2141.0,2182.7
2025-10-04 18:00:00+00:00,0.0,1991.4,2180.0
2025-10-04 19:00:00+00:00,0.0,1846.8,2178.5
2025-10-04 20:00:00+00:00,0.0,1809.9,2179.7
2025-10-04 21:00:00+00:00,0.0,1786.7,2169.6
2025-10-04 22:00:00+00:00,0.0,1777.4,2169.9
2025-10-04 23:00:00+00:00,0.0,1723.9,2169.9
2025-10-05 00:00:00+00:00,0.0,1603.9,2031.1
2025-10-05 01:00:00+00:00,0.0,1575.4,2170.8
2025-10-05 02:00:00+00:00,0.0,1478.5,2169.0
2025-10-05 03:00:00+00:00,0.0,1490.8,2165.1
2025-10-05 04:00:00+00:00,0.0,1532.8,2162.8
2025-10-05 05:00:00+00:00,0.0,1566.5,2161.8
2025-10-05 06:00:00+00:00,250.0,1613.8,2163.0
2025-10-05 07:00:00+00:00,1194.7,1546.6,2168.0
2025-10-05 08:00:00+00:00,2074.9,1563.9,2164.7
2025-10-05 09:00:00+00:00,2575.4,1714.6,2168.7
2025-10-05 10:00:00+00:00,2783.7,1711.5,2172.2
2025-10-05 11:00:00+00:00,2816.4,1717.2,2163.9
2025-10-05 12:00:00+00:00,2193.9,1640.5,2122.0
2025-10-05 13:00:00+00:00,1984.0,1592.7,2053.9
2025-10-05 14:00:00+00:00,1478.4,1496.6,2012.1
2025-10-05 15:00:00+00:00,695.0,1178.9,2045.5
2025-10-05 16:00:00+00:00,151.3,945.6,2017.7
2025-10-05 17:00:00+00:00,0.0,803.7,1706.4
2025-10-05 18:00:00+00:00,0.0,803.2,2002.6
2025-10-05 19:00:00+00:00,0.0,819.6,1947.3
2025-10-05 20:00:00+00:00,0.0,803.5,1818.2
2025-10-05 21:00:00+00:00,0.0,848.7,1647.5
2025-10-05 22:00:00+00:00,0.0,824.3,1434.4
2025-10-05 23:00:00+00:00,0.0,810.4,1194.2
2025-10-06 00:00:00+00:00,0.0,709.4,1174.0
2025-10-06 01:00:00+00:00,0.0,682.4,1263.2
2025-10-06 02:00:00+00:00,0.0,713.1,1079.4
2025-10-06 03:00:00+00:00,0.0,679.5,934.6
2025-10-06 04:00:00+00:00,0.0,643.7,1006.9
2025-10-06 05:00:00+00:00,0.0,671.1,1014.9
2025-10-06 06:00:00+00:00,153.2,649.0,1120.6
2025-10-06 07:00:00+00:00,685.8,583.1,1136.9
2025-10-06 08:00:00+00:00,1080.0,476.2,916.1
2025-10-06 09:00:00+00:00,1624.5,474.8,643.4
2025-10-06 10:00:00+00:00,1756.0,533.7,465.6
2025-10-06 11:00:00+00:00,1856.9,590.3,519.0
2025-10-06 12:00:00+00:00,1841.8,595.7,648.4
2025-10-06 13:00:00+00:00,1916.8,559.9,858.3
2025-10-06 14:00:00+00:00,1462.5,563.1,1075.8
2025-10-06 15:00:00+00:00,891.7,531.5,880.6
2025-10-06 16:00:00+00:00,195.3,479.7,792.2
2025-10-06 17:00:00+00:00,0.9,407.4,710.9
2025-10-06 18:00:00+00:00,0.0,372.5,457.8
2025-10-06 19:00:00+00:00,0.0,373.8,307.2
2025-10-06 20:00:00+00:00,0.0,407.2,262.1
2025-10-06 21:00:00+00:00,0.0,448.5,174.9
2025-10-06 22:00:00+00:00,0.0,444.7,236.1
2025-10-06 23:00:00+00:00,0.0,376.2,332.8
2025-10-07 00:00:00+00:00,0.0,353.5,319.8
2025-10-07 01:00:00+00:00,0.0,358.6,247.6
2025-10-07 02:00:00+00:00,0.0,353.5,361.4
2025-10-07 03:00:00+00:00,0.0,306.3,303.2
2025-10-07 04:00:00+00:00,0.0,256.9,280.2
2025-10-07 05:00:00+00:00,0.0,251.6,333.6
2025-10-07 06:00:00+00:00,74.7,254.4,530.8
2025-10-07 07:00:00+00:00,301.0,240.3,557.4
2025-10-07 08:00:00+00:00,675.6,215.9,602.3
2025-10-07 09:00:00+00:00,1089.2,184.6,445.1
2025-10-07 10:00:00+00:00,1348.0,177.8,388.8
2025-10-07 11:00:00+00:00,1299.5,145.0,303.0
2025-10-07 12:00:00+00:00,985.3,111.9,253.7
2025-10-07 13:00:00+00:00,655.6,105.0,250.5
2025-10-07 14:00:00+00:00,409.7,101.4,322.3
2025-10-07 15:00:00+00:00,184.5,93.0,341.5
2025-10-07 16:00:00+00:00,26.6,86.3,504.9
2025-10-07 17:00:00+00:00,0.0,80.5,571.2
2025-10-07 18:00:00+00:00,0.0,73.8,471.7
2025-10-07 19:00:00+00:00,0.0,76.2,323.1
2025-10-07 20:00:00+00:00,0.0,89.1,193.4
2025-10-07 21:00:00+00:00,0.0,83.1,141.6
2025-10-07 22:00:00+00:00,0.0,60.4,117.4
2025-10-07 23:00:00+00:00,0.0,61.7,179.1
2025-10-08 00:00:00+00:00,0.0,61.8,164.0
2025-10-08 01:00:00+00:00,0.0,81.9,130.4
2025-10-08 02:00:00+00:00,0.0,96.3,80.0
2025-10-08 03:00:00+00:00,0.0,97.7,78.5
2025-10-08 04:00:00+00:00,0.0,70.2,99.7
2025-10-08 05:00:00+00:00,0.0,63.3,81.6
2025-10-08 06:00:00+00:00,162.3,79.7,52.4
2025-10-08 07:00:00+00:00,851.7,68.7,36.4
2025-10-08 08:00:00+00:00,1443.5,35.8,2.9
2025-10-08 09:00:00+00:00,1715.7,28.6,0.0
2025-10-08 10:00:00+00:00,1970.6,28.2,0.0
2025-10-08 11:00:00+00:00,1907.2,30.4,0.0
2025-10-08 12:00:00+00:00,1764.4,34.7,8.9
2025-10-08 13:00:00+00:00,1394.5,42.6,27.9
2025-10-08 14:00:00+00:00,871.2,57.1,23.0
2025-10-08 15:00:00+00:00,422.4,60.1,3.7
2025-10-08 16:00:00+00:00,86.4,73.8,4.7
2025-10-08 17:00:00+00:00,0.1,80.6,148.2
2025-10-08 18:00:00+00:00,0.0,86.8,413.9
2025-10-08 19:00:00+00:00,0.0,86.0,292.1
2025-10-08 20:00:00+00:00,0.0,129.7,172.3
2025-10-08 21:00:00+00:00,0.0,205.2,19.9
2025-10-08 22:00:00+00:00,0.0,155.8,19.5
2025-10-08 23:00:00+00:00,0.0,153.3,20.8
2025-10-09 00:00:00+00:00,0.0,132.1,17.2
2025-10-09 01:00:00+00:00,0.0,104.3,58.9
2025-10-09 02:00:00+00:00,0.0,82.1,106.3
2025-10-09 03:00:00+00:00,0.0,80.8,170.9
2025-10-09 04:00:00+00:00,0.0,60.1,86.7
2025-10-09 05:00:00+00:00,0.0,52.1,63.4
2025-10-09 06:00:00+00:00,238.8,77.9,60.6
2025-10-09 07:00:00+00:00,1255.8,83.2,69.6
2025-10-09 08:00:00+00:00,2610.0,41.1,64.8
2025-10-09 09:00:00+00:00,3530.9,41.5,124.1
2025-10-09 10:00:00+00:00,3357.9,83.9,160.5
2025-10-09 11:00:00+00:00,3017.0,118.7,119.6
2025-10-09 12:00:00+00:00,2658.4,121.5,225.4
2025-10-09 13:00:00+00:00,1942.3,159.8,91.1
2025-10-09 14:00:00+00:00,1496.6,121.5,78.2
2025-10-09 15:00:00+00:00,1067.9,74.2,90.2
2025-10-09 16:00:00+00:00,227.2,83.1,165.3
2025-10-09 17:00:00+00:00,0.1,103.5,86.6
2025-10-09 18:00:00+00:00,0.0,110.0,35.6
2025-10-09 19:00:00+00:00,0.0,104.3,45.9
2025-10-09 20:00:00+00:00,0.0,92.8,13.9
2025-10-09 21:00:00+00:00,0.0,74.1,45.5
2025-10-09 22:00:00+00:00,0.0,39.5,25.6
2025-10-09 23:00:00+00:00,0.0,34.4,26.2
2025-10-10 00:00:00+00:00,0.0,45.9,7.0
2025-10-10 01:00:00+00:00,0.0,48.5,0.7
2025-10-10 02:00:00+00:00,0.0,62.3,0.0
2025-10-10 03:00:00+00:00,0.0,67.7,0.0
2025-10-10 04:00:00+00:00,0.0,63.7,0.0
2025-10-10 05:00:00+00:00,0.0,75.4,0.0
2025-10-10 06:00:00+00:00,41.5,71.4,1.1
2025-10-10 07:00:00+00:00,332.4,55.0,0.0
2025-10-10 08:00:00+00:00,822.4,30.7,0.1
2025-10-10 09:00:00+00:00,1675.3,16.5,2.2
2025-10-10 10:00:00+00:00,2457.3,14.8,2.1
2025-10-10 11:00:00+00:00,2370.9,15.2,3.8
2025-10-10 12:00:00+00:00,1935.5,20.0,31.8
2025-10-10 13:00:00+00:00,1506.0,21.6,54.0
2025-10-10 14:00:00+00:00,924.6,22.8,79.1
2025-10-10 15:00:00+00:00,285.1,23.0,74.9
2025-10-10 16:00:00+00:00,21.1,14.8,54.2
2025-10-10 17:00:00+00:00,0.0,12.6,76.0
2025-10-10 18:00:00+00:00,0.0,15.8,77.7
2025-10-10 19:00:00+00:00,0.0,16.7,44.9
2025-10-10 20:00:00+00:00,0.0,15.5,24.5
2025-10-10 21:00:00+00:00,0.0,18.3,25.2
2025-10-10 22:00:00+00:00,0.0,17.5,58.7
2025-10-10 23:00:00+00:00,0.0,19.6,42.4
2025-10-11 00:00:00+00:00,0.0,17.0,27.8
2025-10-11 01:00:00+00:00,0.0,15.0,8.1
2025-10-11 02:00:00+00:00,0.0,11.2,9.4
2025-10-11 03:00:00+00:00,0.0,13.5,10.7
2025-10-11 04:00:00+00:00,0.0,14.3,18.4
2025-10-11 05:00:00+00:00,0.0,16.3,25.3
2025-10-11 06:00:00+00:00,28.0,20.4,7.6
2025-10-11 07:00:00+00:00,244.1,22.3,0.4
2025-10-11 08:00:00+00:00,647.2,18.3,0.0
2025-10-11 09:00:00+00:00,1189.5,16.4,0.0
2025-10-11 10:00:00+00:00,1472.3,11.6,1.9
2025-10-11 11:00:00+00:00,1445.8,9.8,34.6
2025-10-11 12:00:00+00:00,1195.7,10.2,67.3
2025-10-11 13:00:00+00:00,936.1,14.7,53.3
2025-10-11 14:00:00+00:00,617.2,19.8,20.6
2025-10-11 15:00:00+00:00,335.7,27.2,0.0
2025-10-11 16:00:00+00:00,61.1,24.8,0.0
2025-10-11 17:00:00+00:00,0.0,30.3,0.0
2025-10-11 18:00:00+00:00,0.0,45.6,0.0
2025-10-11 19:00:00+00:00,0.0,51.3,0.0
2025-10-11 20:00:00+00:00,0.0,56.4,0.0
2025-10-11 21:00:00+00:00,0.0,60.6,0.0
2025-10-11 22:00:00+00:00,0.0,57.5,0.0
2025-10-11 23:00:00+00:00,0.0,64.8,0.0
2025-10-12 00:00:00+00:00,0.0,65.0,0.0
2025-10-12 01:00:00+00:00,0.0,65.4,0.0
2025-10-12 02:00:00+00:00,0.0,64.6,0.0
2025-10-12 03:00:00+00:00,0.0,52.4,0.0
2025-10-12 04:00:00+00:00,0.0,47.7,0.0
2025-10-12 05:00:00+00:00,0.0,43.9,0.0
2025-10-12 06:00:00+00:00,55.2,51.2,0.0
2025-10-12 07:00:00+00:00,360.2,59.9,0.0
2025-10-12 08:00:00+00:00,896.6,57.3,14.3
2025-10-12 09:00:00+00:00,1617.1,70.8,15.1
2025-10-12 10:00:00+00:00,2431.0,94.9,46.4
2025-10-12 11:00:00+00:00,3026.1,94.0,85.6
2025-10-12 12:00:00+00:00,3406.5,99.4,74.1
2025-10-12 13:00:00+00:00,3018.8,125.0,69.7
2025-10-12 14:00:00+00:00,1751.8,129.2,145.9
2025-10-12 15:00:00+00:00,619.3,155.5,153.1
2025-10-12 16:00:00+00:00,70.9,181.5,125.1
2025-10-12 17:00:00+00:00,0.0,193.6,108.7
2025-10-12 18:00:00+00:00,0.0,176.8,221.7
2025-10-12 19:00:00+00:00,0.0,174.6,168.8
2025-10-12 20:00:00+00:00,0.0,175.0,179.0
2025-10-12 21:00:00+00:00,0.0,164.6,234.4
2025-10-12 22:00:00+00:00,0.0,143.5,345.5
2025-10-12 23:00:00+00:00,0.0,113.9,389.8
2025-10-13 00:00:00+00:00,0.0,103.4,522.0
2025-10-13 01:00:00+00:00,0.0,94.8,620.1
2025-10-13 02:00:00+00:00,0.0,111.5,501.2
2025-10-13 03:00:00+00:00,0.0,120.3,299.7
2025-10-13 04:00:00+00:00,0.0,128.3,185.2
2025-10-13 05:00:00+00:00,0.0,128.8,211.7
2025-10-13 06:00:00+00:00,101.0,138.3,263.9
2025-10-13 07:00:00+00:00,494.9,114.5,198.3
2025-10-13 08:00:00+00:00,970.9,114.2,159.1
2025-10-13 09:00:00+00:00,1303.7,133.3,221.4
2025-10-13 10:00:00+00:00,1571.2,137.2,257.5
2025-10-13 11:00:00+00:00,1487.2,138.7,234.3
2025-10-13 12:00:00+00:00,1180.6,141.2,163.7
2025-10-13 13:00:00+00:00,846.1,158.9,177.5
2025-10-13 14:00:00+00:00,560.2,209.3,204.9
2025-10-13 15:00:00+00:00,304.8,210.5,197.6
2025-10-13 16:00:00+00:00,46.5,219.8,252.7
2025-10-13 17:00:00+00:00,0.0,253.2,301.4
2025-10-13 18:00:00+00:00,0.0,248.0,305.9
2025-10-13 19:00:00+00:00,0.0,201.5,273.8
2025-10-13 20:00:00+00:00,0.0,196.0,261.9
2025-10-13 21:00:00+00:00,0.0,198.7,157.3
2025-10-13 22:00:00+00:00,0.0,177.6,181.8
2025-10-13 23:00:00+00:00,0.0,195.9,203.0
2025-10-14 00:00:00+00:00,0.0,199.7,127.7
2025-10-14 01:00:00+00:00,0.0,170.4,203.5
2025-10-14 02:00:00+00:00,0.0,145.7,138.5
2025-10-14 03:00:00+00:00,0.0,143.9,64.8
2025-10-14 04:00:00+00:00,0.0,140.0,37.1
2025-10-14 05:00:00+00:00,0.0,132.8,37.6
2025-10-14 06:00:00+00:00,33.3,127.3,119.6
2025-10-14 07:00:00+00:00,320.5,84.8,105.4
2025-10-14 08:00:00+00:00,750.2,56.0,108.0
2025-10-14 09:00:00+00:00,1246.0,59.3,99.2
2025-10-14 10:00:00+00:00,1622.6,68.3,105.6
2025-10-14 11:00:00+00:00,1753.2,63.4,125.4
2025-10-14 12:00:00+00:00,1521.4,73.8,101.5
2025-10-14 13:00:00+00:00,1364.7,83.2,137.1
2025-10-14 14:00:00+00:00,1065.3,92.9,179.3
2025-10-14 15:00:00+00:00,603.2,112.2,285.3
2025-10-14 16:00:00+00:00,101.1,113.8,394.3
2025-10-14 17:00:00+00:00,0.0,121.8,571.3
2025-10-14 18:00:00+00:00,0.0,171.6,544.1
2025-10-14 19:00:00+00:00,0.0,192.8,334.1
2025-10-14 20:00:00+00:00,0.0,172.0,293.7
2025-10-14 21:00:00+00:00,0.0,141.1,455.9
2025-10-14 22:00:00+00:00,0.0,154.0,233.8
2025-10-14 23:00:00+00:00,0.0,113.6,230.7
2025-10-15 00:00:00+00:00,0.0,89.8,125.2
2025-10-15 01:00:00+00:00,0.0,68.8,114.9
2025-10-15 02:00:00+00:00,0.0,52.9,137.4
2025-10-15 03:00:00+00:00,0.0,61.4,136.5
2025-10-15 04:00:00+00:00,0.0,40.0,161.4
2025-10-15 05:00:00+00:00,0.0,26.6,185.1
2025-10-15 06:00:00+00:00,65.8,22.7,185.6
2025-10-15 07:00:00+00:00,465.8,23.6,223.4
2025-10-15 08:00:00+00:00,1003.2,19.0,212.8
2025-10-15 09:00:00+00:00,1265.5,17.6,180.4
2025-10-15 10:00:00+00:00,1254.8,21.9,154.7
2025-10-15 11:00:00+00:00,1145.0,24.4,172.9
2025-10-15 12:00:00+00:00,957.0,29.9,188.9
2025-10-15 13:00:00+00:00,788.3,41.1,241.8
2025-10-15 14:00:00+00:00,523.5,56.8,282.1
2025-10-15 15:00:00+00:00,216.8,74.9,392.4
2025-10-15 16:00:00+00:00,15.7,80.5,465.5
2025-10-15 17:00:00+00:00,0.0,70.5,423.3
2025-10-15 18:00:00+00:00,0.0,71.7,365.3
2025-10-15 19:00:00+00:00,0.0,74.8,316.0
2025-10-15 20:00:00+00:00,0.0,92.4,196.5
2025-10-15 21:00:00+00:00,0.0,94.3,256.7
2025-10-15 22:00:00+00:00,0.0,95.6,172.6
2025-10-15 23:00:00+00:00,0.0,77.9,113.1
2025-10-16 00:00:00+00:00,0.0,64.8,68.6
2025-10-16 01:00:00+00:00,0.0,56.2,90.3
2025-10-16 02:00:00+00:00,0.0,73.3,12.8
2025-10-16 03:00:00+00:00,0.0,82.6,0.0
2025-10-16 04:00:00+00:00,0.0,76.4,138.9
2025-10-16 05:00:00+00:00,0.0,96.3,14.6
2025-10-16 06:00:00+00:00,118.6,97.5,149.5
2025-10-16 07:00:00+00:00,734.9,71.8,38.8
2025-10-16 08:00:00+00:00,1397.4,35.1,70.8
2025-10-16 09:00:00+00:00,1913.4,23.5,99.9
2025-10-16 10:00:00+00:00,2227.4,31.8,158.8
2025-10-16 11:00:00+00:00,2284.3,41.3,201.8
2025-10-16 12:00:00+00:00,1864.3,49.1,251.4
2025-10-16 13:00:00+00:00,1214.0,83.5,176.9
2025-10-16 14:00:00+00:00,738.8,70.4,60.9
2025-10-16 15:00:00+00:00,348.1,65.4,177.4
2025-10-16 16:00:00+00:00,44.8,103.4,53.0
2025-10-16 17:00:00+00:00,0.0,131.0,184.6
2025-10-16 18:00:00+00:00,0.0,150.3,284.2
2025-10-16 19:00:00+00:00,0.0,189.6,190.0
2025-10-16 20:00:00+00:00,0.0,201.9,151.4
2025-10-16 21:00:00+00:00,0.0,195.4,212.5
2025-10-16 22:00:00+00:00,0.0,179.3,102.0
2025-10-16 23:00:00+00:00,0.0,152.0,175.7
2025-10-17 00:00:00+00:00,0.0,128.9,104.2
2025-10-17 01:00:00+00:00,0.0,86.5,52.1
2025-10-17 02:00:00+00:00,0.0,66.6,85.1
2025-10-17 03:00:00+00:00,0.0,79.7,59.8
2025-10-17 04:00:00+00:00,0.0,72.1,45.5
2025-10-17 05:00:00+00:00,0.0,65.0,75.7
2025-10-17 06:00:00+00:00,41.4,61.0,68.3
2025-10-17 07:00:00+00:00,390.6,37.7,59.9
2025-10-17 08:00:00+00:00,860.5,26.0,118.8
2025-10-17 09:00:00+00:00,1308.5,28.9,105.5
2025-10-17 10:00:00+00:00,1671.2,24.8,76.0
2025-10-17 11:00:00+00:00,1590.1,27.8,63.1
2025-10-17 12:00:00+00:00,1348.9,29.1,28.9
2025-10-17 13:00:00+00:00,1035.6,29.4,36.6
2025-10-17 14:00:00+00:00,648.2,36.8,72.3
2025-10-17 15:00:00+00:00,225.3,46.6,109.4
2025-10-17 16:00:00+00:00,17.7,58.5,60.1
2025-10-17 17:00:00+00:00,0.0,53.9,52.8
2025-10-17 18:00:00+00:00,0.0,47.8,82.3
2025-10-17 19:00:00+00:00,0.0,54.5,31.4
2025-10-17 20:00:00+00:00,0.0,48.3,30.6
2025-10-17 21:00:00+00:00,0.0,28.6,15.7
2025-10-17 22:00:00+00:00,0.0,20.8,0.0
2025-10-17 23:00:00+00:00,0.0,19.7,0.0
2025-10-18 00:00:00+00:00,0.0,25.0,0.0
2025-10-18 01:00:00+00:00,0.0,27.5,0.0
2025-10-18 02:00:00+00:00,0.0,53.8,0.0
2025-10-18 03:00:00+00:00,0.0,93.0,8.1
2025-10-18 04:00:00+00:00,0.0,126.1,39.7
2025-10-18 05:00:00+00:00,0.0,132.3,64.8
2025-10-18 06:00:00+00:00,60.1,145.5,118.8
2025-10-18 07:00:00+00:00,537.1,131.2,131.8
2025-10-18 08:00:00+00:00,1264.0,102.2,167.5
2025-10-18 09:00:00+00:00,2208.7,133.4,246.2
2025-10-18 10:00:00+00:00,2993.5,194.6,178.9
2025-10-18 11:00:00+00:00,2704.7,202.9,139.7
2025-10-18 12:00:00+00:00,2437.7,196.7,164.7
2025-10-18 13:00:00+00:00,2310.6,217.0,229.5
2025-10-18 14:00:00+00:00,1625.1,257.9,381.2
2025-10-18 15:00:00+00:00,621.9,292.0,442.5
2025-10-18 16:00:00+00:00,51.7,387.0,505.6
2025-10-18 17:00:00+00:00,0.0,534.3,544.5
2025-10-18 18:00:00+00:00,0.0,640.0,646.6
2025-10-18 19:00:00+00:00,0.0,660.6,615.5
2025-10-18 20:00:00+00:00,0.0,613.4,749.6
2025-10-18 21:00:00+00:00,0.0,553.4,689.8
2025-10-18 22:00:00+00:00,0.0,612.5,464.6
2025-10-18 23:00:00+00:00,0.0,575.1,309.6
2025-10-19 00:00:00+00:00,0.0,536.6,336.6
2025-10-19 01:00:00+00:00,0.0,510.0,612.6
2025-10-19 02:00:00+00:00,0.0,582.0,565.3
2025-10-19 03:00:00+00:00,0.0,588.9,586.3
2025-10-19 04:00:00+00:00,0.0,593.0,509.7
2025-10-19 05:00:00+00:00,0.0,570.6,511.6
2025-10-19 06:00:00+00:00,29.7,636.8,622.5
2025-10-19 07:00:00+00:00,340.3,634.7,560.3
2025-10-19 08:00:00+00:00,873.8,581.3,617.0
2025-10-19 09:00:00+00:00,1937.8,471.6,582.8
2025-10-19 10:00:00+00:00,3915.5,409.8,501.6
2025-10-19 11:00:00+00:00,4822.7,354.4,528.6
2025-10-19 12:00:00+00:00,2957.4,516.5,730.7
2025-10-19 13:00:00+00:00,1431.6,650.3,984.0
2025-10-19 14:00:00+00:00,592.5,698.4,1493.3
2025-10-19 15:00:00+00:00,151.6,786.5,1564.5
2025-10-19 16:00:00+00:00,4.6,813.2,1488.5
2025-10-19 17:00:00+00:00,0.0,999.4,1744.1
2025-10-19 18:00:00+00:00,0.0,1215.3,2057.4
2025-10-19 19:00:00+00:00,0.0,1302.0,2160.8
2025-10-19 20:00:00+00:00,0.0,1340.3,2118.8
2025-10-19 21:00:00+00:00,0.0,1391.6,2161.7
2025-10-19 22:00:00+00:00,0.0,1328.5,2179.4
2025-10-19 23:00:00+00:00,0.0,1410.9,2184.3
2025-10-20 00:00:00+00:00,0.0,1442.3,2178.5
2025-10-20 01:00:00+00:00,0.0,1261.3,2106.8
2025-10-20 02:00:00+00:00,0.0,1089.8,1678.9
2025-10-20 03:00:00+00:00,0.0,1053.3,961.5
2025-10-20 04:00:00+00:00,0.0,911.7,930.0
2025-10-20 05:00:00+00:00,0.0,809.8,1078.4
2025-10-20 06:00:00+00:00,58.1,800.9,1135.2
2025-10-20 07:00:00+00:00,615.2,761.7,1545.6
2025-10-20 08:00:00+00:00,1298.7,796.4,1781.9
2025-10-20 09:00:00+00:00,1839.1,940.6,1797.5
2025-10-20 10:00:00+00:00,2233.4,1198.0,1943.3
2025-10-20 11:00:00+00:00,2404.7,1338.8,1970.2
2025-10-20 12:00:00+00:00,1847.4,1316.8,1903.1
2025-10-20 13:00:00+00:00,1583.4,1257.6,2004.5
2025-10-20 14:00:00+00:00,1439.8,1412.4,1962.8
2025-10-20 15:00:00+00:00,478.4,1596.5,1980.5
2025-10-20 16:00:00+00:00,30.7,1640.2,1938.3
2025-10-20 17:00:00+00:00,0.0,1495.0,2079.8
2025-10-20 18:00:00+00:00,0.0,1611.0,2156.2
2025-10-20 19:00:00+00:00,0.0,1660.7,2155.1
2025-10-20 20:00:00+00:00,0.0,1577.2,2079.8
2025-10-20 21:00:00+00:00,0.0,1594.3,2149.3
2025-10-20 22:00:00+00:00,0.0,1691.3,2203.4
2025-10-20 23:00:00+00:00,0.0,1840.7,2119.6
2025-10-21 00:00:00+00:00,0.0,1944.1,2153.1
2025-10-21 01:00:00+00:00,0.0,1953.7,2143.5
2025-10-21 02:00:00+00:00,0.0,1918.0,2177.2
2025-10-21 03:00:00+00:00,0.0,1815.7,2194.1
2025-10-21 04:00:00+00:00,0.0,1687.9,2147.7
2025-10-21 05:00:00+00:00,0.0,1673.6,2098.6
2025-10-21 06:00:00+00:00,25.3,1579.0,1896.4
2025-10-21 07:00:00+00:00,383.7,1482.5,1707.5
2025-10-21 08:00:00+00:00,849.2,1446.4,1500.6
2025-10-21 09:00:00+00:00,1287.5,1324.1,1033.4
2025-10-21 10:00:00+00:00,1686.8,1298.9,1251.3
2025-10-21 11:00:00+00:00,1688.3,1353.3,1204.4
2025-10-21 12:00:00+00:00,1780.8,1265.1,1718.3
2025-10-21 13:00:00+00:00,1671.4,1104.5,1962.6
2025-10-21 14:00:00+00:00,1476.6,927.6,1963.4
2025-10-21 15:00:00+00:00,559.8,792.2,2035.3
2025-10-21 16:00:00+00:00,29.5,621.1,1883.1
2025-10-21 17:00:00+00:00,0.0,740.3,1810.4
2025-10-21 18:00:00+00:00,0.0,795.8,1697.0
2025-10-21 19:00:00+00:00,0.0,860.4,1716.9
2025-10-21 20:00:00+00:00,0.0,844.6,1519.8
2025-10-21 21:00:00+00:00,0.0,795.6,1176.5
2025-10-21 22:00:00+00:00,0.0,790.5,1039.6
2025-10-21 23:00:00+00:00,0.0,765.5,981.4
2025-10-22 00:00:00+00:00,0.0,726.0,915.8
2025-10-22 01:00:00+00:00,0.0,696.2,753.7
2025-10-22 02:00:00+00:00,0.0,604.1,546.6
2025-10-22 03:00:00+00:00,0.0,519.7,377.1
2025-10-22 04:00:00+00:00,0.0,448.6,281.0
2025-10-22 05:00:00+00:00,0.0,403.6,208.7
2025-10-22 06:00:00+00:00,51.0,378.4,126.5
2025-10-22 07:00:00+00:00,546.8,284.1,51.1
2025-10-22 08:00:00+00:00,1183.5,216.1,53.6
2025-10-22 09:00:00+00:00,1767.4,183.5,75.2
2025-10-22 10:00:00+00:00,2427.8,186.6,216.6
2025-10-22 11:00:00+00:00,2477.6,210.6,285.8
2025-10-22 12:00:00+00:00,2228.9,177.6,189.1
2025-10-22 13:00:00+00:00,1788.7,131.0,178.6
2025-10-22 14:00:00+00:00,1143.5,95.4,156.2
2025-10-22 15:00:00+00:00,451.8,82.3,100.5
2025-10-22 16:00:00+00:00,23.2,100.9,193.8
2025-10-22 17:00:00+00:00,0.0,183.8,225.1
2025-10-22 18:00:00+00:00,0.0,373.4,203.2
2025-10-22 19:00:00+00:00,0.0,551.4,280.3
2025-10-22 20:00:00+00:00,0.0,668.5,458.7
2025-10-22 21:00:00+00:00,0.0,995.1,611.4
2025-10-22 22:00:00+00:00,0.0,1385.1,1238.9
2025-10-22 23:00:00+00:00,0.0,1669.6,1988.2
2025-10-23 00:00:00+00:00,0.0,1865.5,2019.5
2025-10-23 01:00:00+00:00,0.0,1934.9,1449.6
2025-10-23 02:00:00+00:00,0.0,2053.0,2093.5
2025-10-23 03:00:00+00:00,0.0,1959.0,2114.2
2025-10-23 04:00:00+00:00,0.0,2064.1,2186.3
2025-10-23 05:00:00+00:00,0.0,2094.5,2190.6
2025-10-23 06:00:00+00:00,49.6,2193.1,2188.7
2025-10-23 07:00:00+00:00,437.5,2246.2,2174.4
2025-10-23 08:00:00+00:00,705.2,2237.5,2144.8
2025-10-23 09:00:00+00:00,843.7,2216.3,1143.3
2025-10-23 10:00:00+00:00,784.7,2145.5,141.2
2025-10-23 11:00:00+00:00,640.2,1871.6,1026.4
2025-10-23 12:00:00+00:00,495.4,1950.2,2040.8
2025-10-23 13:00:00+00:00,332.1,2176.5,2110.2
2025-10-23 14:00:00+00:00,195.6,2292.3,2112.5
2025-10-23 15:00:00+00:00,64.0,2271.6,2094.3
2025-10-23 16:00:00+00:00,5.4,2268.6,2136.4
2025-10-23 17:00:00+00:00,0.0,2102.4,2140.3
2025-10-23 18:00:00+00:00,0.0,1960.6,2170.2
2025-10-23 19:00:00+00:00,0.0,1959.1,2177.1
2025-10-23 20:00:00+00:00,0.0,1892.3,2160.1
2025-10-23 21:00:00+00:00,0.0,1778.5,2174.0
2025-10-23 22:00:00+00:00,0.0,1707.7,2184.2
2025-10-23 23:00:00+00:00,0.0,1749.2,2184.9
2025-10-24 00:00:00+00:00,0.0,1734.5,2186.4
2025-10-24 01:00:00+00:00,0.0,1815.7,2185.9
2025-10-24 02:00:00+00:00,0.0,1814.2,2144.8
2025-10-24 03:00:00+00:00,0.0,1800.2,2141.4
2025-10-24 04:00:00+00:00,0.0,1920.3,2172.5
2025-10-24 05:00:00+00:00,0.0,1959.4,2177.5
2025-10-24 06:00:00+00:00,116.9,1908.5,2168.7
2025-10-24 07:00:00+00:00,1445.1,1856.6,2168.2
2025-10-24 08:00:00+00:00,3161.8,1848.2,2167.3
2025-10-24 09:00:00+00:00,4454.5,1737.6,2167.3
2025-10-24 10:00:00+00:00,4301.5,1760.7,2164.2
2025-10-24 11:00:00+00:00,3270.1,1782.7,2136.1
2025-10-24 12:00:00+00:00,2655.4,1637.5,2105.6
2025-10-24 13:00:00+00:00,1934.8,1530.3,2101.7
2025-10-24 14:00:00+00:00,1371.5,1619.3,2154.3
2025-10-24 15:00:00+00:00,506.1,1686.1,2146.9
2025-10-24 16:00:00+00:00,30.8,1811.9,2148.6
2025-10-24 17:00:00+00:00,0.0,1822.8,2149.2
2025-10-24 18:00:00+00:00,0.0,1830.2,2155.4
2025-10-24 19:00:00+00:00,0.0,1868.0,2158.8
2025-10-24 20:00:00+00:00,0.0,1837.8,2171.5
2025-10-24 21:00:00+00:00,0.0,1759.5,2171.5
2025-10-24 22:00:00+00:00,0.0,1672.4,2168.4
2025-10-24 23:00:00+00:00,0.0,1759.1,2164.5
2025-10-25 00:00:00+00:00,0.0,1803.9,2148.5
2025-10-25 01:00:00+00:00,0.0,1767.3,2062.9
2025-10-25 02:00:00+00:00,0.0,1775.3,1816.6
2025-10-25 03:00:00+00:00,0.0,1799.4,1803.9
2025-10-25 04:00:00+00:00,0.0,1767.4,1970.8
2025-10-25 05:00:00+00:00,0.0,1729.3,2116.0
2025-10-25 06:00:00+00:00,27.2,1750.8,2168.2
2025-10-25 07:00:00+00:00,212.5,1735.5,2173.6
2025-10-25 08:00:00+00:00,437.7,1801.0,2163.6
2025-10-25 09:00:00+00:00,723.6,1910.4,2159.8
2025-10-25 10:00:00+00:00,942.3,1846.5,2104.7
2025-10-25 11:00:00+00:00,1009.6,1691.6,1951.6
2025-10-25 12:00:00+00:00,1312.9,1472.3,1782.3
2025-10-25 13:00:00+00:00,1543.5,1069.6,1729.3
2025-10-25 14:00:00+00:00,1266.6,838.8,1823.0
2025-10-25 15:00:00+00:00,514.7,820.2,1590.6
2025-10-25 16:00:00+00:00,12.8,673.4,1481.2
2025-10-25 17:00:00+00:00,0.0,517.9,1450.0
2025-10-25 18:00:00+00:00,0.0,498.3,1319.7
2025-10-25 19:00:00+00:00,0.0,604.3,1584.5
2025-10-25 20:00:00+00:00,0.0,661.2,1909.5
2025-10-25 21:00:00+00:00,0.0,711.8,2007.7
2025-10-25 22:00:00+00:00,0.0,916.0,2028.5
2025-10-25 23:00:00+00:00,0.0,1087.3,2059.1
2025-10-26 00:00:00+00:00,0.0,1163.3,2123.5
2025-10-26 01:00:00+00:00,0.0,1046.7,2050.5
2025-10-26 02:00:00+00:00,0.0,1123.3,2139.9
2025-10-26 03:00:00+00:00,0.0,1207.2,2157.0
2025-10-26 04:00:00+00:00,0.0,1372.3,2151.2
2025-10-26 05:00:00+00:00,0.0,1466.2,2133.4
2025-10-26 06:00:00+00:00,61.2,1456.7,2125.3
2025-10-26 07:00:00+00:00,817.7,1419.7,2020.9
2025-10-26 08:00:00+00:00,1989.2,1418.6,2079.6
2025-10-26 09:00:00+00:00,2885.0,1452.8,2042.7
2025-10-26 10:00:00+00:00,3090.2,1581.6,1897.2
2025-10-26 11:00:00+00:00,3272.7,1675.4,1906.0
2025-10-26 12:00:00+00:00,3313.5,1688.7,2116.6
2025-10-26 13:00:00+00:00,2781.3,1639.9,2116.9
2025-10-26 14:00:00+00:00,1691.8,1480.8,2114.7
2025-10-26 15:00:00+00:00,513.6,1269.5,2149.5
2025-10-26 16:00:00+00:00,5.8,1211.0,2149.6
2025-10-26 17:00:00+00:00,0.0,1394.3,2087.9
2025-10-26 18:00:00+00:00,0.0,1437.2,2145.9
2025-10-26 19:00:00+00:00,0.0,1490.4,2161.5
2025-10-26 20:00:00+00:00,0.0,1571.9,2132.9
2025-10-26 21:00:00+00:00,0.0,1637.8,2148.6
2025-10-26 22:00:00+00:00,0.0,1629.5,2032.7
2025-10-26 23:00:00+00:00,0.0,1732.4,2153.7
2025-10-27 00:00:00+00:00,0.0,1866.5,2160.6
2025-10-27 01:00:00+00:00,0.0,1894.3,2159.2
2025-10-27 02:00:00+00:00,0.0,1770.7,2160.3
2025-10-27 03:00:00+00:00,0.0,1651.2,2162.9
2025-10-27 04:00:00+00:00,0.0,1544.9,2121.3
2025-10-27 05:00:00+00:00,0.0,1768.6,2139.4
2025-10-27 06:00:00+00:00,46.9,1958.6,2160.1
2025-10-27 07:00:00+00:00,645.7,1963.6,2161.1
2025-10-27 08:00:00+00:00,1303.8,1997.8,2161.1
2025-10-27 09:00:00+00:00,1939.7,2114.4,2155.7
2025-10-27 10:00:00+00:00,2025.9,2009.6,2053.4
2025-10-27 11:00:00+00:00,1734.1,2093.6,2148.8
2025-10-27 12:00:00+00:00,1793.9,2121.7,2080.9
2025-10-27 13:00:00+00:00,1722.5,2016.0,2011.5
2025-10-27 14:00:00+00:00,1212.9,1957.2,1774.4
2025-10-27 15:00:00+00:00,421.3,1646.8,1371.6
2025-10-27 16:00:00+00:00,10.5,1245.4,1131.7
2025-10-27 17:00:00+00:00,0.0,846.5,1429.7
2025-10-27 18:00:00+00:00,0.0,864.1,1666.1
2025-10-27 19:00:00+00:00,0.0,958.0,1541.4
2025-10-27 20:00:00+00:00,0.0,874.9,1554.1
2025-10-27 21:00:00+00:00,0.0,892.2,1603.9
2025-10-27 22:00:00+00:00,0.0,995.9,1507.9
2025-10-27 23:00:00+00:00,0.0,1142.2,1584.4
2025-10-28 00:00:00+00:00,0.0,1219.8,1801.8
2025-10-28 01:00:00+00:00,0.0,1216.2,2072.0
2025-10-28 02:00:00+00:00,0.0,1302.5,2145.1
2025-10-28 03:00:00+00:00,0.0,1477.1,2147.5
2025-10-28 04:00:00+00:00,0.0,1658.4,2142.0
2025-10-28 05:00:00+00:00,0.0,1854.9,2102.1
2025-10-28 06:00:00+00:00,6.1,1994.5,2148.5
2025-10-28 07:00:00+00:00,210.0,2005.2,2137.1
2025-10-28 08:00:00+00:00,807.7,1935.7,2136.3
2025-10-28 09:00:00+00:00,969.9,1863.7,2094.6
2025-10-28 10:00:00+00:00,1537.8,1781.3,2138.4
2025-10-28 11:00:00+00:00,2270.4,1720.9,2054.2
2025-10-28 12:00:00+00:00,2319.5,1674.0,2014.3
2025-10-28 13:00:00+00:00,1689.2,1573.0,2083.0
2025-10-28 14:00:00+00:00,1147.5,1385.9,2110.9
2025-10-28 15:00:00+00:00,567.6,1192.8,2049.5
2025-10-28 16:00:00+00:00,32.8,1118.0,1976.2
2025-10-28 17:00:00+00:00,0.0,1208.3,1646.6
2025-10-28 18:00:00+00:00,0.0,1338.8,1769.7
2025-10-28 19:00:00+00:00,0.0,1268.4,2046.7
2025-10-28 20:00:00+00:00,0.0,1149.4,2027.5
2025-10-28 21:00:00+00:00,0.0,1129.3,1747.5
2025-10-28 22:00:00+00:00,0.0,1151.4,1481.9
2025-10-28 23:00:00+00:00,0.0,1112.5,1460.2
2025-10-29 00:00:00+00:00,0.0,1032.0,1492.8
2025-10-29 01:00:00+00:00,0.0,1047.7,1358.6
2025-10-29 02:00:00+00:00,0.0,1079.2,1818.9
2025-10-29 03:00:00+00:00,0.0,914.8,1788.8
2025-10-29 04:00:00+00:00,0.0,913.0,1977.1
2025-10-29 05:00:00+00:00,0.0,846.9,1987.4
2025-10-29 06:00:00+00:00,9.7,808.1,1927.1
2025-10-29 07:00:00+00:00,324.3,796.0,1924.7
2025-10-29 08:00:00+00:00,758.2,702.5,1904.9
2025-10-29 09:00:00+00:00,1103.1,651.5,1998.3
2025-10-29 10:00:00+00:00,1359.3,519.2,1761.8
2025-10-29 11:00:00+00:00,1482.4,338.9,1477.7
2025-10-29 12:00:00+00:00,1438.2,269.6,1059.5
2025-10-29 13:00:00+00:00,1028.3,282.3,953.6
2025-10-29 14:00:00+00:00,571.5,321.7,649.4
2025-10-29 15:00:00+00:00,167.2,434.3,555.3
2025-10-29 16:00:00+00:00,0.6,548.2,502.0
2025-10-29 17:00:00+00:00,0.0,713.8,313.3
2025-10-29 18:00:00+00:00,0.0,747.5,436.8
2025-10-29 19:00:00+00:00,0.0,651.6,867.8
2025-10-29 20:00:00+00:00,0.0,574.1,1214.4
2025-10-29 21:00:00+00:00,0.0,681.3,1188.1
2025-10-29 22:00:00+00:00,0.0,975.6,1279.0
2025-10-29 23:00:00+00:00,0.0,1188.3,1657.3
2025-10-30 00:00:00+00:00,0.0,1185.6,1856.3
2025-10-30 01:00:00+00:00,0.0,1089.0,1984.0
2025-10-30 02:00:00+00:00,0.0,1108.2,2001.9
2025-10-30 03:00:00+00:00,0.0,1138.5,2028.6
2025-10-30 04:00:00+00:00,0.0,1082.0,1973.1
2025-10-30 05:00:00+00:00,0.0,1062.8,1906.6
2025-10-30 06:00:00+00:00,50.3,1035.1,1801.3
2025-10-30 07:00:00+00:00,1171.9,1071.3,1731.8
2025-10-30 08:00:00+00:00,2945.1,851.2,1177.0
2025-10-30 09:00:00+00:00,4510.7,507.8,796.8
2025-10-30 10:00:00+00:00,5388.9,500.7,517.7
2025-10-30 11:00:00+00:00,5463.1,562.0,364.0
2025-10-30 12:00:00+00:00,4462.3,598.9,359.0
2025-10-30 13:00:00+00:00,2942.4,454.2,257.4
2025-10-30 14:00:00+00:00,1289.6,314.2,135.4
2025-10-30 15:00:00+00:00,367.2,279.3,313.2
2025-10-30 16:00:00+00:00,2.9,357.3,834.1
2025-10-30 17:00:00+00:00,0.0,643.7,805.0
2025-10-30 18:00:00+00:00,0.0,685.0,1412.3
2025-10-30 19:00:00+00:00,0.0,686.8,1249.3
2025-10-30 20:00:00+00:00,0.0,886.7,1534.1
2025-10-30 21:00:00+00:00,0.0,1117.7,1684.3
2025-10-30 22:00:00+00:00,0.0,1209.1,1800.8
2025-10-30 23:00:00+00:00,0.0,1242.7,2014.4
2025-10-31 00:00:00+00:00,0.0,1215.3,2120.9
2025-10-31 01:00:00+00:00,0.0,1229.6,2052.5
2025-10-31 02:00:00+00:00,0.0,1233.3,1982.3
2025-10-31 03:00:00+00:00,0.0,1253.3,1953.5
2025-10-31 04:00:00+00:00,0.0,1292.5,1894.1
2025-10-31 05:00:00+00:00,0.0,1315.3,1782.0
2025-10-31 06:00:00+00:00,13.2,1197.6,1665.2
2025-10-31 07:00:00+00:00,331.1,1125.7,1645.1
2025-10-31 08:00:00+00:00,1082.9,999.7,1616.0
2025-10-31 09:00:00+00:00,1697.0,922.4,1516.5
2025-10-31 10:00:00+00:00,2004.8,831.9,1690.5
2025-10-31 11:00:00+00:00,2005.6,791.0,1561.6
2025-10-31 12:00:00+00:00,2154.0,801.4,1587.3
2025-10-31 13:00:00+00:00,1689.2,876.6,1621.4
2025-10-31 14:00:00+00:00,668.1,1002.7,1467.3
2025-10-31 15:00:00+00:00,244.5,1138.9,1774.7
2025-10-31 16:00:00+00:00,15.7,1267.2,1941.8
2025-10-31 17:00:00+00:00,0.0,1525.5,2068.4
2025-10-31 18:00:00+00:00,0.0,1676.0,2166.4
2025-10-31 19:00:00+00:00,0.0,1760.0,2167.1
2025-10-31 20:00:00+00:00,0.0,1693.2,2170.9
2025-10-31 21:00:00+00:00,0.0,1625.5,2174.1
2025-10-31 22:00:00+00:00,0.0,1717.5,2177.2
2025-10-31 23:00:00+00:00,0.0,1717.5,2175.7
2025-11-01 00:00:00+00:00,0.0,1730.0,2179.7
2025-11-01 01:00:00+00:00,0.0,1681.7,2176.5
2025-11-01 02:00:00+00:00,0.0,1629.6,2173.7
2025-11-01 03:00:00+00:00,0.0,1716.1,2033.3
2025-11-01 04:00:00+00:00,0.0,1696.6,1843.2
2025-11-01 05:00:00+00:00,0.0,1733.3,1780.8
2025-11-01 06:00:00+00:00,0.2,1983.4,2046.0
2025-11-01 07:00:00+00:00,48.7,2040.0,1976.9
2025-11-01 08:00:00+00:00,222.5,1828.8,1697.4
2025-11-01 09:00:00+00:00,370.5,1589.1,1438.9
2025-11-01 10:00:00+00:00,429.4,1511.0,1789.0
2025-11-01 11:00:00+00:00,493.4,1160.0,2023.8
2025-11-01 12:00:00+00:00,664.9,774.4,1907.0
2025-11-01 13:00:00+00:00,920.2,776.4,1743.5
2025-11-01 14:00:00+00:00,1050.6,823.8,1824.1
2025-11-01 15:00:00+00:00,493.7,844.9,1973.3
2025-11-01 16:00:00+00:00,10.5,979.3,2047.5
2025-11-01 17:00:00+00:00,0.0,1043.8,1931.1
2025-11-01 18:00:00+00:00,0.0,1058.7,1817.4
2025-11-01 19:00:00+00:00,0.0,1165.4,1786.2
2025-11-01 20:00:00+00:00,0.0,1337.3,1652.9
2025-11-01 21:00:00+00:00,0.0,1485.4,1470.7
2025-11-01 22:00:00+00:00,0.0,1438.2,1757.0
2025-11-01 23:00:00+00:00,0.0,1331.1,1741.3
2025-11-02 00:00:00+00:00,0.0,1131.8,1301.0
2025-11-02 01:00:00+00:00,0.0,1027.9,1358.6
2025-11-02 02:00:00+00:00,0.0,1018.2,1129.2
2025-11-02 03:00:00+00:00,0.0,935.3,841.9
2025-11-02 04:00:00+00:00,0.0,914.5,777.5
2025-11-02 05:00:00+00:00,0.0,811.0,925.2
2025-11-02 06:00:00+00:00,6.9,819.2,1025.5
2025-11-02 07:00:00+00:00,380.4,814.0,1453.7
2025-11-02 08:00:00+00:00,1367.0,862.8,1530.3
2025-11-02 09:00:00+00:00,3625.0,822.0,1617.3
2025-11-02 10:00:00+00:00,3906.9,966.5,1944.8
2025-11-02 11:00:00+00:00,2514.3,1222.4,1247.6
2025-11-02 12:00:00+00:00,1917.7,1272.0,1704.2
2025-11-02 13:00:00+00:00,1565.1,1294.2,1716.0
2025-11-02 14:00:00+00:00,991.1,1209.7,1808.3
2025-11-02 15:00:00+00:00,404.5,1128.6,1656.5
2025-11-02 16:00:00+00:00,6.4,1127.1,1593.0
2025-11-02 17:00:00+00:00,0.0,1098.0,1575.6
2025-11-02 18:00:00+00:00,0.0,1052.3,1338.9
2025-11-02 19:00:00+00:00,0.0,996.5,990.4
2025-11-02 20:00:00+00:00,0.0,997.5,696.4
2025-11-02 21:00:00+00:00,0.0,1022.4,798.6
2025-11-02 22:00:00+00:00,0.0,1090.4,1008.9
2025-11-02 23:00:00+00:00,0.0,1035.7,693.0
2025-11-03 00:00:00+00:00,0.0,960.3,618.8
2025-11-03 01:00:00+00:00,0.0,1016.1,1013.8
2025-11-03 02:00:00+00:00,0.0,1057.5,1094.7
2025-11-03 03:00:00+00:00,0.0,1074.6,1594.7
2025-11-03 04:00:00+00:00,0.0,1161.8,1441.6
2025-11-03 05:00:00+00:00,0.0,1132.5,1495.5
2025-11-03 06:00:00+00:00,20.5,1235.4,1778.0
2025-11-03 07:00:00+00:00,557.0,1238.6,2059.2
2025-11-03 08:00:00+00:00,1348.9,1227.0,2124.9
2025-11-03 09:00:00+00:00,1728.8,1324.6,2155.2
2025-11-03 10:00:00+00:00,1813.5,1492.1,2182.3
2025-11-03 11:00:00+00:00,1577.4,1812.0,2179.2
2025-11-03 12:00:00+00:00,1284.2,1796.0,2182.6
2025-11-03 13:00:00+00:00,801.5,1691.7,2182.3
2025-11-03 14:00:00+00:00,469.9,1656.0,2166.3
2025-11-03 15:00:00+00:00,164.0,1511.6,2158.3
2025-11-03 16:00:00+00:00,0.5,1496.4,2150.4
2025-11-03 17:00:00+00:00,0.0,1565.4,2150.9
2025-11-03 18:00:00+00:00,0.0,1609.6,2103.6
2025-11-03 19:00:00+00:00,0.0,1623.1,2095.3
2025-11-03 20:00:00+00:00,0.0,1596.6,2085.4
2025-11-03 21:00:00+00:00,0.0,1576.1,2081.7
2025-11-03 22:00:00+00:00,0.0,1613.0,2130.4
2025-11-03 23:00:00+00:00,0.0,1502.9,2123.2
2025-11-04 00:00:00+00:00,0.0,1448.3,2145.6
2025-11-04 01:00:00+00:00,0.0,1265.9,2108.9
2025-11-04 02:00:00+00:00,0.0,1110.2,2112.3
2025-11-04 03:00:00+00:00,0.0,1106.5,2105.5
2025-11-04 04:00:00+00:00,0.0,1010.6,2050.3
2025-11-04 05:00:00+00:00,0.0,1055.0,1988.1
2025-11-04 06:00:00+00:00,6.4,1055.0,1820.6
2025-11-04 07:00:00+00:00,331.3,992.7,1786.5
2025-11-04 08:00:00+00:00,1611.7,892.7,1862.8
2025-11-04 09:00:00+00:00,3053.7,902.7,1812.5
2025-11-04 10:00:00+00:00,4162.2,1070.3,1344.6
2025-11-04 11:00:00+00:00,4514.5,1208.5,1121.9
2025-11-04 12:00:00+00:00,3923.1,1177.0,1601.8
2025-11-04 13:00:00+00:00,2282.4,1073.0,1610.2
2025-11-04 14:00:00+00:00,1041.0,973.2,1719.6
2025-11-04 15:00:00+00:00,243.5,1049.4,1965.2
2025-11-04 16:00:00+00:00,0.3,1403.1,1962.5
2025-11-04 17:00:00+00:00,0.0,1774.1,1750.3
2025-11-04 18:00:00+00:00,0.0,1850.1,1927.6
2025-11-04 19:00:00+00:00,0.0,1772.2,2154.2
2025-11-04 20:00:00+00:00,0.0,1643.8,2119.6
2025-11-04 21:00:00+00:00,0.0,1570.5,2061.4
2025-11-04 22:00:00+00:00,0.0,1511.0,1889.9
2025-11-04 23:00:00+00:00,0.0,1545.3,2044.5
2025-11-05 00:00:00+00:00,0.0,1477.4,1907.9
2025-11-05 01:00:00+00:00,0.0,1342.9,1885.6
2025-11-05 02:00:00+00:00,0.0,1263.7,1815.9
2025-11-05 03:00:00+00:00,0.0,1223.0,1736.8
2025-11-05 04:00:00+00:00,0.0,1290.2,1243.5
2025-11-05 05:00:00+00:00,0.0,1223.8,1075.0
2025-11-05 06:00:00+00:00,2.1,1215.1,1136.2
2025-11-05 07:00:00+00:00,429.0,1368.1,1047.0
2025-11-05 08:00:00+00:00,1409.9,1181.1,1056.0
2025-11-05 09:00:00+00:00,2401.9,918.2,1076.8
2025-11-05 10:00:00+00:00,4105.1,693.9,1136.2
2025-11-05 11:00:00+00:00,4595.9,592.1,1158.5
2025-11-05 12:00:00+00:00,4218.9,551.2,1123.1
2025-11-05 13:00:00+00:00,2769.2,581.0,1400.0
2025-11-05 14:00:00+00:00,1209.6,619.5,1543.5
2025-11-05 15:00:00+00:00,215.3,781.9,1617.9
2025-11-05 16:00:00+00:00,0.2,1035.6,1628.0
2025-11-05 17:00:00+00:00,0.0,1187.2,1644.6
2025-11-05 18:00:00+00:00,0.0,1268.1,1725.2
2025-11-05 19:00:00+00:00,0.0,1277.3,1729.7
2025-11-05 20:00:00+00:00,0.0,1111.3,1603.4
2025-11-05 21:00:00+00:00,0.0,1093.8,1544.5
2025-11-05 22:00:00+00:00,0.0,1085.4,1132.8
2025-11-05 23:00:00+00:00,0.0,1070.4,940.6
2025-11-06 00:00:00+00:00,0.0,882.5,1110.0
2025-11-06 01:00:00+00:00,0.0,844.3,879.5
2025-11-06 02:00:00+00:00,0.0,918.9,777.3
2025-11-06 03:00:00+00:00,0.0,993.6,696.9
2025-11-06 04:00:00+00:00,0.0,991.7,371.1
2025-11-06 05:00:00+00:00,0.0,951.7,202.2
2025-11-06 06:00:00+00:00,4.8,869.5,142.5
2025-11-06 07:00:00+00:00,593.7,749.1,61.0
2025-11-06 08:00:00+00:00,1458.2,611.0,12.5
2025-11-06 09:00:00+00:00,2315.8,463.8,41.1
2025-11-06 10:00:00+00:00,3112.0,302.8,0.0
2025-11-06 11:00:00+00:00,2831.0,277.9,0.0
2025-11-06 12:00:00+00:00,2346.0,364.6,0.0
2025-11-06 13:00:00+00:00,1834.7,322.9,5.7
2025-11-06 14:00:00+00:00,1069.6,296.3,44.8
2025-11-06 15:00:00+00:00,279.4,364.4,98.4
2025-11-06 16:00:00+00:00,1.1,511.2,120.1
2025-11-06 17:00:00+00:00,0.0,607.0,149.9
2025-11-06 18:00:00+00:00,0.0,681.2,291.7
2025-11-06 19:00:00+00:00,0.0,727.0,276.6
2025-11-06 20:00:00+00:00,0.0,671.2,156.6
2025-11-06 21:00:00+00:00,0.0,634.5,137.3
2025-11-06 22:00:00+00:00,0.0,559.4,191.7
2025-11-06 23:00:00+00:00,0.0,441.7,99.4
2025-11-07 00:00:00+00:00,0.0,380.7,133.4
2025-11-07 01:00:00+00:00,0.0,323.6,302.5
2025-11-07 02:00:00+00:00,0.0,289.8,206.6
2025-11-07 03:00:00+00:00,0.0,307.6,236.3
2025-11-07 04:00:00+00:00,0.0,315.9,211.3
2025-11-07 05:00:00+00:00,0.0,319.9,137.1
2025-11-07 06:00:00+00:00,1.2,497.9,43.0
2025-11-07 07:00:00+00:00,684.1,659.9,57.0
2025-11-07 08:00:00+00:00,2298.0,655.6,86.0
2025-11-07 09:00:00+00:00,3836.1,398.9,149.3
2025-11-07 10:00:00+00:00,4844.6,235.2,76.1
2025-11-07 11:00:00+00:00,5193.9,203.3,50.5
2025-11-07 12:00:00+00:00,4723.4,230.1,194.0
2025-11-07 13:00:00+00:00,3300.7,282.5,331.5
2025-11-07 14:00:00+00:00,1613.7,307.6,547.1
2025-11-07 15:00:00+00:00,327.5,306.1,857.0
2025-11-07 16:00:00+00:00,0.3,368.4,682.8
2025-11-07 17:00:00+00:00,0.0,420.3,496.6
2025-11-07 18:00:00+00:00,0.0,426.9,543.9
2025-11-07 19:00:00+00:00,0.0,430.7,566.0
2025-11-07 20:00:00+00:00,0.0,379.0,581.5
2025-11-07 21:00:00+00:00,0.0,376.6,619.4
2025-11-07 22:00:00+00:00,0.0,343.7,635.0
2025-11-07 23:00:00+00:00,0.0,306.9,474.4
2025-11-08 00:00:00+00:00,0.0,295.9,373.4
2025-11-08 01:00:00+00:00,0.0,320.4,273.6
2025-11-08 02:00:00+00:00,0.0,344.8,247.8
2025-11-08 03:00:00+00:00,0.0,315.0,114.9
2025-11-08 04:00:00+00:00,0.0,318.5,113.8
2025-11-08 05:00:00+00:00,0.0,275.6,119.8
2025-11-08 06:00:00+00:00,0.3,228.5,33.4
2025-11-08 07:00:00+00:00,563.3,200.0,52.6
2025-11-08 08:00:00+00:00,1808.7,228.0,83.5
2025-11-08 09:00:00+00:00,2827.3,162.7,36.4
2025-11-08 10:00:00+00:00,3267.3,97.6,38.8
2025-11-08 11:00:00+00:00,3140.3,95.3,13.9
2025-11-08 12:00:00+00:00,2333.0,104.8,37.6
2025-11-08 13:00:00+00:00,1466.9,110.7,16.5
2025-11-08 14:00:00+00:00,808.4,121.9,34.9
2025-11-08 15:00:00+00:00,180.2,150.8,183.6
2025-11-08 16:00:00+00:00,0.3,204.4,216.0
2025-11-08 17:00:00+00:00,0.0,247.5,111.7
2025-11-08 18:00:00+00:00,0.0,223.3,42.3
2025-11-08 19:00:00+00:00,0.0,207.8,58.0
2025-11-08 20:00:00+00:00,0.0,237.1,128.1
2025-11-08 21:00:00+00:00,0.0,276.0,120.8
2025-11-08 22:00:00+00:00,0.0,290.4,142.3
2025-11-08 23:00:00+00:00,0.0,307.7,196.8
2025-11-09 00:00:00+00:00,0.0,360.5,162.6
2025-11-09 01:00:00+00:00,0.0,376.8,178.6
2025-11-09 02:00:00+00:00,0.0,391.7,185.2
2025-11-09 03:00:00+00:00,0.0,361.4,139.3
2025-11-09 04:00:00+00:00,0.0,353.9,106.4
2025-11-09 05:00:00+00:00,0.0,357.6,34.8
2025-11-09 06:00:00+00:00,0.0,332.5,0.0
2025-11-09 07:00:00+00:00,303.3,287.1,26.2
2025-11-09 08:00:00+00:00,1370.1,247.7,108.9
2025-11-09 09:00:00+00:00,2637.4,205.9,106.5
2025-11-09 10:00:00+00:00,3603.9,182.5,103.4
2025-11-09 11:00:00+00:00,3873.3,166.7,154.3
2025-11-09 12:00:00+00:00,3507.3,150.7,236.6
2025-11-09 13:00:00+00:00,2646.2,174.3,253.8
2025-11-09 14:00:00+00:00,1391.4,201.9,321.8
2025-11-09 15:00:00+00:00,269.5,273.6,512.4
2025-11-09 16:00:00+00:00,0.1,338.9,429.1
2025-11-09 17:00:00+00:00,0.0,414.2,514.0
2025-11-09 18:00:00+00:00,0.0,508.8,755.0
2025-11-09 19:00:00+00:00,0.0,613.8,1006.4
2025-11-09 20:00:00+00:00,0.0,712.7,1114.4
2025-11-09 21:00:00+00:00,0.0,767.1,1143.3
2025-11-09 22:00:00+00:00,0.0,783.4,1403.1
2025-11-09 23:00:00+00:00,0.0,803.2,1410.9
2025-11-10 00:00:00+00:00,0.0,851.7,1445.2
2025-11-10 01:00:00+00:00,0.0,887.4,1742.5
2025-11-10 02:00:00+00:00,0.0,821.6,1946.0
2025-11-10 03:00:00+00:00,0.0,810.5,1868.3
2025-11-10 04:00:00+00:00,0.0,815.6,1896.4
2025-11-10 05:00:00+00:00,0.0,773.3,1974.4
2025-11-10 06:00:00+00:00,0.0,767.4,1922.2
2025-11-10 07:00:00+00:00,252.7,821.4,1848.1
2025-11-10 08:00:00+00:00,961.3,842.8,1847.7
2025-11-10 09:00:00+00:00,1549.1,901.5,1704.1
2025-11-10 10:00:00+00:00,1987.5,900.5,1702.0
2025-11-10 11:00:00+00:00,2496.8,923.7,1815.8
2025-11-10 12:00:00+00:00,2055.8,1016.0,1788.2
2025-11-10 13:00:00+00:00,1127.3,1014.7,1798.2
2025-11-10 14:00:00+00:00,474.4,1080.1,1891.6
2025-11-10 15:00:00+00:00,98.2,1293.0,1900.3
2025-11-10 16:00:00+00:00,0.0,1443.7,2048.8
2025-11-10 17:00:00+00:00,0.0,1562.0,2066.8
2025-11-10 18:00:00+00:00,0.0,1469.4,2110.8
2025-11-10 19:00:00+00:00,0.0,1307.5,2128.9
2025-11-10 20:00:00+00:00,0.0,1214.1,2040.9
2025-11-10 21:00:00+00:00,0.0,1286.0,2054.4
2025-11-10 22:00:00+00:00,0.0,1370.9,1791.4
2025-11-10 23:00:00+00:00,0.0,1471.4,1590.0
2025-11-11 00:00:00+00:00,0.0,1318.2,1761.0
2025-11-11 01:00:00+00:00,0.0,1252.8,1751.2
2025-11-11 02:00:00+00:00,0.0,1244.8,1556.4
2025-11-11 03:00:00+00:00,0.0,1184.6,1390.7
2025-11-11 04:00:00+00:00,0.0,1146.1,1172.9
2025-11-11 05:00:00+00:00,0.0,1020.8,1187.8
2025-11-11 06:00:00+00:00,0.0,965.4,1193.7
2025-11-11 07:00:00+00:00,298.8,1044.3,1136.8
2025-11-11 08:00:00+00:00,851.7,1031.1,1468.6
2025-11-11 09:00:00+00:00,1219.9,1055.9,1476.9
2025-11-11 10:00:00+00:00,1135.9,1209.8,1383.8
2025-11-11 11:00:00+00:00,1238.1,1302.6,1856.5
2025-11-11 12:00:00+00:00,1492.0,1225.6,1989.4
2025-11-11 13:00:00+00:00,1492.2,1055.0,1787.1
2025-11-11 14:00:00+00:00,990.5,851.5,1692.5
2025-11-11 15:00:00+00:00,185.9,867.2,1901.6
2025-11-11 16:00:00+00:00,0.0,1073.5,2104.4
2025-11-11 17:00:00+00:00,0.0,1403.2,2121.0
2025-11-11 18:00:00+00:00,0.0,1619.2,2079.3
2025-11-11 19:00:00+00:00,0.0,1727.1,2115.6
2025-11-11 20:00:00+00:00,0.0,1772.1,2124.5
2025-11-11 21:00:00+00:00,0.0,1801.7,2153.5
2025-11-11 22:00:00+00:00,0.0,1820.1,2167.6
2025-11-11 23:00:00+00:00,0.0,1769.8,2169.9
2025-11-12 00:00:00+00:00,0.0,1651.7,2141.2
2025-11-12 01:00:00+00:00,0.0,1568.6,2062.9
2025-11-12 02:00:00+00:00,0.0,1475.1,2047.2
2025-11-12 03:00:00+00:00,0.0,1446.6,1986.4
2025-11-12 04:00:00+00:00,0.0,1420.1,1990.1
2025-11-12 05:00:00+00:00,0.0,1452.1,1845.3
2025-11-12 06:00:00+00:00,0.0,1497.7,1757.1
2025-11-12 07:00:00+00:00,306.2,1464.5,1783.5
2025-11-12 08:00:00+00:00,1597.7,1335.2,1773.7
2025-11-12 09:00:00+00:00,3124.6,1130.3,1439.8
2025-11-12 10:00:00+00:00,3618.1,1072.1,1594.7
2025-11-12 11:00:00+00:00,3714.6,1048.6,1670.0
2025-11-12 12:00:00+00:00,2858.4,1045.7,1701.8
2025-11-12 13:00:00+00:00,2048.5,1104.3,1758.1
2025-11-12 14:00:00+00:00,1190.9,1134.3,1710.8
2025-11-12 15:00:00+00:00,309.2,1446.3,1456.6
2025-11-12 16:00:00+00:00,0.0,1654.8,1549.2
2025-11-12 17:00:00+00:00,0.0,1784.1,1498.4
2025-11-12 18:00:00+00:00,0.0,1888.8,1439.1
2025-11-12 19:00:00+00:00,0.0,1837.2,1633.0
2025-11-12 20:00:00+00:00,0.0,1781.1,1490.1
2025-11-12 21:00:00+00:00,0.0,1857.6,1124.5
2025-11-12 22:00:00+00:00,0.0,2029.0,1426.5
2025-11-12 23:00:00+00:00,0.0,1959.7,1798.8
2025-11-13 00:00:00+00:00,0.0,2000.7,1771.5
2025-11-13 01:00:00+00:00,0.0,1904.4,2032.8
2025-11-13 02:00:00+00:00,0.0,1698.4,2014.1
2025-11-13 03:00:00+00:00,0.0,1622.3,1935.0
2025-11-13 04:00:00+00:00,0.0,1701.2,2000.7
2025-11-13 05:00:00+00:00,0.0,1745.9,1966.5
2025-11-13 06:00:00+00:00,0.0,1828.0,1928.8
2025-11-13 07:00:00+00:00,120.8,1668.1,1747.2
2025-11-13 08:00:00+00:00,558.6,1462.4,1382.5
2025-11-13 09:00:00+00:00,1049.3,1254.8,1256.4
2025-11-13 10:00:00+00:00,1504.9,1052.6,1118.1
2025-11-13 11:00:00+00:00,1293.3,883.1,950.3
2025-11-13 12:00:00+00:00,874.6,731.6,590.6
2025-11-13 13:00:00+00:00,719.7,532.2,415.9
2025-11-13 14:00:00+00:00,305.2,433.7,359.8
2025-11-13 15:00:00+00:00,30.3,367.0,219.0
2025-11-13 16:00:00+00:00,0.0,529.9,137.9
2025-11-13 17:00:00+00:00,0.0,616.5,277.2
2025-11-13 18:00:00+00:00,0.0,679.4,95.7
2025-11-13 19:00:00+00:00,0.0,658.8,77.1
2025-11-13 20:00:00+00:00,0.0,639.2,141.0
2025-11-13 21:00:00+00:00,0.0,432.8,21.7
2025-11-13 22:00:00+00:00,0.0,496.0,22.2
2025-11-13 23:00:00+00:00,0.0,686.7,50.1
2025-11-14 00:00:00+00:00,0.0,718.1,101.2
2025-11-14 01:00:00+00:00,0.0,506.9,98.5
2025-11-14 02:00:00+00:00,0.0,656.0,87.5
2025-11-14 03:00:00+00:00,0.0,765.3,122.2
2025-11-14 04:00:00+00:00,0.0,869.8,134.8
2025-11-14 05:00:00+00:00,0.0,984.1,111.5
2025-11-14 06:00:00+00:00,0.0,987.0,16.1
2025-11-14 07:00:00+00:00,46.5,1111.5,13.7
2025-11-14 08:00:00+00:00,301.9,1066.2,47.9
2025-11-14 09:00:00+00:00,533.2,667.0,120.0
2025-11-14 10:00:00+00:00,480.9,649.8,92.0
2025-11-14 11:00:00+00:00,546.1,667.3,83.2
2025-11-14 12:00:00+00:00,429.4,632.6,6.6
2025-11-14 13:00:00+00:00,288.7,629.8,70.3
2025-11-14 14:00:00+00:00,137.3,628.8,130.0
2025-11-14 15:00:00+00:00,14.7,641.8,207.6
2025-11-14 16:00:00+00:00,0.0,754.5,424.5
2025-11-14 17:00:00+00:00,0.0,936.1,289.9
2025-11-14 18:00:00+00:00,0.0,878.7,181.4
2025-11-14 19:00:00+00:00,0.0,1008.3,154.9
2025-11-14 20:00:00+00:00,0.0,1006.3,102.9
2025-11-14 21:00:00+00:00,0.0,762.6,150.6
2025-11-14 22:00:00+00:00,0.0,595.8,147.5
2025-11-14 23:00:00+00:00,0.0,625.7,100.1
2025-11-15 00:00:00+00:00,0.0,579.6,76.5
2025-11-15 01:00:00+00:00,0.0,509.5,8.1
2025-11-15 02:00:00+00:00,0.0,419.1,4.7
2025-11-15 03:00:00+00:00,0.0,385.7,2.5
2025-11-15 04:00:00+00:00,0.0,312.9,0.0
2025-11-15 05:00:00+00:00,0.0,229.6,0.0
2025-11-15 06:00:00+00:00,0.0,211.4,0.0
2025-11-15 07:00:00+00:00,67.3,153.3,0.0
2025-11-15 08:00:00+00:00,492.6,119.3,0.0
2025-11-15 09:00:00+00:00,852.8,95.9,1.5
2025-11-15 10:00:00+00:00,1109.6,76.6,7.4
2025-11-15 11:00:00+00:00,1086.6,69.8,1.0
2025-11-15 12:00:00+00:00,934.0,74.1,0.0
2025-11-15 13:00:00+00:00,722.7,81.6,0.0
2025-11-15 14:00:00+00:00,395.1,79.2,3.9
2025-11-15 15:00:00+00:00,20.0,81.2,0.0
2025-11-15 16:00:00+00:00,0.0,77.9,5.8
2025-11-15 17:00:00+00:00,0.0,79.6,20.1
2025-11-15 18:00:00+00:00,0.0,99.2,0.0
2025-11-15 19:00:00+00:00,0.0,102.5,6.6
2025-11-15 20:00:00+00:00,0.0,171.8,111.2
2025-11-15 21:00:00+00:00,0.0,247.4,276.5
2025-11-15 22:00:00+00:00,0.0,249.0,208.6
2025-11-15 23:00:00+00:00,0.0,224.0,215.7
2025-11-16 00:00:00+00:00,0.0,172.7,281.2
2025-11-16 01:00:00+00:00,0.0,155.6,253.7
2025-11-16 02:00:00+00:00,0.0,159.6,315.8
2025-11-16 03:00:00+00:00,0.0,204.5,613.7
2025-11-16 04:00:00+00:00,0.0,241.0,718.5
2025-11-16 05:00:00+00:00,0.0,237.7,752.8
2025-11-16 06:00:00+00:00,0.0,207.6,1121.7
2025-11-16 07:00:00+00:00,25.5,213.0,1331.7
2025-11-16 08:00:00+00:00,182.6,189.4,785.9
2025-11-16 09:00:00+00:00,397.9,248.2,604.7
2025-11-16 10:00:00+00:00,478.0,268.9,716.3
2025-11-16 11:00:00+00:00,455.2,230.2,717.4
2025-11-16 12:00:00+00:00,405.1,275.4,515.6
2025-11-16 13:00:00+00:00,237.3,312.1,549.4
2025-11-16 14:00:00+00:00,88.5,359.9,1100.8
2025-11-16 15:00:00+00:00,6.7,411.1,1226.4
2025-11-16 16:00:00+00:00,0.0,510.5,895.7
2025-11-16 17:00:00+00:00,0.0,459.3,881.0
2025-11-16 18:00:00+00:00,0.0,590.5,816.8
2025-11-16 19:00:00+00:00,0.0,733.9,815.3
2025-11-16 20:00:00+00:00,0.0,704.4,822.1
2025-11-16 21:00:00+00:00,0.0,668.0,906.8
2025-11-16 22:00:00+00:00,0.0,422.9,834.9
2025-11-16 23:00:00+00:00,0.0,250.2,655.8
2025-11-17 00:00:00+00:00,0.0,135.3,832.8
2025-11-17 01:00:00+00:00,0.0,242.8,1246.6
2025-11-17 02:00:00+00:00,0.0,395.2,1563.5
2025-11-17 03:00:00+00:00,0.0,611.1,2099.3
2025-11-17 04:00:00+00:00,0.0,781.9,2175.3
2025-11-17 05:00:00+00:00,0.0,1021.9,2158.4
2025-11-17 06:00:00+00:00,0.0,958.7,2144.2
2025-11-17 07:00:00+00:00,159.3,1056.3,2165.3
2025-11-17 08:00:00+00:00,940.4,1078.4,2170.7
2025-11-17 09:00:00+00:00,1551.8,1107.0,2172.4
2025-11-17 10:00:00+00:00,2644.2,1249.7,2091.9
2025-11-17 11:00:00+00:00,3630.1,1068.8,2083.8
2025-11-17 12:00:00+00:00,3538.9,1221.0,2085.1
2025-11-17 13:00:00+00:00,2300.7,1301.0,1758.0
2025-11-17 14:00:00+00:00,1195.9,1001.3,1781.5
2025-11-17 15:00:00+00:00,201.1,699.9,1616.5
2025-11-17 16:00:00+00:00,0.0,602.0,1225.3
2025-11-17 17:00:00+00:00,0.0,532.0,757.2
2025-11-17 18:00:00+00:00,0.0,398.3,436.3
2025-11-17 19:00:00+00:00,0.0,269.9,511.2
2025-11-17 20:00:00+00:00,0.0,221.7,424.5
2025-11-17 21:00:00+00:00,0.0,213.5,193.2
2025-11-17 22:00:00+00:00,0.0,324.8,35.2
2025-11-17 23:00:00+00:00,0.0,370.9,124.4
2025-11-18 00:00:00+00:00,0.0,292.9,261.0
2025-11-18 01:00:00+00:00,0.0,416.0,336.9
2025-11-18 02:00:00+00:00,0.0,518.6,485.2
2025-11-18 03:00:00+00:00,0.0,469.4,632.4
2025-11-18 04:00:00+00:00,0.0,507.5,843.5
2025-11-18 05:00:00+00:00,0.0,544.9,907.4
2025-11-18 06:00:00+00:00,0.0,584.2,1080.8
2025-11-18 07:00:00+00:00,123.4,663.9,1062.1
2025-11-18 08:00:00+00:00,739.0,793.5,874.6
2025-11-18 09:00:00+00:00,1425.5,732.7,691.6
2025-11-18 10:00:00+00:00,1916.0,646.4,685.0
2025-11-18 11:00:00+00:00,1965.6,738.4,920.8
2025-11-18 12:00:00+00:00,1332.5,948.2,1116.0
2025-11-18 13:00:00+00:00,608.9,1036.7,1596.6
2025-11-18 14:00:00+00:00,187.6,951.2,1687.3
2025-11-18 15:00:00+00:00,23.6,1023.8,1854.8
2025-11-18 16:00:00+00:00,0.0,1041.8,1458.5
2025-11-18 17:00:00+00:00,0.0,1151.2,1292.7
2025-11-18 18:00:00+00:00,0.0,1190.8,1667.0
2025-11-18 19:00:00+00:00,0.0,1232.7,1573.1
2025-11-18 20:00:00+00:00,0.0,1317.5,1205.4
2025-11-18 21:00:00+00:00,0.0,1414.6,978.3
2025-11-18 22:00:00+00:00,0.0,1418.4,944.9
2025-11-18 23:00:00+00:00,0.0,1470.6,1241.1
2025-11-19 00:00:00+00:00,0.0,1410.6,1285.4
2025-11-19 01:00:00+00:00,0.0,1390.3,1249.2
2025-11-19 02:00:00+00:00,0.0,1366.7,1051.2
2025-11-19 03:00:00+00:00,0.0,1312.2,925.9
2025-11-19 04:00:00+00:00,0.0,1193.8,981.4
2025-11-19 05:00:00+00:00,0.0,1238.5,629.7
2025-11-19 06:00:00+00:00,0.0,1347.9,630.1
2025-11-19 07:00:00+00:00,27.0,1270.2,360.9
2025-11-19 08:00:00+00:00,292.7,1149.8,215.0
2025-11-19 09:00:00+00:00,756.7,945.4,88.7
2025-11-19 10:00:00+00:00,629.5,831.6,3.5
2025-11-19 11:00:00+00:00,629.2,664.4,467.3
2025-11-19 12:00:00+00:00,652.6,464.5,1795.6
2025-11-19 13:00:00+00:00,411.7,368.8,2154.1
2025-11-19 14:00:00+00:00,151.0,472.6,2146.0
2025-11-19 15:00:00+00:00,8.7,875.2,2152.3
2025-11-19 16:00:00+00:00,0.0,945.5,2162.9
2025-11-19 17:00:00+00:00,0.0,1152.7,2148.9
2025-11-19 18:00:00+00:00,0.0,1118.0,2078.5
2025-11-19 19:00:00+00:00,0.0,1072.7,2000.6
2025-11-19 20:00:00+00:00,0.0,952.7,2006.1
2025-11-19 21:00:00+00:00,0.0,961.8,1955.5
2025-11-19 22:00:00+00:00,0.0,840.7,2066.4
2025-11-19 23:00:00+00:00,0.0,795.9,1299.0
2025-11-20 00:00:00+00:00,0.0,791.2,704.7
2025-11-20 01:00:00+00:00,0.0,654.6,496.6
2025-11-20 02:00:00+00:00,0.0,636.7,843.4
2025-11-20 03:00:00+00:00,0.0,551.8,958.0
2025-11-20 04:00:00+00:00,0.0,374.3,954.4
2025-11-20 05:00:00+00:00,0.0,300.0,1336.6
2025-11-20 06:00:00+00:00,0.0,284.4,1376.6
2025-11-20 07:00:00+00:00,76.7,279.3,1651.9
2025-11-20 08:00:00+00:00,367.9,273.6,1575.3
2025-11-20 09:00:00+00:00,492.1,233.8,1200.3
2025-11-20 10:00:00+00:00,595.4,193.8,1040.4
2025-11-20 11:00:00+00:00,555.0,178.1,995.4
2025-11-20 12:00:00+00:00,502.3,197.7,749.5
2025-11-20 13:00:00+00:00,371.1,183.3,620.3
2025-11-20 14:00:00+00:00,231.8,185.2,781.1
2025-11-20 15:00:00+00:00,43.3,231.1,1291.3
2025-11-20 16:00:00+00:00,0.0,331.2,1510.0
2025-11-20 17:00:00+00:00,0.0,325.5,1185.2
2025-11-20 18:00:00+00:00,0.0,309.3,1060.8
2025-11-20 19:00:00+00:00,0.0,268.9,687.7
2025-11-20 20:00:00+00:00,0.0,236.1,853.0
2025-11-20 21:00:00+00:00,0.0,231.7,1104.6
2025-11-20 22:00:00+00:00,0.0,161.8,104.1
2025-11-20 23:00:00+00:00,0.0,152.1,339.4
2025-11-21 00:00:00+00:00,0.0,137.4,357.2
2025-11-21 01:00:00+00:00,0.0,69.8,305.3
2025-11-21 02:00:00+00:00,0.0,32.1,259.0
2025-11-21 03:00:00+00:00,0.0,35.9,513.0
2025-11-21 04:00:00+00:00,0.0,80.9,1292.1
2025-11-21 05:00:00+00:00,0.0,185.5,1115.3
2025-11-21 06:00:00+00:00,0.0,252.9,879.2
2025-11-21 07:00:00+00:00,47.5,229.8,656.2
2025-11-21 08:00:00+00:00,542.2,211.2,675.1
2025-11-21 09:00:00+00:00,1388.8,194.5,418.8
2025-11-21 10:00:00+00:00,2225.8,151.7,254.9
2025-11-21 11:00:00+00:00,2927.9,146.6,99.1
2025-11-21 12:00:00+00:00,3168.7,127.6,1.0
2025-11-21 13:00:00+00:00,2604.0,124.2,0.0
2025-11-21 14:00:00+00:00,1347.0,97.3,0.0
2025-11-21 15:00:00+00:00,185.0,112.8,0.0
2025-11-21 16:00:00+00:00,0.0,117.3,0.0
2025-11-21 17:00:00+00:00,0.0,132.1,2.2
2025-11-21 18:00:00+00:00,0.0,121.5,85.6
2025-11-21 19:00:00+00:00,0.0,110.9,88.1
2025-11-21 20:00:00+00:00,0.0,141.9,175.6
2025-11-21 21:00:00+00:00,0.0,216.3,338.9
2025-11-21 22:00:00+00:00,0.0,286.4,601.3
2025-11-21 23:00:00+00:00,0.0,409.1,397.1
2025-11-22 00:00:00+00:00,0.0,506.0,729.5
2025-11-22 01:00:00+00:00,0.0,517.8,1074.0
2025-11-22 02:00:00+00:00,0.0,534.3,1135.5
2025-11-22 03:00:00+00:00,0.0,631.5,1322.0
2025-11-22 04:00:00+00:00,0.0,689.2,1625.2
2025-11-22 05:00:00+00:00,0.0,728.2,1680.1
2025-11-22 06:00:00+00:00,0.0,786.1,1595.8
2025-11-22 07:00:00+00:00,207.6,1016.5,1648.7
2025-11-22 08:00:00+00:00,1003.1,1070.1,1938.2
2025-11-22 09:00:00+00:00,1919.4,901.2,1902.0
2025-11-22 10:00:00+00:00,2819.9,835.4,1921.1
2025-11-22 11:00:00+00:00,3684.7,840.2,2074.0
2025-11-22 12:00:00+00:00,3642.6,877.6,2132.4
2025-11-22 13:00:00+00:00,2712.6,983.8,2156.3
2025-11-22 14:00:00+00:00,1421.8,1137.8,2174.5
2025-11-22 15:00:00+00:00,107.9,1314.6,2177.8
2025-11-22 16:00:00+00:00,0.0,1584.8,2182.4
2025-11-22 17:00:00+00:00,0.0,1807.0,2187.5
2025-11-22 18:00:00+00:00,0.0,1842.0,2183.3
2025-11-22 19:00:00+00:00,0.0,1970.6,2182.8
2025-11-22 20:00:00+00:00,0.0,1986.6,2159.4
2025-11-22 21:00:00+00:00,0.0,1988.5,2178.7
2025-11-22 22:00:00+00:00,0.0,1882.9,2169.2
2025-11-22 23:00:00+00:00,0.0,1819.9,2167.7
2025-11-23 00:00:00+00:00,0.0,1682.5,2172.5
2025-11-23 01:00:00+00:00,0.0,1569.9,2171.7
2025-11-23 02:00:00+00:00,0.0,1561.8,2174.2
2025-11-23 03:00:00+00:00,0.0,1504.2,2173.8
2025-11-23 04:00:00+00:00,0.0,1488.6,2172.1
2025-11-23 05:00:00+00:00,0.0,1436.9,2174.7
2025-11-23 06:00:00+00:00,0.0,1437.9,2177.6
2025-11-23 07:00:00+00:00,31.3,1674.2,2176.1
2025-11-23 08:00:00+00:00,353.6,1874.4,2175.0
2025-11-23 09:00:00+00:00,778.9,1946.6,2175.6
2025-11-23 10:00:00+00:00,923.6,2024.2,2175.6
2025-11-23 11:00:00+00:00,709.9,2120.4,2174.4
2025-11-23 12:00:00+00:00,392.4,1969.1,2173.3
2025-11-23 13:00:00+00:00,229.8,1870.8,2173.6
2025-11-23 14:00:00+00:00,109.4,1933.7,2091.4
2025-11-23 15:00:00+00:00,6.6,1912.4,2065.0
2025-11-23 16:00:00+00:00,0.0,1800.0,2129.0
2025-11-23 17:00:00+00:00,0.0,1611.2,2122.0
2025-11-23 18:00:00+00:00,0.0,1471.1,2090.5
2025-11-23 19:00:00+00:00,0.0,1365.2,2046.9
2025-11-23 20:00:00+00:00,0.0,1323.2,2054.2
2025-11-23 21:00:00+00:00,0.0,1311.6,1899.9
2025-11-23 22:00:00+00:00,0.0,1285.3,1629.2
2025-11-23 23:00:00+00:00,0.0,1277.6,1346.7
2025-11-24 00:00:00+00:00,0.0,1274.0,1230.6
2025-11-24 01:00:00+00:00,0.0,1258.5,1470.9
2025-11-24 02:00:00+00:00,0.0,1200.5,1473.6
2025-11-24 03:00:00+00:00,0.0,1266.1,1386.5
2025-11-24 04:00:00+00:00,0.0,1280.4,1138.7
2025-11-24 05:00:00+00:00,0.0,1270.0,968.6
2025-11-24 06:00:00+00:00,0.0,1129.7,1386.1
2025-11-24 07:00:00+00:00,36.7,1119.3,1742.9
2025-11-24 08:00:00+00:00,280.5,1150.9,1800.7
2025-11-24 09:00:00+00:00,692.8,1021.7,1493.6
2025-11-24 10:00:00+00:00,1528.0,851.4,1082.4
2025-11-24 11:00:00+00:00,1742.3,751.0,1627.0
2025-11-24 12:00:00+00:00,1409.7,680.4,995.0
2025-11-24 13:00:00+00:00,876.2,567.4,303.7
2025-11-24 14:00:00+00:00,267.0,511.1,192.6
2025-11-24 15:00:00+00:00,22.2,531.7,189.5
2025-11-24 16:00:00+00:00,0.0,590.5,130.6
2025-11-24 17:00:00+00:00,0.0,633.2,52.2
2025-11-24 18:00:00+00:00,0.0,591.0,145.7
2025-11-24 19:00:00+00:00,0.0,535.1,279.7
2025-11-24 20:00:00+00:00,0.0,461.5,429.8
2025-11-24 21:00:00+00:00,0.0,420.3,726.4
2025-11-24 22:00:00+00:00,0.0,349.2,637.3
2025-11-24 23:00:00+00:00,0.0,251.1,473.4
2025-11-25 00:00:00+00:00,0.0,230.3,620.6
2025-11-25 01:00:00+00:00,0.0,237.1,612.2
2025-11-25 02:00:00+00:00,0.0,262.8,639.2
2025-11-25 03:00:00+00:00,0.0,272.6,1601.3
2025-11-25 04:00:00+00:00,0.0,325.8,2125.5
2025-11-25 05:00:00+00:00,0.0,410.7,2163.2
2025-11-25 06:00:00+00:00,0.0,460.8,2185.3
2025-11-25 07:00:00+00:00,25.0,584.7,2185.7
2025-11-25 08:00:00+00:00,299.8,743.9,2179.7
2025-11-25 09:00:00+00:00,590.9,784.9,2157.2
2025-11-25 10:00:00+00:00,742.0,690.5,2161.3
2025-11-25 11:00:00+00:00,900.6,759.8,2127.4
2025-11-25 12:00:00+00:00,977.8,683.9,2111.1
2025-11-25 13:00:00+00:00,1005.7,758.7,2057.1
2025-11-25 14:00:00+00:00,618.0,728.1,1991.0
2025-11-25 15:00:00+00:00,62.8,786.1,2022.3
2025-11-25 16:00:00+00:00,0.0,837.8,1990.9
2025-11-25 17:00:00+00:00,0.0,894.5,1967.3
2025-11-25 18:00:00+00:00,0.0,814.2,1852.3
2025-11-25 19:00:00+00:00,0.0,777.5,1669.7
2025-11-25 20:00:00+00:00,0.0,660.6,1656.1
2025-11-25 21:00:00+00:00,0.0,625.0,1585.2
2025-11-25 22:00:00+00:00,0.0,644.3,1540.6
2025-11-25 23:00:00+00:00,0.0,347.3,1581.3
2025-11-26 00:00:00+00:00,0.0,642.8,1425.0
2025-11-26 01:00:00+00:00,0.0,591.9,1441.1
2025-11-26 02:00:00+00:00,0.0,543.7,1330.8
2025-11-26 03:00:00+00:00,0.0,507.5,1239.2
2025-11-26 04:00:00+00:00,0.0,452.7,1057.6
2025-11-26 05:00:00+00:00,0.0,337.4,1005.2
2025-11-26 06:00:00+00:00,0.0,232.7,824.8
2025-11-26 07:00:00+00:00,39.4,155.3,590.9
2025-11-26 08:00:00+00:00,450.4,89.1,410.7
2025-11-26 09:00:00+00:00,940.5,42.0,288.3
2025-11-26 10:00:00+00:00,1737.5,21.0,168.3
2025-11-26 11:00:00+00:00,2249.0,21.6,42.1
2025-11-26 12:00:00+00:00,2307.5,25.5,2.7
2025-11-26 13:00:00+00:00,1853.8,16.9,0.0
2025-11-26 14:00:00+00:00,902.3,17.8,5.5
2025-11-26 15:00:00+00:00,93.3,19.2,37.1
2025-11-26 16:00:00+00:00,0.0,34.5,80.1
2025-11-26 17:00:00+00:00,0.0,52.0,163.3
2025-11-26 18:00:00+00:00,0.0,87.9,214.0
2025-11-26 19:00:00+00:00,0.0,137.2,342.4
2025-11-26 20:00:00+00:00,0.0,214.1,547.7
2025-11-26 21:00:00+00:00,0.0,370.5,858.8
2025-11-26 22:00:00+00:00,0.0,567.2,933.2
2025-11-26 23:00:00+00:00,0.0,777.6,1339.0
2025-11-27 00:00:00+00:00,0.0,994.1,1848.8
2025-11-27 01:00:00+00:00,0.0,1233.7,1983.3
2025-11-27 02:00:00+00:00,0.0,1333.1,2104.8
2025-11-27 03:00:00+00:00,0.0,1517.0,2171.7
2025-11-27 04:00:00+00:00,0.0,1627.4,2144.4
2025-11-27 05:00:00+00:00,0.0,1690.2,2148.5
2025-11-27 06:00:00+00:00,0.0,1843.3,2131.9
2025-11-27 07:00:00+00:00,33.5,1899.4,2136.7
2025-11-27 08:00:00+00:00,196.6,1970.7,2152.8
2025-11-27 09:00:00+00:00,321.6,1965.8,2098.2
2025-11-27 10:00:00+00:00,390.5,1931.6,1909.1
2025-11-27 11:00:00+00:00,380.6,1875.4,1797.3
2025-11-27 12:00:00+00:00,318.1,1784.9,1801.7
2025-11-27 13:00:00+00:00,213.0,1768.7,1973.4
2025-11-27 14:00:00+00:00,89.9,1770.1,2088.4
2025-11-27 15:00:00+00:00,4.5,1769.7,2086.8
2025-11-27 16:00:00+00:00,0.0,1778.6,2119.7
2025-11-27 17:00:00+00:00,0.0,1798.2,2134.6
2025-11-27 18:00:00+00:00,0.0,1758.9,2149.3
2025-11-27 19:00:00+00:00,0.0,1781.3,2135.3
2025-11-27 20:00:00+00:00,0.0,1793.7,2137.2
2025-11-27 21:00:00+00:00,0.0,1775.8,2128.3
2025-11-27 22:00:00+00:00,0.0,1719.6,2054.9
2025-11-27 23:00:00+00:00,0.0,1699.6,2022.2
2025-11-28 00:00:00+00:00,0.0,1636.6,2032.1
2025-11-28 01:00:00+00:00,0.0,1522.5,2014.8
2025-11-28 02:00:00+00:00,0.0,1492.2,1962.3
2025-11-28 03:00:00+00:00,0.0,1478.6,1949.2
2025-11-28 04:00:00+00:00,0.0,1554.7,1916.9
2025-11-28 05:00:00+00:00,0.0,1516.5,1466.9
2025-11-28 06:00:00+00:00,0.0,1467.4,926.6
2025-11-28 07:00:00+00:00,7.6,1343.7,736.9
2025-11-28 08:00:00+00:00,155.3,1230.1,653.2
2025-11-28 09:00:00+00:00,386.3,1133.1,740.5
2025-11-28 10:00:00+00:00,556.8,1051.9,857.2
2025-11-28 11:00:00+00:00,604.0,978.0,891.7
2025-11-28 12:00:00+00:00,531.1,900.9,1002.6
2025-11-28 13:00:00+00:00,317.5,929.4,1400.0
2025-11-28 14:00:00+00:00,141.7,1032.1,1646.9
2025-11-28 15:00:00+00:00,23.4,1035.3,1822.9
2025-11-28 16:00:00+00:00,0.0,994.0,1923.1
2025-11-28 17:00:00+00:00,0.0,992.8,1904.6
2025-11-28 18:00:00+00:00,0.0,1011.5,1888.4
2025-11-28 19:00:00+00:00,0.0,1018.7,1875.0
2025-11-28 20:00:00+00:00,0.0,1064.4,1779.3
2025-11-28 21:00:00+00:00,0.0,1139.2,1874.8
2025-11-28 22:00:00+00:00,0.0,1165.1,1544.6
2025-11-28 23:00:00+00:00,0.0,1137.3,1240.8
2025-11-29 00:00:00+00:00,0.0,1092.7,841.3
2025-11-29 01:00:00+00:00,0.0,973.7,995.8
2025-11-29 02:00:00+00:00,0.0,911.5,1179.2
2025-11-29 03:00:00+00:00,0.0,909.7,1298.2
2025-11-29 04:00:00+00:00,0.0,1031.0,1478.9
2025-11-29 05:00:00+00:00,0.0,1163.5,1669.3
2025-11-29 06:00:00+00:00,0.0,1185.6,1807.4
2025-11-29 07:00:00+00:00,38.5,1201.5,2030.2
2025-11-29 08:00:00+00:00,370.4,1218.8,1983.8
2025-11-29 09:00:00+00:00,594.0,1349.3,2064.9
2025-11-29 10:00:00+00:00,720.0,1519.0,2105.9
2025-11-29 11:00:00+00:00,920.5,1474.6,2133.9
2025-11-29 12:00:00+00:00,916.7,1392.9,2102.3
2025-11-29 13:00:00+00:00,597.9,1481.5,2145.7
2025-11-29 14:00:00+00:00,200.5,1562.3,2161.1
2025-11-29 15:00:00+00:00,10.1,1723.3,2178.1
2025-11-29 16:00:00+00:00,0.0,1840.8,2152.3
2025-11-29 17:00:00+00:00,0.0,1860.5,1982.2
2025-11-29 18:00:00+00:00,0.0,1830.9,1886.2
2025-11-29 19:00:00+00:00,0.0,1711.0,1813.0
2025-11-29 20:00:00+00:00,0.0,1518.5,1429.8
2025-11-29 21:00:00+00:00,0.0,1247.6,1352.2
2025-11-29 22:00:00+00:00,0.0,974.2,1762.4
2025-11-29 23:00:00+00:00,0.0,947.7,2038.0
2025-11-30 00:00:00+00:00,0.0,935.8,2103.6
2025-11-30 01:00:00+00:00,0.0,946.8,1880.9
2025-11-30 02:00:00+00:00,0.0,917.6,1245.5
2025-11-30 03:00:00+00:00,0.0,890.0,1318.5
2025-11-30 04:00:00+00:00,0.0,905.8,1121.8
2025-11-30 05:00:00+00:00,0.0,914.4,1256.1
2025-11-30 06:00:00+00:00,0.0,887.9,1593.4
2025-11-30 07:00:00+00:00,15.1,880.8,1566.2
2025-11-30 08:00:00+00:00,335.9,831.0,1654.2
2025-11-30 09:00:00+00:00,1340.8,721.2,1420.4
2025-11-30 10:00:00+00:00,2217.6,872.9,1735.5
2025-11-30 11:00:00+00:00,1789.2,1053.0,1693.1
2025-11-30 12:00:00+00:00,1500.5,957.8,1433.5
2025-11-30 13:00:00+00:00,1156.4,842.2,1446.1
2025-11-30 14:00:00+00:00,500.2,710.6,1349.1
2025-11-30 15:00:00+00:00,60.6,633.8,1185.1
2025-11-30 16:00:00+00:00,0.0,648.5,791.1
2025-11-30 17:00:00+00:00,0.0,698.7,925.3
2025-11-30 18:00:00+00:00,0.0,759.3,951.3
2025-11-30 19:00:00+00:00,0.0,833.5,650.9
2025-11-30 20:00:00+00:00,0.0,860.3,751.5
2025-11-30 21:00:00+00:00,0.0,876.1,736.6
2025-11-30 22:00:00+00:00,0.0,972.5,755.7
2025-11-30 23:00:00+00:00,0.0,1127.6,912.3
2025-12-01 00:00:00+00:00,0.0,1222.6,1538.6
2025-12-01 01:00:00+00:00,0.0,1322.3,1788.2
2025-12-01 02:00:00+00:00,0.0,1483.3,2046.8
2025-12-01 03:00:00+00:00,0.0,1606.9,2147.2
2025-12-01 04:00:00+00:00,0.0,1723.0,2164.8
2025-12-01 05:00:00+00:00,0.0,1889.9,2186.3
2025-12-01 06:00:00+00:00,0.0,2051.3,2186.8
2025-12-01 07:00:00+00:00,53.5,2176.5,2185.6
2025-12-01 08:00:00+00:00,466.7,2236.6,2182.5
2025-12-01 09:00:00+00:00,1068.4,2302.9,2175.8
2025-12-01 10:00:00+00:00,1361.1,2374.6,2175.9
2025-12-01 11:00:00+00:00,1373.4,2400.1,2180.7
2025-12-01 12:00:00+00:00,1054.5,2409.5,2177.8
2025-12-01 13:00:00+00:00,664.0,2404.1,2182.2
2025-12-01 14:00:00+00:00,218.2,2352.2,2176.3
2025-12-01 15:00:00+00:00,9.0,2423.3,2183.3
2025-12-01 16:00:00+00:00,0.0,2579.1,2186.9
2025-12-01 17:00:00+00:00,0.0,2656.6,2188.0
2025-12-01 18:00:00+00:00,0.0,2590.9,2185.8
2025-12-01 19:00:00+00:00,0.0,2565.9,2188.3
2025-12-01 20:00:00+00:00,0.0,2522.4,2188.7
2025-12-01 21:00:00+00:00,0.0,2470.6,2187.0
2025-12-01 22:00:00+00:00,0.0,2475.5,2188.4
2025-12-01 23:00:00+00:00,0.0,2398.4,2187.2
2025-12-02 00:00:00+00:00,0.0,2372.0,2188.3
2025-12-02 01:00:00+00:00,0.0,2342.0,2188.2
2025-12-02 02:00:00+00:00,0.0,2341.3,2186.6
2025-12-02 03:00:00+00:00,0.0,2280.5,2182.5
2025-12-02 04:00:00+00:00,0.0,2167.3,2185.4
2025-12-02 05:00:00+00:00,0.0,1964.5,2164.9
2025-12-02 06:00:00+00:00,0.0,1820.2,2079.2
2025-12-02 07:00:00+00:00,6.1,1624.5,1898.3
2025-12-02 08:00:00+00:00,207.9,1540.5,1827.5
2025-12-02 09:00:00+00:00,664.8,1473.3,1806.4
2025-12-02 10:00:00+00:00,1290.6,1261.5,1682.3
2025-12-02 11:00:00+00:00,1536.9,1068.5,1492.5
2025-12-02 12:00:00+00:00,1389.6,887.3,1230.3
2025-12-02 13:00:00+00:00,918.3,836.3,851.4
2025-12-02 14:00:00+00:00,414.8,745.4,792.3
2025-12-02 15:00:00+00:00,37.2,708.6,795.0
2025-12-02 16:00:00+00:00,0.0,744.4,891.3
2025-12-02 17:00:00+00:00,0.0,771.4,808.4
2025-12-02 18:00:00+00:00,0.0,720.4,770.0
2025-12-02 19:00:00+00:00,0.0,680.6,798.9
2025-12-02 20:00:00+00:00,0.0,685.9,736.2
2025-12-02 21:00:00+00:00,0.0,635.6,712.7
2025-12-02 22:00:00+00:00,0.0,657.1,616.4
2025-12-02 23:00:00+00:00,0.0,613.6,652.6
2025-12-03 00:00:00+00:00,0.0,484.0,647.0
2025-12-03 01:00:00+00:00,0.0,394.1,607.8
2025-12-03 02:00:00+00:00,0.0,392.6,585.7
2025-12-03 03:00:00+00:00,0.0,404.6,498.3
2025-12-03 04:00:00+00:00,0.0,393.4,417.8
2025-12-03 05:00:00+00:00,0.0,355.7,314.0
2025-12-03 06:00:00+00:00,0.0,317.0,390.9
2025-12-03 07:00:00+00:00,2.6,298.6,410.4
2025-12-03 08:00:00+00:00,176.6,277.8,559.2
2025-12-03 09:00:00+00:00,584.8,222.1,568.0
2025-12-03 10:00:00+00:00,1084.0,201.3,492.9
2025-12-03 11:00:00+00:00,1342.0,216.3,455.5
2025-12-03 12:00:00+00:00,1139.6,212.3,321.5
2025-12-03 13:00:00+00:00,990.3,198.1,407.3
2025-12-03 14:00:00+00:00,519.5,179.0,514.1
2025-12-03 15:00:00+00:00,53.8,167.0,539.5
2025-12-03 16:00:00+00:00,0.0,174.1,472.7
2025-12-03 17:00:00+00:00,0.0,230.6,468.2
2025-12-03 18:00:00+00:00,0.0,349.4,539.9
2025-12-03 19:00:00+00:00,0.0,496.6,545.1
2025-12-03 20:00:00+00:00,0.0,536.7,489.4
2025-12-03 21:00:00+00:00,0.0,547.1,660.4
2025-12-03 22:00:00+00:00,0.0,526.6,1029.2
2025-12-03 23:00:00+00:00,0.0,537.4,1040.7
2025-12-04 00:00:00+00:00,0.0,558.7,993.7
2025-12-04 01:00:00+00:00,0.0,525.2,977.0
2025-12-04 02:00:00+00:00,0.0,574.5,1105.4
2025-12-04 03:00:00+00:00,0.0,678.6,1241.4
2025-12-04 04:00:00+00:00,0.0,848.5,1536.6
2025-12-04 05:00:00+00:00,0.0,983.5,1665.8
2025-12-04 06:00:00+00:00,0.0,1154.3,1449.0
2025-12-04 07:00:00+00:00,68.3,1288.9,1594.4
2025-12-04 08:00:00+00:00,656.6,1282.6,1885.4
2025-12-04 09:00:00+00:00,1660.7,1256.6,1853.4
2025-12-04 10:00:00+00:00,2597.5,1377.1,1847.7
2025-12-04 11:00:00+00:00,2376.7,1551.4,1815.6
2025-12-04 12:00:00+00:00,1113.6,1641.1,1812.9
2025-12-04 13:00:00+00:00,403.1,1602.5,2106.3
2025-12-04 14:00:00+00:00,175.1,1444.7,2161.4
2025-12-04 15:00:00+00:00,18.8,1221.5,2176.8
2025-12-04 16:00:00+00:00,0.0,1083.4,2137.6
2025-12-04 17:00:00+00:00,0.0,981.8,1889.2
2025-12-04 18:00:00+00:00,0.0,874.5,1581.1
2025-12-04 19:00:00+00:00,0.0,715.8,1377.3
2025-12-04 20:00:00+00:00,0.0,596.2,935.2
2025-12-04 21:00:00+00:00,0.0,569.2,792.0
2025-12-04 22:00:00+00:00,0.0,497.2,604.4
2025-12-04 23:00:00+00:00,0.0,415.6,424.7
2025-12-05 00:00:00+00:00,0.0,358.4,185.5
2025-12-05 01:00:00+00:00,0.0,370.6,105.9
2025-12-05 02:00:00+00:00,0.0,374.1,180.9
2025-12-05 03:00:00+00:00,0.0,360.8,153.1
2025-12-05 04:00:00+00:00,0.0,352.5,219.2
2025-12-05 05:00:00+00:00,0.0,345.8,198.6
2025-12-05 06:00:00+00:00,0.0,334.4,150.9
2025-12-05 07:00:00+00:00,23.7,326.6,165.0
2025-12-05 08:00:00+00:00,499.9,295.7,171.8
2025-12-05 09:00:00+00:00,1189.1,277.1,207.5
2025-12-05 10:00:00+00:00,1733.6,287.9,315.2
2025-12-05 11:00:00+00:00,2104.4,301.1,308.4
2025-12-05 12:00:00+00:00,1952.8,354.1,355.2
2025-12-05 13:00:00+00:00,1398.9,408.6,521.8
2025-12-05 14:00:00+00:00,634.8,543.4,843.1
2025-12-05 15:00:00+00:00,34.4,836.1,1318.5
2025-12-05 16:00:00+00:00,0.0,1232.6,1672.9
2025-12-05 17:00:00+00:00,0.0,1634.5,1992.8
2025-12-05 18:00:00+00:00,0.0,1904.1,2144.0
2025-12-05 19:00:00+00:00,0.0,2061.9,2179.4
2025-12-05 20:00:00+00:00,0.0,2149.1,2183.4
2025-12-05 21:00:00+00:00,0.0,2308.8,2188.2
2025-12-05 22:00:00+00:00,0.0,2455.5,2190.2
2025-12-05 23:00:00+00:00,0.0,2476.1,2188.9
2025-12-06 00:00:00+00:00,0.0,2519.2,2190.2
2025-12-06 01:00:00+00:00,0.0,2547.0,2190.4
2025-12-06 02:00:00+00:00,0.0,2448.4,2188.2
2025-12-06 03:00:00+00:00,0.0,2373.3,2185.5
2025-12-06 04:00:00+00:00,0.0,2259.7,2185.4
2025-12-06 05:00:00+00:00,0.0,2242.4,2185.3
2025-12-06 06:00:00+00:00,0.0,2289.8,2187.0
2025-12-06 07:00:00+00:00,5.4,2205.9,2175.5
2025-12-06 08:00:00+00:00,202.7,2141.6,2155.6
2025-12-06 09:00:00+00:00,499.5,2133.0,2168.3
2025-12-06 10:00:00+00:00,619.6,2139.3,2177.3
2025-12-06 11:00:00+00:00,674.1,2184.1,2175.0
2025-12-06 12:00:00+00:00,646.8,2119.8,2178.7
2025-12-06 13:00:00+00:00,578.8,2092.3,2167.6
2025-12-06 14:00:00+00:00,231.9,2046.5,2156.8
2025-12-06 15:00:00+00:00,16.2,2023.8,2122.9
2025-12-06 16:00:00+00:00,0.0,2220.0,2163.7
2025-12-06 17:00:00+00:00,0.0,2383.1,2183.3
2025-12-06 18:00:00+00:00,0.0,2379.0,2183.0
2025-12-06 19:00:00+00:00,0.0,2397.7,2177.8
2025-12-06 20:00:00+00:00,0.0,2398.0,2140.0
2025-12-06 21:00:00+00:00,0.0,2282.4,2103.3
2025-12-06 22:00:00+00:00,0.0,2150.2,2123.0
2025-12-06 23:00:00+00:00,0.0,1997.4,2112.5
2025-12-07 00:00:00+00:00,0.0,1915.1,2127.8
2025-12-07 01:00:00+00:00,0.0,1789.0,1947.5
2025-12-07 02:00:00+00:00,0.0,1617.8,1601.8
2025-12-07 03:00:00+00:00,0.0,1504.1,1165.6
2025-12-07 04:00:00+00:00,0.0,1347.6,779.1
2025-12-07 05:00:00+00:00,0.0,1207.7,800.3
2025-12-07 06:00:00+00:00,0.0,1070.4,895.8
2025-12-07 07:00:00+00:00,4.0,967.3,928.6
2025-12-07 08:00:00+00:00,144.7,915.6,995.8
2025-12-07 09:00:00+00:00,341.1,854.8,978.6
2025-12-07 10:00:00+00:00,459.2,813.0,1098.6
2025-12-07 11:00:00+00:00,465.5,980.9,1328.4
2025-12-07 12:00:00+00:00,346.6,1240.6,1619.7
2025-12-07 13:00:00+00:00,189.4,1422.4,1851.7
2025-12-07 14:00:00+00:00,70.2,1576.7,2084.4
2025-12-07 15:00:00+00:00,0.9,1786.2,2174.9
2025-12-07 16:00:00+00:00,0.0,2086.9,2197.2
2025-12-07 17:00:00+00:00,0.0,2429.9,2197.4
2025-12-07 18:00:00+00:00,0.0,2586.0,2195.2
2025-12-07 19:00:00+00:00,0.0,2706.0,2196.6
2025-12-07 20:00:00+00:00,0.0,2704.6,2198.3
2025-12-07 21:00:00+00:00,0.0,2577.5,2196.0
2025-12-07 22:00:00+00:00,0.0,2324.6,2142.6
2025-12-07 23:00:00+00:00,0.0,2025.6,2016.6
2025-12-08 00:00:00+00:00,0.0,1719.0,2083.1
2025-12-08 01:00:00+00:00,0.0,1367.4,1876.8
2025-12-08 02:00:00+00:00,0.0,967.4,1738.4
2025-12-08 03:00:00+00:00,0.0,797.1,1673.3
2025-12-08 04:00:00+00:00,0.0,771.0,1723.3
2025-12-08 05:00:00+00:00,0.0,797.4,1611.5
2025-12-08 06:00:00+00:00,0.0,981.4,1394.8
2025-12-08 07:00:00+00:00,3.9,1255.2,1830.1
2025-12-08 08:00:00+00:00,150.8,1482.9,1792.1
2025-12-08 09:00:00+00:00,330.4,1709.7,2056.7
2025-12-08 10:00:00+00:00,335.5,1775.8,2079.3
2025-12-08 11:00:00+00:00,277.3,1516.4,2116.1
2025-12-08 12:00:00+00:00,212.8,1364.2,2123.1
2025-12-08 13:00:00+00:00,182.1,1258.7,2078.0
2025-12-08 14:00:00+00:00,70.4,1169.3,2076.8
2025-12-08 15:00:00+00:00,1.5,1268.7,2090.5
2025-12-08 16:00:00+00:00,0.0,1259.3,2171.5
2025-12-08 17:00:00+00:00,0.0,1271.9,2153.2
2025-12-08 18:00:00+00:00,0.0,1150.4,2147.8
2025-12-08 19:00:00+00:00,0.0,1224.9,2021.2
2025-12-08 20:00:00+00:00,0.0,1301.2,1868.5
2025-12-08 21:00:00+00:00,0.0,1215.0,1120.3
2025-12-08 22:00:00+00:00,0.0,1112.4,798.2
2025-12-08 23:00:00+00:00,0.0,1144.6,925.6
2025-12-09 00:00:00+00:00,0.0,1220.6,1054.6
2025-12-09 01:00:00+00:00,0.0,1266.1,1211.2
2025-12-09 02:00:00+00:00,0.0,1266.9,1530.0
2025-12-09 03:00:00+00:00,0.0,1203.4,1922.8
2025-12-09 04:00:00+00:00,0.0,1225.3,1866.0
2025-12-09 05:00:00+00:00,0.0,1506.2,1880.8
2025-12-09 06:00:00+00:00,0.0,1589.4,1984.9
2025-12-09 07:00:00+00:00,7.8,1510.2,2060.2
2025-12-09 08:00:00+00:00,503.7,1466.1,1886.6
2025-12-09 09:00:00+00:00,1258.6,1323.7,1659.2
2025-12-09 10:00:00+00:00,1937.1,1232.4,1888.8
2025-12-09 11:00:00+00:00,2113.1,1330.5,2062.7
2025-12-09 12:00:00+00:00,1859.7,1398.6,2105.5
2025-12-09 13:00:00+00:00,1437.1,1465.8,2117.0
2025-12-09 14:00:00+00:00,595.6,1510.8,2141.9
2025-12-09 15:00:00+00:00,36.6,1751.7,2166.7
2025-12-09 16:00:00+00:00,0.0,1881.1,2175.9
2025-12-09 17:00:00+00:00,0.0,2050.8,2175.8
2025-12-09 18:00:00+00:00,0.0,2185.0,2183.1
2025-12-09 19:00:00+00:00,0.0,2285.7,2184.4
2025-12-09 20:00:00+00:00,0.0,2244.4,2181.6
2025-12-09 21:00:00+00:00,0.0,2021.0,2173.4
2025-12-09 22:00:00+00:00,0.0,1905.8,2141.4
2025-12-09 23:00:00+00:00,0.0,1692.2,2081.5
2025-12-10 00:00:00+00:00,0.0,1425.4,2027.3
2025-12-10 01:00:00+00:00,0.0,1168.8,1937.0
2025-12-10 02:00:00+00:00,0.0,949.1,1838.9
2025-12-10 03:00:00+00:00,0.0,846.1,1572.0
2025-12-10 04:00:00+00:00,0.0,880.2,1782.0
2025-12-10 05:00:00+00:00,0.0,943.8,1920.8
2025-12-10 06:00:00+00:00,0.0,912.9,1772.2
2025-12-10 07:00:00+00:00,0.9,947.5,1546.8
2025-12-10 08:00:00+00:00,145.1,877.9,1549.7
2025-12-10 09:00:00+00:00,461.1,803.9,1586.4
2025-12-10 10:00:00+00:00,812.7,817.4,1581.5
2025-12-10 11:00:00+00:00,937.7,874.4,1873.6
2025-12-10 12:00:00+00:00,1026.1,958.0,1987.6
2025-12-10 13:00:00+00:00,869.8,965.3,1957.1
2025-12-10 14:00:00+00:00,371.7,869.8,2068.0
2025-12-10 15:00:00+00:00,20.1,875.1,2086.2
2025-12-10 16:00:00+00:00,0.0,973.5,2132.3
2025-12-10 17:00:00+00:00,0.0,1118.1,2047.6
2025-12-10 18:00:00+00:00,0.0,1136.3,1667.8
2025-12-10 19:00:00+00:00,0.0,1052.9,1526.3
2025-12-10 20:00:00+00:00,0.0,992.6,1523.3
2025-12-10 21:00:00+00:00,0.0,1026.8,1360.2
2025-12-10 22:00:00+00:00,0.0,1095.8,1227.4
2025-12-10 23:00:00+00:00,0.0,1115.1,1042.2
2025-12-11 00:00:00+00:00,0.0,1048.2,973.1
2025-12-11 01:00:00+00:00,0.0,938.8,946.3
2025-12-11 02:00:00+00:00,0.0,829.7,890.9
2025-12-11 03:00:00+00:00,0.0,649.8,890.9
2025-12-11 04:00:00+00:00,0.0,520.9,899.9
2025-12-11 05:00:00+00:00,0.0,447.0,1026.2
2025-12-11 06:00:00+00:00,0.0,419.1,1208.4
2025-12-11 07:00:00+00:00,7.8,353.5,1373.1
2025-12-11 08:00:00+00:00,239.0,306.7,1227.5
2025-12-11 09:00:00+00:00,682.4,243.1,751.0
2025-12-11 10:00:00+00:00,1071.0,217.7,588.2
2025-12-11 11:00:00+00:00,1239.4,230.1,753.4
2025-12-11 12:00:00+00:00,1142.2,298.5,1041.3
2025-12-11 13:00:00+00:00,869.2,398.1,1088.3
2025-12-11 14:00:00+00:00,326.4,519.1,1012.2
2025-12-11 15:00:00+00:00,5.5,553.9,1164.1
2025-12-11 16:00:00+00:00,0.0,584.1,1232.0
2025-12-11 17:00:00+00:00,0.0,580.0,1384.0
2025-12-11 18:00:00+00:00,0.0,585.2,1416.3
2025-12-11 19:00:00+00:00,0.0,613.2,1276.7
2025-12-11 20:00:00+00:00,0.0,598.3,1011.4
2025-12-11 21:00:00+00:00,0.0,512.9,768.6
2025-12-11 22:00:00+00:00,0.0,447.3,485.6
2025-12-11 23:00:00+00:00,0.0,423.7,523.3
2025-12-12 00:00:00+00:00,0.0,379.9,547.9
2025-12-12 01:00:00+00:00,0.0,452.0,448.8
2025-12-12 02:00:00+00:00,0.0,591.0,542.2
2025-12-12 03:00:00+00:00,0.0,594.6,703.3
2025-12-12 04:00:00+00:00,0.0,555.9,525.5
2025-12-12 05:00:00+00:00,0.0,585.5,367.8
2025-12-12 06:00:00+00:00,0.0,643.5,424.1
2025-12-12 07:00:00+00:00,2.7,663.8,419.5
2025-12-12 08:00:00+00:00,97.4,638.2,433.1
2025-12-12 09:00:00+00:00,297.5,627.4,572.2
2025-12-12 10:00:00+00:00,491.1,593.9,517.9
2025-12-12 11:00:00+00:00,601.1,524.7,626.9
2025-12-12 12:00:00+00:00,695.7,463.9,515.3
2025-12-12 13:00:00+00:00,561.4,424.7,586.7
2025-12-12 14:00:00+00:00,278.8,357.5,608.5
2025-12-12 15:00:00+00:00,15.2,387.7,771.9
2025-12-12 16:00:00+00:00,0.0,424.9,1135.3
2025-12-12 17:00:00+00:00,0.0,473.4,1505.7
2025-12-12 18:00:00+00:00,0.0,490.8,1694.8
2025-12-12 19:00:00+00:00,0.0,499.6,1767.5
2025-12-12 20:00:00+00:00,0.0,535.4,1738.1
2025-12-12 21:00:00+00:00,0.0,509.8,1447.3
2025-12-12 22:00:00+00:00,0.0,491.7,1010.8
2025-12-12 23:00:00+00:00,0.0,439.6,892.3
2025-12-13 00:00:00+00:00,0.0,426.9,530.0
2025-12-13 01:00:00+00:00,0.0,370.2,265.8
2025-12-13 02:00:00+00:00,0.0,263.5,171.3
2025-12-13 03:00:00+00:00,0.0,180.4,42.3
2025-12-13 04:00:00+00:00,0.0,150.1,4.4
2025-12-13 05:00:00+00:00,0.0,101.5,3.1
2025-12-13 06:00:00+00:00,0.0,81.1,1.1
2025-12-13 07:00:00+00:00,0.9,58.2,0.0
2025-12-13 08:00:00+00:00,109.8,48.0,0.0
2025-12-13 09:00:00+00:00,442.2,31.7,0.0
2025-12-13 10:00:00+00:00,761.5,16.3,10.9
2025-12-13 11:00:00+00:00,1381.5,7.9,3.5
2025-12-13 12:00:00+00:00,2019.9,5.1,3.2
2025-12-13 13:00:00+00:00,1882.2,3.6,23.2
2025-12-13 14:00:00+00:00,900.7,2.9,34.1
2025-12-13 15:00:00+00:00,64.8,3.1,74.1
2025-12-13 16:00:00+00:00,0.0,9.7,145.8
2025-12-13 17:00:00+00:00,0.0,32.6,178.0
2025-12-13 18:00:00+00:00,0.0,71.8,215.5
2025-12-13 19:00:00+00:00,0.0,123.6,303.1
2025-12-13 20:00:00+00:00,0.0,189.8,430.7
2025-12-13 21:00:00+00:00,0.0,264.3,497.1
2025-12-13 22:00:00+00:00,0.0,407.3,443.1
2025-12-13 23:00:00+00:00,0.0,571.3,438.5
2025-12-14 00:00:00+00:00,0.0,550.4,521.9
2025-12-14 01:00:00+00:00,0.0,531.2,559.6
2025-12-14 02:00:00+00:00,0.0,496.6,608.8
2025-12-14 03:00:00+00:00,0.0,476.6,563.8
2025-12-14 04:00:00+00:00,0.0,540.0,764.6
2025-12-14 05:00:00+00:00,0.0,577.1,938.5
2025-12-14 06:00:00+00:00,0.0,618.8,1049.6
2025-12-14 07:00:00+00:00,3.9,789.9,1200.1
2025-12-14 08:00:00+00:00,303.9,774.4,1317.4
2025-12-14 09:00:00+00:00,718.6,614.6,1402.1
2025-12-14 10:00:00+00:00,873.0,516.8,1647.3
2025-12-14 11:00:00+00:00,725.8,491.4,1555.7
2025-12-14 12:00:00+00:00,550.7,553.9,1581.0
2025-12-14 13:00:00+00:00,376.5,661.6,1757.6
2025-12-14 14:00:00+00:00,173.8,702.5,1479.7
2025-12-14 15:00:00+00:00,12.2,771.0,1466.6
2025-12-14 16:00:00+00:00,0.0,859.6,1746.1
2025-12-14 17:00:00+00:00,0.0,826.5,1808.2
2025-12-14 18:00:00+00:00,0.0,792.4,1814.2
2025-12-14 19:00:00+00:00,0.0,768.9,1868.2
2025-12-14 20:00:00+00:00,0.0,760.2,1925.2
2025-12-14 21:00:00+00:00,0.0,816.5,2017.5
2025-12-14 22:00:00+00:00,0.0,892.9,2036.7
2025-12-14 23:00:00+00:00,0.0,1082.0,2055.2
2025-12-15 00:00:00+00:00,0.0,1167.2,2078.6
2025-12-15 01:00:00+00:00,0.0,1277.3,1968.1
2025-12-15 02:00:00+00:00,0.0,1377.1,1981.8
2025-12-15 03:00:00+00:00,0.0,1461.9,2055.8
2025-12-15 04:00:00+00:00,0.0,1532.9,2147.6
2025-12-15 05:00:00+00:00,0.0,1457.3,2100.3
2025-12-15 06:00:00+00:00,0.0,1446.1,2025.3
2025-12-15 07:00:00+00:00,9.4,1450.6,2074.4
2025-12-15 08:00:00+00:00,383.2,1216.2,2109.2
2025-12-15 09:00:00+00:00,1281.5,1049.8,2074.6
2025-12-15 10:00:00+00:00,2109.7,912.2,2027.5
2025-12-15 11:00:00+00:00,2423.8,795.4,2077.7
2025-12-15 12:00:00+00:00,2204.5,809.7,2053.7
2025-12-15 13:00:00+00:00,2025.9,787.2,1973.0
2025-12-15 14:00:00+00:00,832.0,968.5,2037.2
2025-12-15 15:00:00+00:00,33.7,1222.3,1945.5
2025-12-15 16:00:00+00:00,0.0,1461.5,1523.5
2025-12-15 17:00:00+00:00,0.0,1687.7,1599.0
2025-12-15 18:00:00+00:00,0.0,1700.7,1721.6
2025-12-15 19:00:00+00:00,0.0,1685.0,1475.0
2025-12-15 20:00:00+00:00,0.0,1605.4,1440.0
2025-12-15 21:00:00+00:00,0.0,1405.7,1585.4
2025-12-15 22:00:00+00:00,0.0,1338.2,1340.6
2025-12-15 23:00:00+00:00,0.0,1413.9,1277.9
2025-12-16 00:00:00+00:00,0.0,1345.9,1266.5
2025-12-16 01:00:00+00:00,0.0,1291.2,982.4
2025-12-16 02:00:00+00:00,0.0,1422.2,1018.2
2025-12-16 03:00:00+00:00,0.0,1443.0,1069.0
2025-12-16 04:00:00+00:00,0.0,1353.1,956.4
2025-12-16 05:00:00+00:00,0.0,1196.5,927.1
2025-12-16 06:00:00+00:00,0.0,1145.6,677.9
2025-12-16 07:00:00+00:00,7.7,1178.6,647.6
2025-12-16 08:00:00+00:00,224.5,1120.8,801.5
2025-12-16 09:00:00+00:00,733.7,788.0,712.1
2025-12-16 10:00:00+00:00,1321.6,612.0,617.6
2025-12-16 11:00:00+00:00,1915.2,430.8,621.7
2025-12-16 12:00:00+00:00,1686.8,334.4,628.6
2025-12-16 13:00:00+00:00,874.9,323.2,493.4
2025-12-16 14:00:00+00:00,498.1,315.4,324.4
2025-12-16 15:00:00+00:00,51.8,347.2,238.2
2025-12-16 16:00:00+00:00,0.0,355.5,226.5
2025-12-16 17:00:00+00:00,0.0,278.4,314.6
2025-12-16 18:00:00+00:00,0.0,352.9,172.9
2025-12-16 19:00:00+00:00,0.0,513.6,115.4
2025-12-16 20:00:00+00:00,0.0,626.8,96.7
2025-12-16 21:00:00+00:00,0.0,659.3,76.6
2025-12-16 22:00:00+00:00,0.0,640.4,88.1
2025-12-16 23:00:00+00:00,0.0,622.4,235.4
2025-12-17 00:00:00+00:00,0.0,579.3,187.6
2025-12-17 01:00:00+00:00,0.0,525.7,82.9
2025-12-17 02:00:00+00:00,0.0,508.8,60.6
2025-12-17 03:00:00+00:00,0.0,527.0,108.8
2025-12-17 04:00:00+00:00,0.0,524.8,76.7
2025-12-17 05:00:00+00:00,0.0,483.0,43.2
2025-12-17 06:00:00+00:00,0.0,493.8,1.2
2025-12-17 07:00:00+00:00,0.2,458.1,8.0
2025-12-17 08:00:00+00:00,107.6,430.8,40.8
2025-12-17 09:00:00+00:00,497.2,402.8,68.0
2025-12-17 10:00:00+00:00,852.0,398.0,208.5
2025-12-17 11:00:00+00:00,761.6,403.4,282.0
2025-12-17 12:00:00+00:00,782.9,366.4,634.1
2025-12-17 13:00:00+00:00,740.5,332.6,975.4
2025-12-17 14:00:00+00:00,418.7,351.8,1089.1
2025-12-17 15:00:00+00:00,25.2,411.8,1162.3
2025-12-17 16:00:00+00:00,0.0,594.0,1446.4
2025-12-17 17:00:00+00:00,0.0,891.4,1755.9
2025-12-17 18:00:00+00:00,0.0,1141.9,1978.7
2025-12-17 19:00:00+00:00,0.0,1264.1,2060.9
2025-12-17 20:00:00+00:00,0.0,1486.8,2005.8
2025-12-17 21:00:00+00:00,0.0,1720.9,2113.8
2025-12-17 22:00:00+00:00,0.0,1894.2,2161.3
2025-12-17 23:00:00+00:00,0.0,1963.3,2171.9
2025-12-18 00:00:00+00:00,0.0,2032.2,2177.4
2025-12-18 01:00:00+00:00,0.0,2113.6,2173.8
2025-12-18 02:00:00+00:00,0.0,2231.0,2169.0
2025-12-18 03:00:00+00:00,0.0,2297.3,2178.8
2025-12-18 04:00:00+00:00,0.0,2278.4,2178.9
2025-12-18 05:00:00+00:00,0.0,2265.8,2170.2
2025-12-18 06:00:00+00:00,0.0,2191.6,2157.1
2025-12-18 07:00:00+00:00,0.3,2044.2,2149.9
2025-12-18 08:00:00+00:00,174.7,2031.5,2143.9
2025-12-18 09:00:00+00:00,734.5,1964.1,2131.2
2025-12-18 10:00:00+00:00,1468.6,1842.7,2129.4
2025-12-18 11:00:00+00:00,2027.7,1815.3,2103.8
2025-12-18 12:00:00+00:00,2251.5,1867.9,2104.6
2025-12-18 13:00:00+00:00,1437.5,2119.2,2150.8
2025-12-18 14:00:00+00:00,542.9,2263.7,2164.3
2025-12-18 15:00:00+00:00,37.4,2405.9,2172.6
2025-12-18 16:00:00+00:00,0.0,2615.6,2166.8
2025-12-18 17:00:00+00:00,0.0,2724.3,2163.9
2025-12-18 18:00:00+00:00,0.0,2700.7,2169.6
2025-12-18 19:00:00+00:00,0.0,2695.9,2174.0
2025-12-18 20:00:00+00:00,0.0,2660.9,2156.3
2025-12-18 21:00:00+00:00,0.0,2621.7,2150.8
2025-12-18 22:00:00+00:00,0.0,2497.5,2143.2
2025-12-18 23:00:00+00:00,0.0,2307.7,2086.4
2025-12-19 00:00:00+00:00,0.0,2183.9,1976.1
2025-12-19 01:00:00+00:00,0.0,2112.3,1772.2
2025-12-19 02:00:00+00:00,0.0,2020.4,1629.7
2025-12-19 03:00:00+00:00,0.0,1946.6,1281.2
2025-12-19 04:00:00+00:00,0.0,1806.7,855.8
2025-12-19 05:00:00+00:00,0.0,1533.7,971.8
2025-12-19 06:00:00+00:00,0.0,1257.0,703.5
2025-12-19 07:00:00+00:00,0.2,963.2,706.5
2025-12-19 08:00:00+00:00,125.2,781.1,605.7
2025-12-19 09:00:00+00:00,446.6,576.4,812.4
2025-12-19 10:00:00+00:00,734.7,451.5,1072.2
2025-12-19 11:00:00+00:00,1049.1,387.3,1179.4
2025-12-19 12:00:00+00:00,1276.1,351.3,1369.7
2025-12-19 13:00:00+00:00,906.2,286.6,1263.1
2025-12-19 14:00:00+00:00,402.9,249.5,1233.0
2025-12-19 15:00:00+00:00,33.6,317.4,1086.0
2025-12-19 16:00:00+00:00,0.0,476.1,833.8
2025-12-19 17:00:00+00:00,0.0,619.7,870.2
2025-12-19 18:00:00+00:00,0.0,638.4,906.2
2025-12-19 19:00:00+00:00,0.0,592.9,811.0
2025-12-19 20:00:00+00:00,0.0,579.0,745.3
2025-12-19 21:00:00+00:00,0.0,515.3,737.1
2025-12-19 22:00:00+00:00,0.0,416.8,534.6
2025-12-19 23:00:00+00:00,0.0,358.3,402.5
2025-12-20 00:00:00+00:00,0.0,258.8,363.9
2025-12-20 01:00:00+00:00,0.0,178.0,331.5
2025-12-20 02:00:00+00:00,0.0,139.3,229.4
2025-12-20 03:00:00+00:00,0.0,97.6,98.6
2025-12-20 04:00:00+00:00,0.0,77.0,43.8
2025-12-20 05:00:00+00:00,0.0,99.5,37.9
2025-12-20 06:00:00+00:00,0.0,149.6,30.0
2025-12-20 07:00:00+00:00,0.5,215.4,57.2
2025-12-20 08:00:00+00:00,223.2,340.3,69.5
2025-12-20 09:00:00+00:00,683.8,417.7,55.0
2025-12-20 10:00:00+00:00,887.3,442.3,67.8
2025-12-20 11:00:00+00:00,893.3,363.4,64.0
2025-12-20 12:00:00+00:00,703.5,292.7,120.8
2025-12-20 13:00:00+00:00,419.5,280.5,234.2
2025-12-20 14:00:00+00:00,138.0,294.7,358.0
2025-12-20 15:00:00+00:00,10.1,310.0,485.1
2025-12-20 16:00:00+00:00,0.0,356.0,430.2
2025-12-20 17:00:00+00:00,0.0,414.3,423.0
2025-12-20 18:00:00+00:00,0.0,434.9,465.3
2025-12-20 19:00:00+00:00,0.0,487.2,391.8
2025-12-20 20:00:00+00:00,0.0,506.4,404.4
2025-12-20 21:00:00+00:00,0.0,420.1,325.7
2025-12-20 22:00:00+00:00,0.0,397.1,297.9
2025-12-20 23:00:00+00:00,0.0,436.9,250.2
2025-12-21 00:00:00+00:00,0.0,581.0,190.9
2025-12-21 01:00:00+00:00,0.0,636.6,175.4
2025-12-21 02:00:00+00:00,0.0,586.8,207.6
2025-12-21 03:00:00+00:00,0.0,473.8,138.8
2025-12-21 04:00:00+00:00,0.0,437.0,86.6
2025-12-21 05:00:00+00:00,0.0,473.4,90.2
2025-12-21 06:00:00+00:00,0.0,445.7,149.1
2025-12-21 07:00:00+00:00,0.5,501.3,164.8
2025-12-21 08:00:00+00:00,232.5,559.7,210.1
2025-12-21 09:00:00+00:00,900.1,582.0,238.7
2025-12-21 10:00:00+00:00,1424.5,472.6,172.9
2025-12-21 11:00:00+00:00,1276.8,368.3,123.5
2025-12-21 12:00:00+00:00,1121.8,347.5,184.1
2025-12-21 13:00:00+00:00,986.9,376.2,238.9
2025-12-21 14:00:00+00:00,469.3,541.6,329.2
2025-12-21 15:00:00+00:00,40.7,885.4,495.2
2025-12-21 16:00:00+00:00,0.0,1250.2,748.1
2025-12-21 17:00:00+00:00,0.0,1448.4,763.4
2025-12-21 18:00:00+00:00,0.0,1406.4,715.1
2025-12-21 19:00:00+00:00,0.0,1257.7,1141.1
2025-12-21 20:00:00+00:00,0.0,1082.8,906.2
2025-12-21 21:00:00+00:00,0.0,958.9,899.1
2025-12-21 22:00:00+00:00,0.0,828.3,463.5
2025-12-21 23:00:00+00:00,0.0,678.9,481.3
2025-12-22 00:00:00+00:00,0.0,620.9,429.4
2025-12-22 01:00:00+00:00,0.0,667.5,244.7
2025-12-22 02:00:00+00:00,0.0,668.4,378.6
2025-12-22 03:00:00+00:00,0.0,600.7,336.8
2025-12-22 04:00:00+00:00,0.0,620.2,281.2
2025-12-22 05:00:00+00:00,0.0,561.4,289.5
2025-12-22 06:00:00+00:00,0.0,544.2,250.4
2025-12-22 07:00:00+00:00,0.4,463.1,124.0
2025-12-22 08:00:00+00:00,331.5,397.9,90.7
2025-12-22 09:00:00+00:00,1211.3,258.9,119.0
2025-12-22 10:00:00+00:00,2209.2,136.3,160.1
2025-12-22 11:00:00+00:00,2286.2,78.0,186.0
2025-12-22 12:00:00+00:00,1956.6,61.4,132.9
2025-12-22 13:00:00+00:00,1556.3,67.4,81.0
2025-12-22 14:00:00+00:00,890.1,106.6,76.7
2025-12-22 15:00:00+00:00,67.7,245.0,120.4
2025-12-22 16:00:00+00:00,0.0,414.2,456.8
2025-12-22 17:00:00+00:00,0.0,464.7,581.1
2025-12-22 18:00:00+00:00,0.0,510.3,592.5
2025-12-22 19:00:00+00:00,0.0,542.5,652.1
2025-12-22 20:00:00+00:00,0.0,534.1,877.4
2025-12-22 21:00:00+00:00,0.0,576.0,987.9
2025-12-22 22:00:00+00:00,0.0,606.3,1037.7
2025-12-22 23:00:00+00:00,0.0,598.7,1064.3
2025-12-23 00:00:00+00:00,0.0,642.9,822.9
2025-12-23 01:00:00+00:00,0.0,684.1,1144.1
2025-12-23 02:00:00+00:00,0.0,721.0,1295.8
2025-12-23 03:00:00+00:00,0.0,679.2,1273.9
2025-12-23 04:00:00+00:00,0.0,705.6,1109.4
2025-12-23 05:00:00+00:00,0.0,772.8,1218.3
2025-12-23 06:00:00+00:00,0.0,875.4,1239.6
2025-12-23 07:00:00+00:00,0.0,921.4,1391.4
2025-12-23 08:00:00+00:00,35.7,1055.8,1459.1
2025-12-23 09:00:00+00:00,175.8,1155.3,1489.4
2025-12-23 10:00:00+00:00,306.7,1137.0,1541.9
2025-12-23 11:00:00+00:00,355.0,1158.7,1594.7
2025-12-23 12:00:00+00:00,309.3,1287.5,1586.0
2025-12-23 13:00:00+00:00,204.6,1407.4,1607.4
2025-12-23 14:00:00+00:00,62.8,1429.3,1712.9
2025-12-23 15:00:00+00:00,0.6,1449.6,2006.5
2025-12-23 16:00:00+00:00,0.0,1454.8,2108.9
2025-12-23 17:00:00+00:00,0.0,1606.8,2126.0
2025-12-23 18:00:00+00:00,0.0,1712.1,2146.0
2025-12-23 19:00:00+00:00,0.0,1831.3,2154.7
2025-12-23 20:00:00+00:00,0.0,1906.5,2173.9
2025-12-23 21:00:00+00:00,0.0,1833.5,2169.1
2025-12-23 22:00:00+00:00,0.0,1820.3,2178.5
2025-12-23 23:00:00+00:00,0.0,1927.5,2179.9
2025-12-24 00:00:00+00:00,0.0,2119.3,2185.9
2025-12-24 01:00:00+00:00,0.0,2261.2,2181.7
2025-12-24 02:00:00+00:00,0.0,2193.5,2066.5
2025-12-24 03:00:00+00:00,0.0,2243.3,1993.0
2025-12-24 04:00:00+00:00,0.0,2201.9,2108.9
2025-12-24 05:00:00+00:00,0.0,2154.8,2184.6
2025-12-24 06:00:00+00:00,0.0,2217.5,2157.6
2025-12-24 07:00:00+00:00,1.8,2358.9,2185.6
2025-12-24 08:00:00+00:00,714.5,2390.5,2179.8
2025-12-24 09:00:00+00:00,2210.5,2363.7,2188.2
2025-12-24 10:00:00+00:00,3386.6,2163.6,2133.0
2025-12-24 11:00:00+00:00,3957.8,2127.0,2187.6
2025-12-24 12:00:00+00:00,3739.5,2188.1,2172.7
2025-12-24 13:00:00+00:00,2823.1,2192.8,2159.0
2025-12-24 14:00:00+00:00,1356.4,2202.0,2179.7
2025-12-24 15:00:00+00:00,152.2,2443.5,2185.9
2025-12-24 16:00:00+00:00,0.0,2545.3,2186.7
2025-12-24 17:00:00+00:00,0.0,2601.7,2157.5
2025-12-24 18:00:00+00:00,0.0,2502.3,2120.3
2025-12-24 19:00:00+00:00,0.0,2523.7,2121.5
2025-12-24 20:00:00+00:00,0.0,2659.7,2189.2
2025-12-24 21:00:00+00:00,0.0,2694.7,2183.9
2025-12-24 22:00:00+00:00,0.0,2705.1,2186.5
2025-12-24 23:00:00+00:00,0.0,2686.6,2187.3
2025-12-25 00:00:00+00:00,0.0,2672.9,2187.2
2025-12-25 01:00:00+00:00,0.0,2653.5,2187.2
2025-12-25 02:00:00+00:00,0.0,2517.9,2187.3
2025-12-25 03:00:00+00:00,0.0,2337.5,2187.3
2025-12-25 04:00:00+00:00,0.0,2296.1,2182.3
2025-12-25 05:00:00+00:00,0.0,2286.4,2181.8
2025-12-25 06:00:00+00:00,0.0,2301.7,2175.1
2025-12-25 07:00:00+00:00,1.0,2230.5,2178.0
2025-12-25 08:00:00+00:00,710.5,2051.5,2176.9
2025-12-25 09:00:00+00:00,2168.6,1859.2,2172.7
2025-12-25 10:00:00+00:00,3252.9,1662.4,2168.9
2025-12-25 11:00:00+00:00,3743.3,1400.9,2166.8
2025-12-25 12:00:00+00:00,3550.4,1140.8,2049.9
2025-12-25 13:00:00+00:00,2633.5,1016.4,1873.1
2025-12-25 14:00:00+00:00,1151.4,955.5,1999.0
2025-12-25 15:00:00+00:00,115.7,1126.0,2002.3
2025-12-25 16:00:00+00:00,0.0,1224.5,1992.3
2025-12-25 17:00:00+00:00,0.0,1234.2,1869.9
2025-12-25 18:00:00+00:00,0.0,1102.5,1594.5
2025-12-25 19:00:00+00:00,0.0,995.0,1390.8
2025-12-25 20:00:00+00:00,0.0,1015.1,1358.4
2025-12-25 21:00:00+00:00,0.0,974.8,1198.1
2025-12-25 22:00:00+00:00,0.0,970.9,811.2
2025-12-25 23:00:00+00:00,0.0,1008.1,802.9
2025-12-26 00:00:00+00:00,0.0,1062.2,778.3
2025-12-26 01:00:00+00:00,0.0,991.2,911.9
2025-12-26 02:00:00+00:00,0.0,1037.1,797.4
2025-12-26 03:00:00+00:00,0.0,1036.4,758.9
2025-12-26 04:00:00+00:00,0.0,951.6,750.4
2025-12-26 05:00:00+00:00,0.0,971.8,679.3
2025-12-26 06:00:00+00:00,0.0,1017.3,854.1
2025-12-26 07:00:00+00:00,1.3,1038.0,909.7
2025-12-26 08:00:00+00:00,684.3,884.1,885.1
2025-12-26 09:00:00+00:00,2067.8,699.9,875.8
2025-12-26 10:00:00+00:00,3352.3,554.0,937.5
2025-12-26 11:00:00+00:00,3904.7,478.3,877.8
2025-12-26 12:00:00+00:00,3724.2,387.3,821.2
2025-12-26 13:00:00+00:00,2768.6,397.2,1065.7
2025-12-26 14:00:00+00:00,1356.8,456.1,1248.1
2025-12-26 15:00:00+00:00,131.6,750.7,1076.2
2025-12-26 16:00:00+00:00,0.0,1085.7,1009.2
2025-12-26 17:00:00+00:00,0.0,1304.6,1035.8
2025-12-26 18:00:00+00:00,0.0,1359.7,1084.3
2025-12-26 19:00:00+00:00,0.0,1244.3,826.0
2025-12-26 20:00:00+00:00,0.0,1219.0,549.7
2025-12-26 21:00:00+00:00,0.0,1180.1,598.5
2025-12-26 22:00:00+00:00,0.0,1178.8,726.0
2025-12-26 23:00:00+00:00,0.0,1179.8,580.6
2025-12-27 00:00:00+00:00,0.0,1130.4,598.9
2025-12-27 01:00:00+00:00,0.0,1187.7,867.5
2025-12-27 02:00:00+00:00,0.0,1323.8,792.5
2025-12-27 03:00:00+00:00,0.0,1311.1,863.8
2025-12-27 04:00:00+00:00,0.0,1302.6,785.4
2025-12-27 05:00:00+00:00,0.0,1380.8,1002.8
2025-12-27 06:00:00+00:00,0.0,1495.2,1130.4
2025-12-27 07:00:00+00:00,1.6,1513.4,1405.9
2025-12-27 08:00:00+00:00,767.4,1495.4,1930.0
2025-12-27 09:00:00+00:00,2172.2,1217.4,2086.1
2025-12-27 10:00:00+00:00,3318.5,844.6,2056.5
2025-12-27 11:00:00+00:00,3790.7,633.8,1984.4
2025-12-27 12:00:00+00:00,3679.0,583.9,1880.6
2025-12-27 13:00:00+00:00,2718.0,634.8,1740.2
2025-12-27 14:00:00+00:00,1336.6,770.7,1471.9
2025-12-27 15:00:00+00:00,129.8,927.0,1664.8
2025-12-27 16:00:00+00:00,0.0,1070.9,1781.4
2025-12-27 17:00:00+00:00,0.0,996.8,1439.8
2025-12-27 18:00:00+00:00,0.0,785.0,1081.3
2025-12-27 19:00:00+00:00,0.0,575.4,885.2
2025-12-27 20:00:00+00:00,0.0,507.1,891.6
2025-12-27 21:00:00+00:00,0.0,589.6,696.7
2025-12-27 22:00:00+00:00,0.0,506.6,746.3
2025-12-27 23:00:00+00:00,0.0,465.6,822.0
2025-12-28 00:00:00+00:00,0.0,536.3,696.8
2025-12-28 01:00:00+00:00,0.0,671.5,720.8
2025-12-28 02:00:00+00:00,0.0,760.6,789.3
2025-12-28 03:00:00+00:00,0.0,665.5,798.0
2025-12-28 04:00:00+00:00,0.0,488.5,577.9
2025-12-28 05:00:00+00:00,0.0,414.5,394.3
2025-12-28 06:00:00+00:00,0.0,456.2,410.2
2025-12-28 07:00:00+00:00,0.8,471.9,418.1
2025-12-28 08:00:00+00:00,276.4,437.3,429.0
2025-12-28 09:00:00+00:00,1208.7,409.6,459.1
2025-12-28 10:00:00+00:00,2446.0,338.9,521.0
2025-12-28 11:00:00+00:00,3462.1,435.0,570.1
2025-12-28 12:00:00+00:00,3643.9,549.0,699.1
2025-12-28 13:00:00+00:00,2842.0,569.6,807.4
2025-12-28 14:00:00+00:00,1409.3,583.7,1003.2
2025-12-28 15:00:00+00:00,162.1,754.6,756.1
2025-12-28 16:00:00+00:00,0.0,1046.4,615.2
2025-12-28 17:00:00+00:00,0.0,1174.0,446.4
2025-12-28 18:00:00+00:00,0.0,1131.8,339.7
2025-12-28 19:00:00+00:00,0.0,1002.3,153.2
2025-12-28 20:00:00+00:00,0.0,863.9,161.9
2025-12-28 21:00:00+00:00,0.0,706.2,226.3
2025-12-28 22:00:00+00:00,0.0,576.3,375.9
2025-12-28 23:00:00+00:00,0.0,619.8,381.4
2025-12-29 00:00:00+00:00,0.0,734.7,463.5
2025-12-29 01:00:00+00:00,0.0,710.9,513.1
2025-12-29 02:00:00+00:00,0.0,612.4,426.8
2025-12-29 03:00:00+00:00,0.0,560.0,362.8
2025-12-29 04:00:00+00:00,0.0,457.6,425.0
2025-12-29 05:00:00+00:00,0.0,352.8,507.7
2025-12-29 06:00:00+00:00,0.0,354.7,530.2
2025-12-29 07:00:00+00:00,1.4,432.6,461.6
2025-12-29 08:00:00+00:00,85.5,409.4,345.1
2025-12-29 09:00:00+00:00,312.1,266.6,280.9
2025-12-29 10:00:00+00:00,487.3,193.0,195.7
2025-12-29 11:00:00+00:00,584.7,202.0,203.8
2025-12-29 12:00:00+00:00,492.4,233.0,303.4
2025-12-29 13:00:00+00:00,338.1,221.1,402.9
2025-12-29 14:00:00+00:00,150.9,232.2,495.6
2025-12-29 15:00:00+00:00,13.0,176.3,570.8
2025-12-29 16:00:00+00:00,0.0,143.1,545.9
2025-12-29 17:00:00+00:00,0.0,183.5,470.3
2025-12-29 18:00:00+00:00,0.0,198.4,428.9
2025-12-29 19:00:00+00:00,0.0,328.9,789.3
2025-12-29 20:00:00+00:00,0.0,421.2,1109.8
2025-12-29 21:00:00+00:00,0.0,532.0,910.6
2025-12-29 22:00:00+00:00,0.0,638.1,1264.5
2025-12-29 23:00:00+00:00,0.0,785.2,1204.6
2025-12-30 00:00:00+00:00,0.0,784.0,1260.2
2025-12-30 01:00:00+00:00,0.0,787.9,1065.3
2025-12-30 02:00:00+00:00,0.0,861.2,1003.9
2025-12-30 03:00:00+00:00,0.0,932.9,1127.3
2025-12-30 04:00:00+00:00,0.0,978.7,1185.1
2025-12-30 05:00:00+00:00,0.0,975.6,998.7
2025-12-30 06:00:00+00:00,0.0,932.9,1011.7
2025-12-30 07:00:00+00:00,1.1,900.1,843.3
2025-12-30 08:00:00+00:00,598.7,835.6,838.2
2025-12-30 09:00:00+00:00,1861.2,643.8,662.1
2025-12-30 10:00:00+00:00,3172.6,440.7,609.8
2025-12-30 11:00:00+00:00,3636.4,299.4,436.8
2025-12-30 12:00:00+00:00,3365.6,285.3,487.9
2025-12-30 13:00:00+00:00,2219.4,331.4,387.2
2025-12-30 14:00:00+00:00,1000.4,331.3,363.0
2025-12-30 15:00:00+00:00,118.5,364.4,367.2
2025-12-30 16:00:00+00:00,0.0,440.7,326.5
2025-12-30 17:00:00+00:00,0.0,547.5,423.3
2025-12-30 18:00:00+00:00,0.0,560.3,357.8
2025-12-30 19:00:00+00:00,0.0,516.8,467.1
2025-12-30 20:00:00+00:00,0.0,444.9,356.4
2025-12-30 21:00:00+00:00,0.0,360.7,186.9
2025-12-30 22:00:00+00:00,0.0,315.9,293.5
2025-12-30 23:00:00+00:00,0.0,230.0,205.5
2025-12-31 00:00:00+00:00,0.0,201.5,216.1
2025-12-31 01:00:00+00:00,0.0,210.0,252.8
2025-12-31 02:00:00+00:00,0.0,259.5,255.8
2025-12-31 03:00:00+00:00,0.0,334.8,384.5
2025-12-31 04:00:00+00:00,0.0,394.1,454.4
2025-12-31 05:00:00+00:00,0.0,425.2,438.3
2025-12-31 06:00:00+00:00,0.0,378.4,544.7
2025-12-31 07:00:00+00:00,0.1,306.5,683.6
2025-12-31 08:00:00+00:00,216.5,332.5,681.2
2025-12-31 09:00:00+00:00,668.2,358.8,638.5
2025-12-31 10:00:00+00:00,1119.0,381.5,547.3
2025-12-31 11:00:00+00:00,1172.8,355.0,669.7
2025-12-31 12:00:00+00:00,1108.7,325.3,772.7
2025-12-31 13:00:00+00:00,814.7,443.7,962.2
2025-12-31 14:00:00+00:00,352.8,485.5,1180.0
2025-12-31 15:00:00+00:00,35.7,578.4,1097.7
2025-12-31 16:00:00+00:00,0.0,642.9,1002.5
2025-12-31 17:00:00+00:00,0.0,786.6,1307.5
2025-12-31 18:00:00+00:00,0.0,950.1,1503.4
2025-12-31 19:00:00+00:00,0.0,966.2,1243.7
2025-12-31 20:00:00+00:00,0.0,1025.5,1009.0
2025-12-31 21:00:00+00:00,0.0,1114.3,1368.9
2025-12-31 22:00:00+00:00,0.0,1179.3,1677.7
2025-12-31 23:00:00+00:00,0.0,1226.4,1840.7
2026-01-01 00:00:00+00:00,0.0,1425.2,2135.8
2026-01-01 01:00:00+00:00,0.0,1497.0,2150.1
2026-01-01 02:00:00+00:00,0.0,1506.5,2155.3
2026-01-01 03:00:00+00:00,0.0,1639.8,2151.8
2026-01-01 04:00:00+00:00,0.0,1840.5,2110.9
2026-01-01 05:00:00+00:00,0.0,1901.4,2095.8
2026-01-01 06:00:00+00:00,0.0,2024.2,2107.3
2026-01-01 07:00:00+00:00,0.0,2040.6,2092.8
2026-01-01 08:00:00+00:00,73.2,2097.5,2132.5
2026-01-01 09:00:00+00:00,331.9,2252.6,2160.1
2026-01-01 10:00:00+00:00,682.4,2334.4,2161.9
2026-01-01 11:00:00+00:00,789.5,2392.7,2159.2
2026-01-01 12:00:00+00:00,313.7,2294.6,2152.3
2026-01-01 13:00:00+00:00,212.3,2144.5,2120.8
2026-01-01 14:00:00+00:00,84.1,1951.3,2098.3
2026-01-01 15:00:00+00:00,9.3,1888.3,2134.6
2026-01-01 16:00:00+00:00,0.0,1938.5,2150.5
2026-01-01 17:00:00+00:00,0.0,1962.7,2152.2
2026-01-01 18:00:00+00:00,0.0,1953.6,2155.6
2026-01-01 19:00:00+00:00,0.0,1992.6,2158.0
2026-01-01 20:00:00+00:00,0.0,2069.2,2156.9
2026-01-01 21:00:00+00:00,0.0,2091.2,2157.8
2026-01-01 22:00:00+00:00,0.0,2182.1,2154.4
