timestamp,shortwave_radiation,direct_normal_irradiance,wind_speed_10m,wind_speed_100m
2025-01-01 00:00:00+00:00,0.0,0.0,26.8,45.3
2025-01-01 01:00:00+00:00,0.0,0.0,27.1,46.0
2025-01-01 02:00:00+00:00,0.0,0.0,27.5,46.6
2025-01-01 03:00:00+00:00,0.0,0.0,28.2,47.7
2025-01-01 04:00:00+00:00,0.0,0.0,28.9,48.2
2025-01-01 05:00:00+00:00,0.0,0.0,28.7,48.4
2025-01-01 06:00:00+00:00,0.0,0.0,28.7,48.3
2025-01-01 07:00:00+00:00,0.0,0.0,29.3,48.5
2025-01-01 08:00:00+00:00,0.0,0.0,29.0,47.9
2025-01-01 09:00:00+00:00,0.0,0.0,28.6,47.5
2025-01-01 10:00:00+00:00,0.0,0.0,30.1,50.7
2025-01-01 11:00:00+00:00,11.0,0.0,30.7,50.0
2025-01-01 12:00:00+00:00,32.0,0.0,31.7,52.7
2025-01-01 13:00:00+00:00,36.0,0.0,33.1,54.8
2025-01-01 14:00:00+00:00,42.0,0.0,33.1,54.8
2025-01-01 15:00:00+00:00,34.0,0.0,33.8,56.0
2025-01-01 16:00:00+00:00,23.0,0.0,33.4,56.0
2025-01-01 17:00:00+00:00,12.0,0.0,32.9,56.2
2025-01-01 18:00:00+00:00,2.0,0.0,29.8,54.8
2025-01-01 19:00:00+00:00,0.0,0.0,30.3,55.6
2025-01-01 20:00:00+00:00,0.0,0.0,28.8,52.9
2025-01-01 21:00:00+00:00,0.0,0.0,28.7,50.0
2025-01-01 22:00:00+00:00,0.0,0.0,17.3,29.4
2025-01-01 23:00:00+00:00,0.0,0.0,17.4,30.2
2025-01-02 00:00:00+00:00,0.0,0.0,13.5,22.5
2025-01-02 01:00:00+00:00,0.0,0.0,13.8,24.2
2025-01-02 02:00:00+00:00,0.0,0.0,15.3,25.7
2025-01-02 03:00:00+00:00,0.0,0.0,16.0,26.0
2025-01-02 04:00:00+00:00,0.0,0.0,14.1,23.7
2025-01-02 05:00:00+00:00,0.0,0.0,13.1,22.5
2025-01-02 06:00:00+00:00,0.0,0.0,13.2,23.3
2025-01-02 07:00:00+00:00,0.0,0.0,11.1,21.2
2025-01-02 08:00:00+00:00,0.0,0.0,10.6,19.1
2025-01-02 09:00:00+00:00,0.0,0.0,9.1,17.1
2025-01-02 10:00:00+00:00,0.0,0.0,6.7,16.5
2025-01-02 11:00:00+00:00,39.0,224.5,7.0,13.0
2025-01-02 12:00:00+00:00,139.0,504.7,6.5,14.9
2025-01-02 13:00:00+00:00,203.0,581.5,8.2,12.4
2025-01-02 14:00:00+00:00,218.0,538.4,10.3,14.6
2025-01-02 15:00:00+00:00,208.0,529.6,9.4,14.9
2025-01-02 16:00:00+00:00,143.0,383.6,10.0,16.0
2025-01-02 17:00:00+00:00,92.0,367.1,10.0,19.3
2025-01-02 18:00:00+00:00,15.0,126.3,7.4,19.5
2025-01-02 19:00:00+00:00,0.0,0.0,9.3,22.0
2025-01-02 20:00:00+00:00,0.0,0.0,8.4,20.6
2025-01-02 21:00:00+00:00,0.0,0.0,8.6,21.5
2025-01-02 22:00:00+00:00,0.0,0.0,9.6,22.3
2025-01-02 23:00:00+00:00,0.0,0.0,10.4,24.2
2025-01-03 00:00:00+00:00,0.0,0.0,11.3,25.3
2025-01-03 01:00:00+00:00,0.0,0.0,10.3,23.7
2025-01-03 02:00:00+00:00,0.0,0.0,11.2,24.8
2025-01-03 03:00:00+00:00,0.0,0.0,12.6,26.1
2025-01-03 04:00:00+00:00,0.0,0.0,13.0,27.3
2025-01-03 05:00:00+00:00,0.0,0.0,13.3,27.6
2025-01-03 06:00:00+00:00,0.0,0.0,13.0,27.2
2025-01-03 07:00:00+00:00,0.0,0.0,13.0,26.9
2025-01-03 08:00:00+00:00,0.0,0.0,13.7,28.3
2025-01-03 09:00:00+00:00,0.0,0.0,13.5,28.4
2025-01-03 10:00:00+00:00,1.0,0.0,13.9,28.9
2025-01-03 11:00:00+00:00,51.0,347.6,15.4,28.6
2025-01-03 12:00:00+00:00,142.0,530.4,13.9,32.5
2025-01-03 13:00:00+00:00,221.0,680.5,15.4,25.0
2025-01-03 14:00:00+00:00,258.0,734.5,15.5,24.0
2025-01-03 15:00:00+00:00,144.0,179.1,13.8,22.2
2025-01-03 16:00:00+00:00,54.0,0.0,12.7,21.1
2025-01-03 17:00:00+00:00,79.0,252.8,13.6,24.0
2025-01-03 18:00:00+00:00,14.0,88.2,13.6,26.5
2025-01-03 19:00:00+00:00,0.0,0.0,13.9,27.6
2025-01-03 20:00:00+00:00,0.0,0.0,12.9,27.2
2025-01-03 21:00:00+00:00,0.0,0.0,12.2,26.7
2025-01-03 22:00:00+00:00,0.0,0.0,11.7,25.4
2025-01-03 23:00:00+00:00,0.0,0.0,11.2,24.3
2025-01-04 00:00:00+00:00,0.0,0.0,10.6,23.3
2025-01-04 01:00:00+00:00,0.0,0.0,9.9,21.8
2025-01-04 02:00:00+00:00,0.0,0.0,9.8,21.7
2025-01-04 03:00:00+00:00,0.0,0.0,9.5,21.7
2025-01-04 04:00:00+00:00,0.0,0.0,9.4,21.8
2025-01-04 05:00:00+00:00,0.0,0.0,10.2,22.1
2025-01-04 06:00:00+00:00,0.0,0.0,10.4,22.4
2025-01-04 07:00:00+00:00,0.0,0.0,8.9,21.0
2025-01-04 08:00:00+00:00,0.0,0.0,9.5,21.5
2025-01-04 09:00:00+00:00,0.0,0.0,10.3,22.5
2025-01-04 10:00:00+00:00,0.0,0.0,10.3,22.4
2025-01-04 11:00:00+00:00,33.0,24.7,10.4,20.6
2025-01-04 12:00:00+00:00,105.0,106.6,9.1,19.7
2025-01-04 13:00:00+00:00,133.0,52.7,8.7,14.5
2025-01-04 14:00:00+00:00,130.0,25.2,8.6,13.4
2025-01-04 15:00:00+00:00,137.0,33.3,8.2,12.4
2025-01-04 16:00:00+00:00,103.0,44.8,6.9,10.5
2025-01-04 17:00:00+00:00,57.0,21.3,4.4,10.3
2025-01-04 18:00:00+00:00,12.0,0.0,4.8,12.5
2025-01-04 19:00:00+00:00,0.0,0.0,6.1,16.7
2025-01-04 20:00:00+00:00,0.0,0.0,7.4,18.4
2025-01-04 21:00:00+00:00,0.0,0.0,8.9,20.4
2025-01-04 22:00:00+00:00,0.0,0.0,9.4,20.5
2025-01-04 23:00:00+00:00,0.0,0.0,9.7,20.0
2025-01-05 00:00:00+00:00,0.0,0.0,11.7,22.7
2025-01-05 01:00:00+00:00,0.0,0.0,12.0,23.1
2025-01-05 02:00:00+00:00,0.0,0.0,12.2,22.6
2025-01-05 03:00:00+00:00,0.0,0.0,12.7,22.7
2025-01-05 04:00:00+00:00,0.0,0.0,13.2,23.3
2025-01-05 05:00:00+00:00,0.0,0.0,16.3,28.1
2025-01-05 06:00:00+00:00,0.0,0.0,15.1,26.5
2025-01-05 07:00:00+00:00,0.0,0.0,11.4,20.8
2025-01-05 08:00:00+00:00,0.0,0.0,13.0,23.9
2025-01-05 09:00:00+00:00,0.0,0.0,10.8,21.7
2025-01-05 10:00:00+00:00,0.0,0.0,7.8,22.6
2025-01-05 11:00:00+00:00,5.0,0.0,27.0,47.6
2025-01-05 12:00:00+00:00,20.0,0.0,28.6,49.4
2025-01-05 13:00:00+00:00,24.0,0.0,31.0,52.5
2025-01-05 14:00:00+00:00,34.0,0.0,30.5,51.1
2025-01-05 15:00:00+00:00,26.0,0.0,29.7,50.3
2025-01-05 16:00:00+00:00,23.0,0.0,29.7,49.7
2025-01-05 17:00:00+00:00,14.0,0.0,28.1,47.4
2025-01-05 18:00:00+00:00,4.0,0.0,26.1,44.7
2025-01-05 19:00:00+00:00,0.0,0.0,25.0,43.2
2025-01-05 20:00:00+00:00,0.0,0.0,27.8,47.5
2025-01-05 21:00:00+00:00,0.0,0.0,28.0,47.9
2025-01-05 22:00:00+00:00,0.0,0.0,27.7,47.4
2025-01-05 23:00:00+00:00,0.0,0.0,27.4,46.4
2025-01-06 00:00:00+00:00,0.0,0.0,27.9,48.2
2025-01-06 01:00:00+00:00,0.0,0.0,27.9,48.6
2025-01-06 02:00:00+00:00,0.0,0.0,28.4,48.9
2025-01-06 03:00:00+00:00,0.0,0.0,27.9,47.5
2025-01-06 04:00:00+00:00,0.0,0.0,27.0,46.1
2025-01-06 05:00:00+00:00,0.0,0.0,28.4,48.1
2025-01-06 06:00:00+00:00,0.0,0.0,28.5,48.7
2025-01-06 07:00:00+00:00,0.0,0.0,28.8,49.2
2025-01-06 08:00:00+00:00,0.0,0.0,28.9,49.7
2025-01-06 09:00:00+00:00,0.0,0.0,30.1,51.3
2025-01-06 10:00:00+00:00,0.0,0.0,32.4,54.6
2025-01-06 11:00:00+00:00,19.0,0.0,33.4,55.6
2025-01-06 12:00:00+00:00,49.0,0.0,31.6,52.2
2025-01-06 13:00:00+00:00,105.0,36.0,34.3,56.4
2025-01-06 14:00:00+00:00,45.0,0.0,38.6,62.2
2025-01-06 15:00:00+00:00,42.0,0.0,38.0,61.1
2025-01-06 16:00:00+00:00,52.0,0.0,35.0,56.7
2025-01-06 17:00:00+00:00,78.0,198.9,29.9,48.7
2025-01-06 18:00:00+00:00,19.0,131.8,26.9,45.1
2025-01-06 19:00:00+00:00,0.0,0.0,24.5,41.9
2025-01-06 20:00:00+00:00,0.0,0.0,23.3,40.4
2025-01-06 21:00:00+00:00,0.0,0.0,22.3,38.5
2025-01-06 22:00:00+00:00,0.0,0.0,20.4,35.1
2025-01-06 23:00:00+00:00,0.0,0.0,20.6,35.4
2025-01-07 00:00:00+00:00,0.0,0.0,19.8,34.0
2025-01-07 01:00:00+00:00,0.0,0.0,19.6,34.2
2025-01-07 02:00:00+00:00,0.0,0.0,20.1,35.3
2025-01-07 03:00:00+00:00,0.0,0.0,20.3,35.4
2025-01-07 04:00:00+00:00,0.0,0.0,19.1,33.3
2025-01-07 05:00:00+00:00,0.0,0.0,20.1,34.8
2025-01-07 06:00:00+00:00,0.0,0.0,20.2,35.0
2025-01-07 07:00:00+00:00,0.0,0.0,19.4,33.5
2025-01-07 08:00:00+00:00,0.0,0.0,20.2,35.3
2025-01-07 09:00:00+00:00,0.0,0.0,19.2,33.3
2025-01-07 10:00:00+00:00,1.0,0.0,18.3,32.7
2025-01-07 11:00:00+00:00,54.0,386.2,18.1,32.1
2025-01-07 12:00:00+00:00,149.0,577.0,14.8,25.0
2025-01-07 13:00:00+00:00,230.0,712.0,21.0,33.3
2025-01-07 14:00:00+00:00,177.0,179.8,17.6,27.9
2025-01-07 15:00:00+00:00,128.0,47.0,17.2,27.5
2025-01-07 16:00:00+00:00,85.0,69.5,14.4,24.8
2025-01-07 17:00:00+00:00,33.0,0.0,20.1,34.4
2025-01-07 18:00:00+00:00,18.0,96.6,19.7,35.1
2025-01-07 19:00:00+00:00,0.0,0.0,19.4,34.5
2025-01-07 20:00:00+00:00,0.0,0.0,16.0,29.6
2025-01-07 21:00:00+00:00,0.0,0.0,15.2,29.5
2025-01-07 22:00:00+00:00,0.0,0.0,17.1,31.9
2025-01-07 23:00:00+00:00,0.0,0.0,16.7,32.4
2025-01-08 00:00:00+00:00,0.0,0.0,16.5,32.3
2025-01-08 01:00:00+00:00,0.0,0.0,15.3,30.8
2025-01-08 02:00:00+00:00,0.0,0.0,14.0,29.6
2025-01-08 03:00:00+00:00,0.0,0.0,14.2,28.2
2025-01-08 04:00:00+00:00,0.0,0.0,14.3,29.1
2025-01-08 05:00:00+00:00,0.0,0.0,13.7,28.8
2025-01-08 06:00:00+00:00,0.0,0.0,13.0,28.1
2025-01-08 07:00:00+00:00,0.0,0.0,10.9,25.0
2025-01-08 08:00:00+00:00,0.0,0.0,11.0,24.3
2025-01-08 09:00:00+00:00,0.0,0.0,12.2,25.7
2025-01-08 10:00:00+00:00,1.0,0.0,11.1,24.5
2025-01-08 11:00:00+00:00,43.0,95.7,12.5,24.4
2025-01-08 12:00:00+00:00,97.0,59.9,7.7,20.8
2025-01-08 13:00:00+00:00,140.0,79.0,8.5,14.8
2025-01-08 14:00:00+00:00,93.0,3.5,6.3,11.8
2025-01-08 15:00:00+00:00,124.0,14.3,4.2,5.9
2025-01-08 16:00:00+00:00,66.0,4.3,5.4,8.3
2025-01-08 17:00:00+00:00,23.0,0.0,6.6,13.7
2025-01-08 18:00:00+00:00,4.0,0.0,8.2,18.0
2025-01-08 19:00:00+00:00,0.0,0.0,9.8,16.3
2025-01-08 20:00:00+00:00,0.0,0.0,12.3,23.4
2025-01-08 21:00:00+00:00,0.0,0.0,16.3,28.4
2025-01-08 22:00:00+00:00,0.0,0.0,16.7,30.8
2025-01-08 23:00:00+00:00,0.0,0.0,17.7,31.6
2025-01-09 00:00:00+00:00,0.0,0.0,16.5,29.4
2025-01-09 01:00:00+00:00,0.0,0.0,16.0,28.8
2025-01-09 02:00:00+00:00,0.0,0.0,12.5,23.2
2025-01-09 03:00:00+00:00,0.0,0.0,12.3,23.2
2025-01-09 04:00:00+00:00,0.0,0.0,12.1,22.0
2025-01-09 05:00:00+00:00,0.0,0.0,12.5,23.0
2025-01-09 06:00:00+00:00,0.0,0.0,12.3,23.5
2025-01-09 07:00:00+00:00,0.0,0.0,12.5,23.1
2025-01-09 08:00:00+00:00,0.0,0.0,12.1,22.4
2025-01-09 09:00:00+00:00,0.0,0.0,15.5,27.3
2025-01-09 10:00:00+00:00,0.0,0.0,15.3,27.3
2025-01-09 11:00:00+00:00,13.0,0.0,11.7,22.1
2025-01-09 12:00:00+00:00,49.0,0.0,7.4,17.0
2025-01-09 13:00:00+00:00,106.0,0.0,8.9,18.1
2025-01-09 14:00:00+00:00,203.0,128.5,9.3,18.5
2025-01-09 15:00:00+00:00,236.0,437.2,11.9,24.2
2025-01-09 16:00:00+00:00,135.0,131.5,13.4,25.8
2025-01-09 17:00:00+00:00,92.0,136.3,12.9,27.0
2025-01-09 18:00:00+00:00,28.0,214.8,13.3,29.2
2025-01-09 19:00:00+00:00,0.0,0.0,13.2,29.7
2025-01-09 20:00:00+00:00,0.0,0.0,16.0,33.0
2025-01-09 21:00:00+00:00,0.0,0.0,16.4,32.4
2025-01-09 22:00:00+00:00,0.0,0.0,15.9,31.7
2025-01-09 23:00:00+00:00,0.0,0.0,15.5,32.0
2025-01-10 00:00:00+00:00,0.0,0.0,16.2,32.5
2025-01-10 01:00:00+00:00,0.0,0.0,16.5,32.1
2025-01-10 02:00:00+00:00,0.0,0.0,15.8,31.1
2025-01-10 03:00:00+00:00,0.0,0.0,16.5,31.9
2025-01-10 04:00:00+00:00,0.0,0.0,14.7,29.6
2025-01-10 05:00:00+00:00,0.0,0.0,15.4,29.8
2025-01-10 06:00:00+00:00,0.0,0.0,13.4,28.4
2025-01-10 07:00:00+00:00,0.0,0.0,11.9,26.0
2025-01-10 08:00:00+00:00,0.0,0.0,11.3,25.3
2025-01-10 09:00:00+00:00,0.0,0.0,10.8,23.6
2025-01-10 10:00:00+00:00,1.0,0.0,10.8,23.5
2025-01-10 11:00:00+00:00,57.0,375.0,9.3,23.3
2025-01-10 12:00:00+00:00,157.0,588.3,7.2,24.1
2025-01-10 13:00:00+00:00,236.0,695.6,8.5,21.3
2025-01-10 14:00:00+00:00,275.0,736.9,8.3,16.8
2025-01-10 15:00:00+00:00,263.0,725.3,8.3,13.8
2025-01-10 16:00:00+00:00,212.0,675.0,7.9,12.7
2025-01-10 17:00:00+00:00,120.0,515.7,7.5,16.5
2025-01-10 18:00:00+00:00,27.0,209.5,7.2,18.7
2025-01-10 19:00:00+00:00,0.0,0.0,6.8,17.9
2025-01-10 20:00:00+00:00,0.0,0.0,6.9,17.9
2025-01-10 21:00:00+00:00,0.0,0.0,7.7,19.7
2025-01-10 22:00:00+00:00,0.0,0.0,7.6,19.6
2025-01-10 23:00:00+00:00,0.0,0.0,7.8,19.1
2025-01-11 00:00:00+00:00,0.0,0.0,7.1,18.1
2025-01-11 01:00:00+00:00,0.0,0.0,8.0,19.3
2025-01-11 02:00:00+00:00,0.0,0.0,7.6,18.9
2025-01-11 03:00:00+00:00,0.0,0.0,6.2,17.7
2025-01-11 04:00:00+00:00,0.0,0.0,5.5,17.1
2025-01-11 05:00:00+00:00,0.0,0.0,8.9,16.3
2025-01-11 06:00:00+00:00,0.0,0.0,10.1,21.1
2025-01-11 07:00:00+00:00,0.0,0.0,9.5,16.1
2025-01-11 08:00:00+00:00,0.0,0.0,7.8,14.1
2025-01-11 09:00:00+00:00,0.0,0.0,6.2,10.2
2025-01-11 10:00:00+00:00,1.0,0.0,4.7,6.7
2025-01-11 11:00:00+00:00,33.0,23.2,4.6,5.4
2025-01-11 12:00:00+00:00,83.0,31.8,5.1,6.2
2025-01-11 13:00:00+00:00,126.0,96.3,5.5,7.5
2025-01-11 14:00:00+00:00,163.0,109.2,5.7,7.6
2025-01-11 15:00:00+00:00,164.0,129.0,6.5,8.3
2025-01-11 16:00:00+00:00,150.0,219.5,7.1,9.0
2025-01-11 17:00:00+00:00,93.0,187.3,7.0,11.7
2025-01-11 18:00:00+00:00,25.0,131.4,7.1,16.8
2025-01-11 19:00:00+00:00,0.0,0.0,9.0,19.9
2025-01-11 20:00:00+00:00,0.0,0.0,9.4,20.2
2025-01-11 21:00:00+00:00,0.0,0.0,9.3,19.1
2025-01-11 22:00:00+00:00,0.0,0.0,9.9,19.8
2025-01-11 23:00:00+00:00,0.0,0.0,8.2,18.2
2025-01-12 00:00:00+00:00,0.0,0.0,7.1,15.8
2025-01-12 01:00:00+00:00,0.0,0.0,5.0,13.5
2025-01-12 02:00:00+00:00,0.0,0.0,3.2,9.5
2025-01-12 03:00:00+00:00,0.0,0.0,5.2,12.8
2025-01-12 04:00:00+00:00,0.0,0.0,5.0,13.2
2025-01-12 05:00:00+00:00,0.0,0.0,5.1,13.2
2025-01-12 06:00:00+00:00,0.0,0.0,4.3,11.3
2025-01-12 07:00:00+00:00,0.0,0.0,3.2,9.5
2025-01-12 08:00:00+00:00,0.0,0.0,2.3,6.3
2025-01-12 09:00:00+00:00,0.0,0.0,2.1,5.0
2025-01-12 10:00:00+00:00,0.0,0.0,2.8,2.9
2025-01-12 11:00:00+00:00,24.0,34.3,5.1,5.4
2025-01-12 12:00:00+00:00,71.0,52.4,5.3,7.4
2025-01-12 13:00:00+00:00,116.0,84.0,5.5,9.8
2025-01-12 14:00:00+00:00,120.0,30.4,3.8,11.1
2025-01-12 15:00:00+00:00,184.0,269.2,2.7,10.4
2025-01-12 16:00:00+00:00,160.0,339.3,2.4,6.3
2025-01-12 17:00:00+00:00,112.0,385.5,2.8,6.3
2025-01-12 18:00:00+00:00,29.0,185.0,4.1,8.7
2025-01-12 19:00:00+00:00,0.0,0.0,5.1,12.2
2025-01-12 20:00:00+00:00,0.0,0.0,5.7,14.7
2025-01-12 21:00:00+00:00,0.0,0.0,5.5,16.3
2025-01-12 22:00:00+00:00,0.0,0.0,5.8,16.4
2025-01-12 23:00:00+00:00,0.0,0.0,4.0,12.6
2025-01-13 00:00:00+00:00,0.0,0.0,2.9,9.9
2025-01-13 01:00:00+00:00,0.0,0.0,3.9,9.2
2025-01-13 02:00:00+00:00,0.0,0.0,3.7,10.6
2025-01-13 03:00:00+00:00,0.0,0.0,4.5,8.6
2025-01-13 04:00:00+00:00,0.0,0.0,4.6,10.8
2025-01-13 05:00:00+00:00,0.0,0.0,5.5,14.2
2025-01-13 06:00:00+00:00,0.0,0.0,4.8,12.1
2025-01-13 07:00:00+00:00,0.0,0.0,4.7,9.3
2025-01-13 08:00:00+00:00,0.0,0.0,4.4,8.4
2025-01-13 09:00:00+00:00,0.0,0.0,3.5,7.3
2025-01-13 10:00:00+00:00,1.0,0.0,2.3,5.0
2025-01-13 11:00:00+00:00,60.0,380.3,4.3,5.6
2025-01-13 12:00:00+00:00,162.0,595.4,3.4,6.8
2025-01-13 13:00:00+00:00,243.0,707.2,2.4,6.0
2025-01-13 14:00:00+00:00,284.0,754.1,4.1,5.9
2025-01-13 15:00:00+00:00,278.0,751.6,6.9,10.1
2025-01-13 16:00:00+00:00,227.0,710.2,5.0,7.3
2025-01-13 17:00:00+00:00,139.0,587.7,2.2,5.9
2025-01-13 18:00:00+00:00,37.0,291.4,2.9,7.7
2025-01-13 19:00:00+00:00,0.0,0.0,2.7,7.3
2025-01-13 20:00:00+00:00,0.0,0.0,4.4,9.9
2025-01-13 21:00:00+00:00,0.0,0.0,6.0,11.7
2025-01-13 22:00:00+00:00,0.0,0.0,5.0,13.0
2025-01-13 23:00:00+00:00,0.0,0.0,5.1,13.3
2025-01-14 00:00:00+00:00,0.0,0.0,5.1,13.6
2025-01-14 01:00:00+00:00,0.0,0.0,5.0,13.7
2025-01-14 02:00:00+00:00,0.0,0.0,5.8,15.2
2025-01-14 03:00:00+00:00,0.0,0.0,7.3,20.5
2025-01-14 04:00:00+00:00,0.0,0.0,6.9,20.6
2025-01-14 05:00:00+00:00,0.0,0.0,6.0,18.0
2025-01-14 06:00:00+00:00,0.0,0.0,5.7,17.2
2025-01-14 07:00:00+00:00,0.0,0.0,7.0,19.5
2025-01-14 08:00:00+00:00,0.0,0.0,8.5,22.0
2025-01-14 09:00:00+00:00,0.0,0.0,9.3,23.0
2025-01-14 10:00:00+00:00,2.0,0.0,10.3,23.5
2025-01-14 11:00:00+00:00,44.0,76.6,11.5,28.1
2025-01-14 12:00:00+00:00,155.0,527.0,9.9,26.4
2025-01-14 13:00:00+00:00,211.0,550.5,8.0,14.2
2025-01-14 14:00:00+00:00,218.0,431.5,8.7,16.1
2025-01-14 15:00:00+00:00,179.0,348.1,10.1,19.7
2025-01-14 16:00:00+00:00,144.0,270.8,9.4,19.0
2025-01-14 17:00:00+00:00,92.0,235.0,10.8,22.1
2025-01-14 18:00:00+00:00,31.0,175.8,7.4,19.8
2025-01-14 19:00:00+00:00,0.0,0.0,8.9,21.6
2025-01-14 20:00:00+00:00,0.0,0.0,10.1,22.4
2025-01-14 21:00:00+00:00,0.0,0.0,10.6,21.7
2025-01-14 22:00:00+00:00,0.0,0.0,9.7,20.7
2025-01-14 23:00:00+00:00,0.0,0.0,10.4,21.9
2025-01-15 00:00:00+00:00,0.0,0.0,9.4,21.0
2025-01-15 01:00:00+00:00,0.0,0.0,7.7,17.9
2025-01-15 02:00:00+00:00,0.0,0.0,8.3,18.5
2025-01-15 03:00:00+00:00,0.0,0.0,7.0,14.2
2025-01-15 04:00:00+00:00,0.0,0.0,8.1,15.8
2025-01-15 05:00:00+00:00,0.0,0.0,7.2,14.6
2025-01-15 06:00:00+00:00,0.0,0.0,8.1,15.5
2025-01-15 07:00:00+00:00,0.0,0.0,7.6,15.7
2025-01-15 08:00:00+00:00,0.0,0.0,6.5,14.4
2025-01-15 09:00:00+00:00,0.0,0.0,3.9,11.4
2025-01-15 10:00:00+00:00,0.0,0.0,4.1,9.6
2025-01-15 11:00:00+00:00,16.0,0.0,4.5,8.0
2025-01-15 12:00:00+00:00,44.0,5.1,3.9,5.0
2025-01-15 13:00:00+00:00,104.0,89.0,5.4,5.8
2025-01-15 14:00:00+00:00,98.0,39.4,4.7,6.2
2025-01-15 15:00:00+00:00,84.0,10.0,3.8,4.9
2025-01-15 16:00:00+00:00,55.0,7.9,3.3,4.9
2025-01-15 17:00:00+00:00,48.0,34.5,3.5,6.1
2025-01-15 18:00:00+00:00,12.0,13.2,2.0,6.7
2025-01-15 19:00:00+00:00,0.0,0.0,0.8,5.7
2025-01-15 20:00:00+00:00,0.0,0.0,0.5,4.3
2025-01-15 21:00:00+00:00,0.0,0.0,0.5,4.1
2025-01-15 22:00:00+00:00,0.0,0.0,2.7,6.7
2025-01-15 23:00:00+00:00,0.0,0.0,6.4,10.7
2025-01-16 00:00:00+00:00,0.0,0.0,6.2,10.5
2025-01-16 01:00:00+00:00,0.0,0.0,5.5,7.4
2025-01-16 02:00:00+00:00,0.0,0.0,4.9,2.7
2025-01-16 03:00:00+00:00,0.0,0.0,1.6,4.4
2025-01-16 04:00:00+00:00,0.0,0.0,1.9,3.7
2025-01-16 05:00:00+00:00,0.0,0.0,5.4,8.8
2025-01-16 06:00:00+00:00,0.0,0.0,7.0,12.9
2025-01-16 07:00:00+00:00,0.0,0.0,4.8,10.0
2025-01-16 08:00:00+00:00,0.0,0.0,3.0,5.3
2025-01-16 09:00:00+00:00,0.0,0.0,5.6,7.4
2025-01-16 10:00:00+00:00,1.0,0.0,5.4,8.1
2025-01-16 11:00:00+00:00,24.0,20.9,4.9,8.8
2025-01-16 12:00:00+00:00,55.0,20.0,4.4,8.1
2025-01-16 13:00:00+00:00,104.0,22.0,6.0,9.1
2025-01-16 14:00:00+00:00,182.0,237.5,6.6,9.1
2025-01-16 15:00:00+00:00,112.0,9.9,7.5,10.6
2025-01-16 16:00:00+00:00,103.0,62.0,7.7,10.8
2025-01-16 17:00:00+00:00,70.0,28.2,7.7,10.7
2025-01-16 18:00:00+00:00,23.0,0.0,5.4,10.0
2025-01-16 19:00:00+00:00,0.0,0.0,2.7,7.2
2025-01-16 20:00:00+00:00,0.0,0.0,3.8,9.0
2025-01-16 21:00:00+00:00,0.0,0.0,4.0,10.9
2025-01-16 22:00:00+00:00,0.0,0.0,3.3,9.2
2025-01-16 23:00:00+00:00,0.0,0.0,3.0,8.0
2025-01-17 00:00:00+00:00,0.0,0.0,3.5,8.5
2025-01-17 01:00:00+00:00,0.0,0.0,3.2,8.9
2025-01-17 02:00:00+00:00,0.0,0.0,4.0,9.9
2025-01-17 03:00:00+00:00,0.0,0.0,3.7,7.3
2025-01-17 04:00:00+00:00,0.0,0.0,2.6,4.5
2025-01-17 05:00:00+00:00,0.0,0.0,2.4,2.1
2025-01-17 06:00:00+00:00,0.0,0.0,2.7,3.4
2025-01-17 07:00:00+00:00,0.0,0.0,3.2,4.2
2025-01-17 08:00:00+00:00,0.0,0.0,2.9,4.5
2025-01-17 09:00:00+00:00,0.0,0.0,2.0,3.1
2025-01-17 10:00:00+00:00,1.0,0.0,0.8,0.9
2025-01-17 11:00:00+00:00,32.0,20.4,1.5,1.7
2025-01-17 12:00:00+00:00,79.0,24.6,2.4,2.3
2025-01-17 13:00:00+00:00,116.0,32.7,2.6,2.3
2025-01-17 14:00:00+00:00,149.0,99.8,3.2,2.9
2025-01-17 15:00:00+00:00,127.0,36.0,0.8,0.6
2025-01-17 16:00:00+00:00,90.0,19.1,2.4,3.0
2025-01-17 17:00:00+00:00,51.0,0.0,3.8,4.7
2025-01-17 18:00:00+00:00,14.0,0.0,5.5,6.6
2025-01-17 19:00:00+00:00,0.0,0.0,5.2,6.9
2025-01-17 20:00:00+00:00,0.0,0.0,4.0,5.1
2025-01-17 21:00:00+00:00,0.0,0.0,3.8,4.8
2025-01-17 22:00:00+00:00,0.0,0.0,4.0,4.9
2025-01-17 23:00:00+00:00,0.0,0.0,4.2,5.2
2025-01-18 00:00:00+00:00,0.0,0.0,4.6,6.2
2025-01-18 01:00:00+00:00,0.0,0.0,5.1,7.2
2025-01-18 02:00:00+00:00,0.0,0.0,5.1,6.9
2025-01-18 03:00:00+00:00,0.0,0.0,5.9,8.3
2025-01-18 04:00:00+00:00,0.0,0.0,5.9,8.1
2025-01-18 05:00:00+00:00,0.0,0.0,5.8,8.5
2025-01-18 06:00:00+00:00,0.0,0.0,5.1,8.1
2025-01-18 07:00:00+00:00,0.0,0.0,4.4,6.4
2025-01-18 08:00:00+00:00,0.0,0.0,3.8,5.8
2025-01-18 09:00:00+00:00,0.0,0.0,5.6,7.2
2025-01-18 10:00:00+00:00,1.0,0.0,6.7,9.1
2025-01-18 11:00:00+00:00,27.0,39.8,7.7,10.4
2025-01-18 12:00:00+00:00,71.0,29.1,7.8,10.2
2025-01-18 13:00:00+00:00,96.0,21.5,6.3,8.1
2025-01-18 14:00:00+00:00,135.0,47.8,5.1,6.5
2025-01-18 15:00:00+00:00,141.0,84.0,4.2,5.5
2025-01-18 16:00:00+00:00,115.0,67.8,3.4,4.7
2025-01-18 17:00:00+00:00,73.0,21.6,4.8,6.5
2025-01-18 18:00:00+00:00,31.0,61.1,4.1,9.7
2025-01-18 19:00:00+00:00,0.0,0.0,5.3,13.0
2025-01-18 20:00:00+00:00,0.0,0.0,5.7,16.2
2025-01-18 21:00:00+00:00,0.0,0.0,5.6,16.2
2025-01-18 22:00:00+00:00,0.0,0.0,4.0,13.5
2025-01-18 23:00:00+00:00,0.0,0.0,3.2,11.2
2025-01-19 00:00:00+00:00,0.0,0.0,2.2,8.7
2025-01-19 01:00:00+00:00,0.0,0.0,1.0,6.1
2025-01-19 02:00:00+00:00,0.0,0.0,1.0,6.3
2025-01-19 03:00:00+00:00,0.0,0.0,1.4,2.7
2025-01-19 04:00:00+00:00,0.0,0.0,2.3,1.3
2025-01-19 05:00:00+00:00,0.0,0.0,3.4,3.2
2025-01-19 06:00:00+00:00,0.0,0.0,4.3,5.4
2025-01-19 07:00:00+00:00,0.0,0.0,4.4,5.9
2025-01-19 08:00:00+00:00,0.0,0.0,4.3,6.1
2025-01-19 09:00:00+00:00,0.0,0.0,4.1,5.8
2025-01-19 10:00:00+00:00,2.0,0.0,4.4,6.2
2025-01-19 11:00:00+00:00,35.0,19.4,4.3,5.7
2025-01-19 12:00:00+00:00,82.0,19.2,4.0,4.9
2025-01-19 13:00:00+00:00,111.0,31.9,3.3,3.9
2025-01-19 14:00:00+00:00,137.0,44.1,3.7,4.2
2025-01-19 15:00:00+00:00,135.0,44.7,3.0,3.7
2025-01-19 16:00:00+00:00,110.0,37.2,1.6,2.2
2025-01-19 17:00:00+00:00,76.0,37.1,2.2,2.7
2025-01-19 18:00:00+00:00,24.0,0.0,1.5,3.3
2025-01-19 19:00:00+00:00,0.0,0.0,0.2,1.2
2025-01-19 20:00:00+00:00,0.0,0.0,0.5,2.6
2025-01-19 21:00:00+00:00,0.0,0.0,2.7,4.0
2025-01-19 22:00:00+00:00,0.0,0.0,3.8,7.0
2025-01-19 23:00:00+00:00,0.0,0.0,1.8,7.0
2025-01-20 00:00:00+00:00,0.0,0.0,0.4,3.0
2025-01-20 01:00:00+00:00,0.0,0.0,1.4,2.4
2025-01-20 02:00:00+00:00,0.0,0.0,0.8,0.6
2025-01-20 03:00:00+00:00,0.0,0.0,4.9,6.9
2025-01-20 04:00:00+00:00,0.0,0.0,4.2,6.0
2025-01-20 05:00:00+00:00,0.0,0.0,3.4,4.8
2025-01-20 06:00:00+00:00,0.0,0.0,3.8,5.6
2025-01-20 07:00:00+00:00,0.0,0.0,3.9,5.6
2025-01-20 08:00:00+00:00,0.0,0.0,4.6,6.6
2025-01-20 09:00:00+00:00,0.0,0.0,5.2,7.4
2025-01-20 10:00:00+00:00,1.0,0.0,5.7,8.2
2025-01-20 11:00:00+00:00,14.0,0.0,5.4,7.4
2025-01-20 12:00:00+00:00,40.0,0.0,5.2,7.1
2025-01-20 13:00:00+00:00,51.0,0.0,4.4,5.8
2025-01-20 14:00:00+00:00,90.0,0.0,4.1,5.5
2025-01-20 15:00:00+00:00,95.0,0.0,4.7,6.5
2025-01-20 16:00:00+00:00,93.0,0.0,5.0,6.9
2025-01-20 17:00:00+00:00,72.0,15.6,4.9,7.0
2025-01-20 18:00:00+00:00,23.0,0.0,1.3,5.1
2025-01-20 19:00:00+00:00,0.0,0.0,2.0,6.3
2025-01-20 20:00:00+00:00,0.0,0.0,3.7,10.2
2025-01-20 21:00:00+00:00,0.0,0.0,4.4,12.3
2025-01-20 22:00:00+00:00,0.0,0.0,4.8,13.6
2025-01-20 23:00:00+00:00,0.0,0.0,5.1,14.0
2025-01-21 00:00:00+00:00,0.0,0.0,5.5,15.2
2025-01-21 01:00:00+00:00,0.0,0.0,6.1,14.6
2025-01-21 02:00:00+00:00,0.0,0.0,6.1,15.1
2025-01-21 03:00:00+00:00,0.0,0.0,7.2,14.8
2025-01-21 04:00:00+00:00,0.0,0.0,7.3,14.7
2025-01-21 05:00:00+00:00,0.0,0.0,6.2,14.6
2025-01-21 06:00:00+00:00,0.0,0.0,7.2,16.0
2025-01-21 07:00:00+00:00,0.0,0.0,7.6,17.5
2025-01-21 08:00:00+00:00,0.0,0.0,5.7,12.5
2025-01-21 09:00:00+00:00,0.0,0.0,6.4,10.9
2025-01-21 10:00:00+00:00,2.0,0.0,6.1,8.7
2025-01-21 11:00:00+00:00,36.0,0.0,7.0,10.2
2025-01-21 12:00:00+00:00,92.0,37.2,6.7,8.7
2025-01-21 13:00:00+00:00,127.0,52.0,6.5,8.3
2025-01-21 14:00:00+00:00,146.0,18.5,6.4,8.1
2025-01-21 15:00:00+00:00,97.0,6.2,3.5,4.8
2025-01-21 16:00:00+00:00,99.0,0.0,4.1,5.4
2025-01-21 17:00:00+00:00,91.0,56.0,4.7,7.2
2025-01-21 18:00:00+00:00,43.0,113.3,5.0,11.6
2025-01-21 19:00:00+00:00,1.0,0.0,6.4,17.2
2025-01-21 20:00:00+00:00,0.0,0.0,6.6,19.4
2025-01-21 21:00:00+00:00,0.0,0.0,6.1,17.6
2025-01-21 22:00:00+00:00,0.0,0.0,5.1,16.0
2025-01-21 23:00:00+00:00,0.0,0.0,6.6,17.9
2025-01-22 00:00:00+00:00,0.0,0.0,7.9,22.1
2025-01-22 01:00:00+00:00,0.0,0.0,7.0,21.3
2025-01-22 02:00:00+00:00,0.0,0.0,7.0,21.1
2025-01-22 03:00:00+00:00,0.0,0.0,6.9,20.6
2025-01-22 04:00:00+00:00,0.0,0.0,7.2,21.5
2025-01-22 05:00:00+00:00,0.0,0.0,7.7,23.2
2025-01-22 06:00:00+00:00,0.0,0.0,7.4,22.3
2025-01-22 07:00:00+00:00,0.0,0.0,5.5,19.0
2025-01-22 08:00:00+00:00,0.0,0.0,6.1,18.8
2025-01-22 09:00:00+00:00,0.0,0.0,7.3,20.5
2025-01-22 10:00:00+00:00,3.0,0.0,7.2,21.1
2025-01-22 11:00:00+00:00,26.0,0.0,6.9,18.2
2025-01-22 12:00:00+00:00,38.0,0.0,6.3,19.0
2025-01-22 13:00:00+00:00,28.0,0.0,9.0,22.7
2025-01-22 14:00:00+00:00,26.0,0.0,11.0,25.0
2025-01-22 15:00:00+00:00,30.0,0.0,7.4,20.5
2025-01-22 16:00:00+00:00,45.0,3.6,9.3,22.3
2025-01-22 17:00:00+00:00,38.0,0.0,9.3,22.2
2025-01-22 18:00:00+00:00,8.0,0.0,8.3,21.4
2025-01-22 19:00:00+00:00,0.0,0.0,6.6,18.7
2025-01-22 20:00:00+00:00,0.0,0.0,6.2,16.7
2025-01-22 21:00:00+00:00,0.0,0.0,5.8,15.5
2025-01-22 22:00:00+00:00,0.0,0.0,8.5,19.2
2025-01-22 23:00:00+00:00,0.0,0.0,10.0,21.0
2025-01-23 00:00:00+00:00,0.0,0.0,9.5,20.5
2025-01-23 01:00:00+00:00,0.0,0.0,4.8,14.7
2025-01-23 02:00:00+00:00,0.0,0.0,7.2,17.2
2025-01-23 03:00:00+00:00,0.0,0.0,12.1,24.2
2025-01-23 04:00:00+00:00,0.0,0.0,13.5,25.6
2025-01-23 05:00:00+00:00,0.0,0.0,14.7,26.5
2025-01-23 06:00:00+00:00,0.0,0.0,17.2,30.2
2025-01-23 07:00:00+00:00,0.0,0.0,17.1,29.9
2025-01-23 08:00:00+00:00,0.0,0.0,16.0,28.5
2025-01-23 09:00:00+00:00,0.0,0.0,15.5,27.6
2025-01-23 10:00:00+00:00,2.0,0.0,16.5,29.2
2025-01-23 11:00:00+00:00,33.0,8.7,15.2,26.0
2025-01-23 12:00:00+00:00,112.0,63.3,16.3,25.7
2025-01-23 13:00:00+00:00,133.0,33.9,16.1,25.7
2025-01-23 14:00:00+00:00,314.0,741.1,18.2,28.2
2025-01-23 15:00:00+00:00,112.0,9.1,18.6,29.3
2025-01-23 16:00:00+00:00,92.0,17.5,19.8,32.9
2025-01-23 17:00:00+00:00,52.0,0.0,21.5,36.1
2025-01-23 18:00:00+00:00,34.0,0.0,21.5,37.3
2025-01-23 19:00:00+00:00,1.0,0.0,23.7,41.1
2025-01-23 20:00:00+00:00,0.0,0.0,27.8,46.4
2025-01-23 21:00:00+00:00,0.0,0.0,28.3,47.2
2025-01-23 22:00:00+00:00,0.0,0.0,22.3,39.2
2025-01-23 23:00:00+00:00,0.0,0.0,22.3,39.6
2025-01-24 00:00:00+00:00,0.0,0.0,21.1,38.3
2025-01-24 01:00:00+00:00,0.0,0.0,21.9,39.4
2025-01-24 02:00:00+00:00,0.0,0.0,17.7,33.4
2025-01-24 03:00:00+00:00,0.0,0.0,16.8,31.2
2025-01-24 04:00:00+00:00,0.0,0.0,16.1,30.9
2025-01-24 05:00:00+00:00,0.0,0.0,18.2,33.2
2025-01-24 06:00:00+00:00,0.0,0.0,19.9,35.2
2025-01-24 07:00:00+00:00,0.0,0.0,22.2,38.4
2025-01-24 08:00:00+00:00,0.0,0.0,25.5,43.5
2025-01-24 09:00:00+00:00,0.0,0.0,26.1,44.7
2025-01-24 10:00:00+00:00,1.0,0.0,27.3,46.3
2025-01-24 11:00:00+00:00,10.0,0.0,30.3,51.7
2025-01-24 12:00:00+00:00,30.0,0.0,32.4,54.1
2025-01-24 13:00:00+00:00,30.0,0.0,32.2,53.9
2025-01-24 14:00:00+00:00,79.0,3.0,30.3,50.4
2025-01-24 15:00:00+00:00,33.0,0.0,29.1,49.4
2025-01-24 16:00:00+00:00,42.0,0.0,26.2,44.9
2025-01-24 17:00:00+00:00,17.0,0.0,21.3,37.2
2025-01-24 18:00:00+00:00,14.0,0.0,17.5,31.8
2025-01-24 19:00:00+00:00,0.0,0.0,15.1,28.5
2025-01-24 20:00:00+00:00,0.0,0.0,13.4,26.2
2025-01-24 21:00:00+00:00,0.0,0.0,10.6,22.7
2025-01-24 22:00:00+00:00,0.0,0.0,11.3,23.9
2025-01-24 23:00:00+00:00,0.0,0.0,8.7,20.0
2025-01-25 00:00:00+00:00,0.0,0.0,7.4,17.7
2025-01-25 01:00:00+00:00,0.0,0.0,4.9,13.4
2025-01-25 02:00:00+00:00,0.0,0.0,3.6,9.1
2025-01-25 03:00:00+00:00,0.0,0.0,5.4,11.2
2025-01-25 04:00:00+00:00,0.0,0.0,6.5,13.8
2025-01-25 05:00:00+00:00,0.0,0.0,18.4,35.9
2025-01-25 06:00:00+00:00,0.0,0.0,23.8,41.8
2025-01-25 07:00:00+00:00,0.0,0.0,14.2,27.2
2025-01-25 08:00:00+00:00,0.0,0.0,11.8,22.3
2025-01-25 09:00:00+00:00,0.0,0.0,9.4,18.6
2025-01-25 10:00:00+00:00,1.0,0.0,9.2,19.3
2025-01-25 11:00:00+00:00,14.0,0.0,9.6,19.2
2025-01-25 12:00:00+00:00,32.0,0.0,10.9,20.0
2025-01-25 13:00:00+00:00,135.0,62.8,10.5,20.8
2025-01-25 14:00:00+00:00,210.0,164.8,13.2,20.2
2025-01-25 15:00:00+00:00,50.0,0.0,11.0,17.0
2025-01-25 16:00:00+00:00,64.0,0.0,7.8,11.2
2025-01-25 17:00:00+00:00,54.0,18.8,5.7,9.1
2025-01-25 18:00:00+00:00,37.0,0.0,5.1,12.3
2025-01-25 19:00:00+00:00,1.0,0.0,5.0,12.5
2025-01-25 20:00:00+00:00,0.0,0.0,4.8,13.0
2025-01-25 21:00:00+00:00,0.0,0.0,6.9,16.0
2025-01-25 22:00:00+00:00,0.0,0.0,8.2,18.1
2025-01-25 23:00:00+00:00,0.0,0.0,4.6,12.1
2025-01-26 00:00:00+00:00,0.0,0.0,6.7,15.6
2025-01-26 01:00:00+00:00,0.0,0.0,6.3,12.1
2025-01-26 02:00:00+00:00,0.0,0.0,5.8,10.7
2025-01-26 03:00:00+00:00,0.0,0.0,7.6,13.2
2025-01-26 04:00:00+00:00,0.0,0.0,8.9,16.9
2025-01-26 05:00:00+00:00,0.0,0.0,13.1,23.1
2025-01-26 06:00:00+00:00,0.0,0.0,11.5,19.5
2025-01-26 07:00:00+00:00,0.0,0.0,8.3,15.7
2025-01-26 08:00:00+00:00,0.0,0.0,3.3,6.3
2025-01-26 09:00:00+00:00,0.0,0.0,7.1,13.0
2025-01-26 10:00:00+00:00,7.0,57.3,11.7,23.0
2025-01-26 11:00:00+00:00,90.0,459.7,12.7,25.0
2025-01-26 12:00:00+00:00,203.0,652.1,10.1,24.2
2025-01-26 13:00:00+00:00,285.0,717.8,12.8,20.0
2025-01-26 14:00:00+00:00,262.0,331.7,15.0,22.8
2025-01-26 15:00:00+00:00,186.0,140.9,21.3,32.3
2025-01-26 16:00:00+00:00,136.0,23.5,19.1,30.0
2025-01-26 17:00:00+00:00,89.0,18.4,17.5,30.0
2025-01-26 18:00:00+00:00,29.0,0.0,19.5,33.9
2025-01-26 19:00:00+00:00,1.0,0.0,21.7,37.8
2025-01-26 20:00:00+00:00,0.0,0.0,25.6,43.5
2025-01-26 21:00:00+00:00,0.0,0.0,25.9,44.8
2025-01-26 22:00:00+00:00,0.0,0.0,26.0,44.9
2025-01-26 23:00:00+00:00,0.0,0.0,23.4,41.6
2025-01-27 00:00:00+00:00,0.0,0.0,24.3,42.1
2025-01-27 01:00:00+00:00,0.0,0.0,23.1,40.3
2025-01-27 02:00:00+00:00,0.0,0.0,22.2,39.5
2025-01-27 03:00:00+00:00,0.0,0.0,27.0,46.9
2025-01-27 04:00:00+00:00,0.0,0.0,32.1,54.0
2025-01-27 05:00:00+00:00,0.0,0.0,34.4,57.6
2025-01-27 06:00:00+00:00,0.0,0.0,32.9,54.8
2025-01-27 07:00:00+00:00,0.0,0.0,30.7,50.7
2025-01-27 08:00:00+00:00,0.0,0.0,24.4,42.0
2025-01-27 09:00:00+00:00,0.0,0.0,21.2,38.3
2025-01-27 10:00:00+00:00,7.0,38.2,22.3,39.6
2025-01-27 11:00:00+00:00,79.0,282.7,23.7,39.9
2025-01-27 12:00:00+00:00,154.0,289.1,25.7,41.0
2025-01-27 13:00:00+00:00,260.0,570.3,25.8,40.4
2025-01-27 14:00:00+00:00,300.0,655.7,25.2,39.7
2025-01-27 15:00:00+00:00,228.0,385.8,26.0,40.7
2025-01-27 16:00:00+00:00,230.0,464.1,22.3,36.2
2025-01-27 17:00:00+00:00,168.0,474.3,20.4,34.3
2025-01-27 18:00:00+00:00,67.0,283.3,19.1,33.9
2025-01-27 19:00:00+00:00,3.0,19.1,19.6,35.3
2025-01-27 20:00:00+00:00,0.0,0.0,22.9,39.8
2025-01-27 21:00:00+00:00,0.0,0.0,22.6,39.5
2025-01-27 22:00:00+00:00,0.0,0.0,22.9,40.4
2025-01-27 23:00:00+00:00,0.0,0.0,21.9,39.0
2025-01-28 00:00:00+00:00,0.0,0.0,21.9,38.7
2025-01-28 01:00:00+00:00,0.0,0.0,21.7,38.7
2025-01-28 02:00:00+00:00,0.0,0.0,21.8,38.6
2025-01-28 03:00:00+00:00,0.0,0.0,22.3,39.3
2025-01-28 04:00:00+00:00,0.0,0.0,20.2,36.7
2025-01-28 05:00:00+00:00,0.0,0.0,20.7,36.8
2025-01-28 06:00:00+00:00,0.0,0.0,22.0,39.0
2025-01-28 07:00:00+00:00,0.0,0.0,24.4,42.6
2025-01-28 08:00:00+00:00,0.0,0.0,25.8,44.0
2025-01-28 09:00:00+00:00,0.0,0.0,24.4,42.2
2025-01-28 10:00:00+00:00,7.0,38.2,24.1,41.6
2025-01-28 11:00:00+00:00,57.0,114.6,25.9,43.3
2025-01-28 12:00:00+00:00,87.0,4.2,24.4,40.6
2025-01-28 13:00:00+00:00,85.0,12.7,22.3,36.5
2025-01-28 14:00:00+00:00,98.0,17.1,17.7,29.5
2025-01-28 15:00:00+00:00,103.0,65.9,21.7,36.2
2025-01-28 16:00:00+00:00,84.0,49.0,22.4,36.8
2025-01-28 17:00:00+00:00,47.0,0.0,20.8,35.0
2025-01-28 18:00:00+00:00,25.0,26.4,22.3,37.9
2025-01-28 19:00:00+00:00,2.0,0.0,21.5,37.4
2025-01-28 20:00:00+00:00,0.0,0.0,21.7,37.6
2025-01-28 21:00:00+00:00,0.0,0.0,23.6,40.9
2025-01-28 22:00:00+00:00,0.0,0.0,22.6,38.7
2025-01-28 23:00:00+00:00,0.0,0.0,23.0,39.2
2025-01-29 00:00:00+00:00,0.0,0.0,22.1,37.6
2025-01-29 01:00:00+00:00,0.0,0.0,22.3,37.4
2025-01-29 02:00:00+00:00,0.0,0.0,22.0,37.1
2025-01-29 03:00:00+00:00,0.0,0.0,21.5,36.4
2025-01-29 04:00:00+00:00,0.0,0.0,21.6,37.1
2025-01-29 05:00:00+00:00,0.0,0.0,25.1,41.6
2025-01-29 06:00:00+00:00,0.0,0.0,22.1,37.3
2025-01-29 07:00:00+00:00,0.0,0.0,20.0,35.1
2025-01-29 08:00:00+00:00,0.0,0.0,17.5,32.4
2025-01-29 09:00:00+00:00,0.0,0.0,16.5,31.0
2025-01-29 10:00:00+00:00,9.0,57.3,17.1,31.7
2025-01-29 11:00:00+00:00,95.0,416.4,18.3,31.5
2025-01-29 12:00:00+00:00,198.0,551.8,20.1,31.2
2025-01-29 13:00:00+00:00,227.0,408.2,24.5,37.1
2025-01-29 14:00:00+00:00,242.0,348.2,24.3,37.1
2025-01-29 15:00:00+00:00,228.0,328.2,18.7,29.0
2025-01-29 16:00:00+00:00,213.0,277.0,18.6,28.3
2025-01-29 17:00:00+00:00,120.0,82.6,13.2,22.4
2025-01-29 18:00:00+00:00,51.0,25.4,8.4,19.0
2025-01-29 19:00:00+00:00,3.0,0.0,8.0,20.8
2025-01-29 20:00:00+00:00,0.0,0.0,12.6,24.1
2025-01-29 21:00:00+00:00,0.0,0.0,4.8,14.3
2025-01-29 22:00:00+00:00,0.0,0.0,4.5,9.9
2025-01-29 23:00:00+00:00,0.0,0.0,6.8,16.0
2025-01-30 00:00:00+00:00,0.0,0.0,5.4,15.0
2025-01-30 01:00:00+00:00,0.0,0.0,9.7,21.0
2025-01-30 02:00:00+00:00,0.0,0.0,10.3,20.9
2025-01-30 03:00:00+00:00,0.0,0.0,4.1,10.4
2025-01-30 04:00:00+00:00,0.0,0.0,4.8,13.4
2025-01-30 05:00:00+00:00,0.0,0.0,4.9,14.8
2025-01-30 06:00:00+00:00,0.0,0.0,0.4,6.7
2025-01-30 07:00:00+00:00,0.0,0.0,4.3,8.1
2025-01-30 08:00:00+00:00,0.0,0.0,11.8,22.4
2025-01-30 09:00:00+00:00,0.0,0.0,12.8,24.0
2025-01-30 10:00:00+00:00,2.0,0.0,10.1,19.7
2025-01-30 11:00:00+00:00,12.0,0.0,11.5,21.0
2025-01-30 12:00:00+00:00,22.0,0.0,10.8,20.2
2025-01-30 13:00:00+00:00,39.0,0.0,8.9,16.2
2025-01-30 14:00:00+00:00,56.0,0.0,11.8,20.2
2025-01-30 15:00:00+00:00,53.0,0.0,12.5,22.1
2025-01-30 16:00:00+00:00,62.0,9.5,9.9,16.6
2025-01-30 17:00:00+00:00,73.0,0.0,8.3,14.5
2025-01-30 18:00:00+00:00,67.0,212.4,7.9,17.5
2025-01-30 19:00:00+00:00,6.0,38.2,7.9,20.9
2025-01-30 20:00:00+00:00,0.0,0.0,8.9,22.6
2025-01-30 21:00:00+00:00,0.0,0.0,8.6,22.2
2025-01-30 22:00:00+00:00,0.0,0.0,7.5,21.2
2025-01-30 23:00:00+00:00,0.0,0.0,6.7,18.2
2025-01-31 00:00:00+00:00,0.0,0.0,6.8,18.2
2025-01-31 01:00:00+00:00,0.0,0.0,7.7,20.2
2025-01-31 02:00:00+00:00,0.0,0.0,8.0,20.3
2025-01-31 03:00:00+00:00,0.0,0.0,7.7,20.8
2025-01-31 04:00:00+00:00,0.0,0.0,8.7,22.1
2025-01-31 05:00:00+00:00,0.0,0.0,8.7,21.7
2025-01-31 06:00:00+00:00,0.0,0.0,8.8,20.9
2025-01-31 07:00:00+00:00,0.0,0.0,9.5,21.1
2025-01-31 08:00:00+00:00,0.0,0.0,9.8,22.0
2025-01-31 09:00:00+00:00,0.0,0.0,10.4,23.3
2025-01-31 10:00:00+00:00,9.0,0.0,10.8,23.1
2025-01-31 11:00:00+00:00,70.0,63.3,10.6,20.7
2025-01-31 12:00:00+00:00,143.0,99.6,9.2,19.7
2025-01-31 13:00:00+00:00,206.0,152.9,10.5,16.7
2025-01-31 14:00:00+00:00,257.0,254.8,10.2,15.1
2025-01-31 15:00:00+00:00,224.0,165.5,11.2,16.2
2025-01-31 16:00:00+00:00,149.0,53.2,8.4,12.5
2025-01-31 17:00:00+00:00,104.0,37.6,7.4,11.9
2025-01-31 18:00:00+00:00,48.0,15.8,6.2,14.3
2025-01-31 19:00:00+00:00,5.0,0.0,6.4,17.7
2025-01-31 20:00:00+00:00,0.0,0.0,6.8,19.2
2025-01-31 21:00:00+00:00,0.0,0.0,6.5,18.2
2025-01-31 22:00:00+00:00,0.0,0.0,6.7,18.4
2025-01-31 23:00:00+00:00,0.0,0.0,6.6,18.4
2025-02-01 00:00:00+00:00,0.0,0.0,5.3,16.1
2025-02-01 01:00:00+00:00,0.0,0.0,5.7,16.2
2025-02-01 02:00:00+00:00,0.0,0.0,5.7,15.8
2025-02-01 03:00:00+00:00,0.0,0.0,5.8,17.3
2025-02-01 04:00:00+00:00,0.0,0.0,3.9,14.8
2025-02-01 05:00:00+00:00,0.0,0.0,0.8,6.5
2025-02-01 06:00:00+00:00,0.0,0.0,2.5,7.0
2025-02-01 07:00:00+00:00,0.0,0.0,5.9,13.8
2025-02-01 08:00:00+00:00,0.0,0.0,3.6,11.9
2025-02-01 09:00:00+00:00,0.0,0.0,4.8,13.2
2025-02-01 10:00:00+00:00,14.0,107.5,5.5,16.5
2025-02-01 11:00:00+00:00,111.0,492.7,6.9,15.5
2025-02-01 12:00:00+00:00,226.0,670.1,4.7,15.1
2025-02-01 13:00:00+00:00,315.0,757.3,4.4,7.6
2025-02-01 14:00:00+00:00,361.0,798.1,5.2,7.9
2025-02-01 15:00:00+00:00,359.0,798.0,5.0,7.1
2025-02-01 16:00:00+00:00,310.0,764.8,5.5,7.7
2025-02-01 17:00:00+00:00,218.0,680.7,6.3,9.2
2025-02-01 18:00:00+00:00,100.0,502.3,3.6,10.6
2025-02-01 19:00:00+00:00,9.0,76.4,4.6,13.0
2025-02-01 20:00:00+00:00,0.0,0.0,7.3,19.9
2025-02-01 21:00:00+00:00,0.0,0.0,8.3,23.1
2025-02-01 22:00:00+00:00,0.0,0.0,7.7,22.2
2025-02-01 23:00:00+00:00,0.0,0.0,7.0,21.2
2025-02-02 00:00:00+00:00,0.0,0.0,7.0,20.5
2025-02-02 01:00:00+00:00,0.0,0.0,6.5,18.9
2025-02-02 02:00:00+00:00,0.0,0.0,6.1,17.0
2025-02-02 03:00:00+00:00,0.0,0.0,5.2,15.4
2025-02-02 04:00:00+00:00,0.0,0.0,3.9,12.9
2025-02-02 05:00:00+00:00,0.0,0.0,4.0,11.9
2025-02-02 06:00:00+00:00,0.0,0.0,5.2,13.2
2025-02-02 07:00:00+00:00,0.0,0.0,4.6,12.3
2025-02-02 08:00:00+00:00,0.0,0.0,3.6,10.9
2025-02-02 09:00:00+00:00,0.0,0.0,4.1,11.4
2025-02-02 10:00:00+00:00,16.0,138.1,4.0,10.9
2025-02-02 11:00:00+00:00,119.0,532.5,4.2,10.6
2025-02-02 12:00:00+00:00,236.0,697.4,2.7,9.9
2025-02-02 13:00:00+00:00,324.0,779.9,2.7,4.9
2025-02-02 14:00:00+00:00,369.0,809.5,2.3,3.7
2025-02-02 15:00:00+00:00,365.0,801.2,2.3,3.3
2025-02-02 16:00:00+00:00,314.0,762.8,4.3,5.9
2025-02-02 17:00:00+00:00,222.0,679.9,3.9,6.7
2025-02-02 18:00:00+00:00,103.0,492.7,2.0,6.0
2025-02-02 19:00:00+00:00,10.0,76.4,2.5,7.5
2025-02-02 20:00:00+00:00,0.0,0.0,4.5,10.7
2025-02-02 21:00:00+00:00,0.0,0.0,5.3,11.8
2025-02-02 22:00:00+00:00,0.0,0.0,4.2,10.4
2025-02-02 23:00:00+00:00,0.0,0.0,3.4,8.4
2025-02-03 00:00:00+00:00,0.0,0.0,3.3,9.7
2025-02-03 01:00:00+00:00,0.0,0.0,4.4,12.5
2025-02-03 02:00:00+00:00,0.0,0.0,4.9,12.0
2025-02-03 03:00:00+00:00,0.0,0.0,6.0,14.0
2025-02-03 04:00:00+00:00,0.0,0.0,6.6,17.9
2025-02-03 05:00:00+00:00,0.0,0.0,5.8,17.1
2025-02-03 06:00:00+00:00,0.0,0.0,6.5,17.6
2025-02-03 07:00:00+00:00,0.0,0.0,8.2,22.4
2025-02-03 08:00:00+00:00,0.0,0.0,6.1,18.3
2025-02-03 09:00:00+00:00,0.0,0.0,6.3,17.7
2025-02-03 10:00:00+00:00,17.0,133.2,5.4,16.3
2025-02-03 11:00:00+00:00,120.0,517.9,6.9,16.4
2025-02-03 12:00:00+00:00,236.0,678.1,6.1,12.1
2025-02-03 13:00:00+00:00,323.0,754.6,6.8,10.5
2025-02-03 14:00:00+00:00,348.0,654.3,7.9,11.9
2025-02-03 15:00:00+00:00,339.0,623.8,9.2,13.3
2025-02-03 16:00:00+00:00,294.0,593.0,9.2,13.5
2025-02-03 17:00:00+00:00,204.0,501.3,6.4,11.6
2025-02-03 18:00:00+00:00,91.0,312.9,3.8,11.2
2025-02-03 19:00:00+00:00,9.0,38.1,2.4,9.6
2025-02-03 20:00:00+00:00,0.0,0.0,4.8,12.3
2025-02-03 21:00:00+00:00,0.0,0.0,6.1,17.0
2025-02-03 22:00:00+00:00,0.0,0.0,6.5,17.8
2025-02-03 23:00:00+00:00,0.0,0.0,8.7,19.6
2025-02-04 00:00:00+00:00,0.0,0.0,8.8,18.4
2025-02-04 01:00:00+00:00,0.0,0.0,6.3,17.1
2025-02-04 02:00:00+00:00,0.0,0.0,8.7,19.7
2025-02-04 03:00:00+00:00,0.0,0.0,10.7,21.6
2025-02-04 04:00:00+00:00,0.0,0.0,10.3,19.9
2025-02-04 05:00:00+00:00,0.0,0.0,9.5,18.3
2025-02-04 06:00:00+00:00,0.0,0.0,9.5,18.7
2025-02-04 07:00:00+00:00,0.0,0.0,10.9,20.7
2025-02-04 08:00:00+00:00,0.0,0.0,11.8,22.7
2025-02-04 09:00:00+00:00,0.0,0.0,12.9,24.6
2025-02-04 10:00:00+00:00,11.0,32.1,13.0,25.5
2025-02-04 11:00:00+00:00,62.0,50.4,12.8,21.0
2025-02-04 12:00:00+00:00,142.0,149.0,11.8,18.4
2025-02-04 13:00:00+00:00,266.0,448.9,11.2,16.8
2025-02-04 14:00:00+00:00,359.0,677.3,12.4,17.7
2025-02-04 15:00:00+00:00,217.0,99.6,15.3,22.6
2025-02-04 16:00:00+00:00,238.0,277.5,15.9,23.0
2025-02-04 17:00:00+00:00,203.0,461.0,12.7,19.2
2025-02-04 18:00:00+00:00,107.0,447.3,11.2,21.7
2025-02-04 19:00:00+00:00,13.0,109.3,11.5,25.3
2025-02-04 20:00:00+00:00,0.0,0.0,13.4,28.2
2025-02-04 21:00:00+00:00,0.0,0.0,14.9,30.8
2025-02-04 22:00:00+00:00,0.0,0.0,15.9,32.0
2025-02-04 23:00:00+00:00,0.0,0.0,16.3,32.7
2025-02-05 00:00:00+00:00,0.0,0.0,15.9,31.6
2025-02-05 01:00:00+00:00,0.0,0.0,16.1,30.5
2025-02-05 02:00:00+00:00,0.0,0.0,15.1,29.1
2025-02-05 03:00:00+00:00,0.0,0.0,15.1,28.2
2025-02-05 04:00:00+00:00,0.0,0.0,14.4,27.1
2025-02-05 05:00:00+00:00,0.0,0.0,13.3,26.0
2025-02-05 06:00:00+00:00,0.0,0.0,11.4,24.7
2025-02-05 07:00:00+00:00,0.0,0.0,10.4,24.5
2025-02-05 08:00:00+00:00,0.0,0.0,10.2,24.1
2025-02-05 09:00:00+00:00,0.0,0.0,10.1,23.8
2025-02-05 10:00:00+00:00,20.0,139.5,10.2,22.8
2025-02-05 11:00:00+00:00,124.0,496.4,10.4,20.5
2025-02-05 12:00:00+00:00,239.0,651.7,9.6,13.4
2025-02-05 13:00:00+00:00,321.0,694.1,9.0,12.4
2025-02-05 14:00:00+00:00,350.0,648.2,7.6,10.3
2025-02-05 15:00:00+00:00,152.0,64.7,6.9,9.4
2025-02-05 16:00:00+00:00,111.0,5.8,6.5,9.2
2025-02-05 17:00:00+00:00,88.0,30.4,3.3,5.1
2025-02-05 18:00:00+00:00,59.0,46.7,3.6,7.3
2025-02-05 19:00:00+00:00,12.0,34.9,4.7,10.1
2025-02-05 20:00:00+00:00,0.0,0.0,3.8,8.4
2025-02-05 21:00:00+00:00,0.0,0.0,3.4,6.6
2025-02-05 22:00:00+00:00,0.0,0.0,3.6,6.5
2025-02-05 23:00:00+00:00,0.0,0.0,4.0,7.3
2025-02-06 00:00:00+00:00,0.0,0.0,3.9,7.1
2025-02-06 01:00:00+00:00,0.0,0.0,3.2,7.0
2025-02-06 02:00:00+00:00,0.0,0.0,2.6,4.7
2025-02-06 03:00:00+00:00,0.0,0.0,0.6,5.4
2025-02-06 04:00:00+00:00,0.0,0.0,2.4,7.7
2025-02-06 05:00:00+00:00,0.0,0.0,3.2,9.7
2025-02-06 06:00:00+00:00,0.0,0.0,3.1,9.2
2025-02-06 07:00:00+00:00,0.0,0.0,3.6,9.7
2025-02-06 08:00:00+00:00,0.0,0.0,5.6,12.6
2025-02-06 09:00:00+00:00,0.0,0.0,6.8,13.9
2025-02-06 10:00:00+00:00,6.0,0.0,9.2,17.8
2025-02-06 11:00:00+00:00,39.0,6.0,11.6,20.1
2025-02-06 12:00:00+00:00,90.0,18.0,11.2,16.3
2025-02-06 13:00:00+00:00,198.0,183.1,14.5,20.8
2025-02-06 14:00:00+00:00,166.0,101.6,16.2,23.8
2025-02-06 15:00:00+00:00,240.0,293.7,18.5,27.3
2025-02-06 16:00:00+00:00,194.0,249.5,17.2,25.8
2025-02-06 17:00:00+00:00,155.0,276.2,15.9,23.6
2025-02-06 18:00:00+00:00,77.0,206.7,12.8,22.7
2025-02-06 19:00:00+00:00,11.0,50.2,13.0,25.1
2025-02-06 20:00:00+00:00,0.0,0.0,13.7,26.1
2025-02-06 21:00:00+00:00,0.0,0.0,14.8,28.2
2025-02-06 22:00:00+00:00,0.0,0.0,15.7,29.5
2025-02-06 23:00:00+00:00,0.0,0.0,16.5,30.3
2025-02-07 00:00:00+00:00,0.0,0.0,16.3,30.5
2025-02-07 01:00:00+00:00,0.0,0.0,16.3,30.3
2025-02-07 02:00:00+00:00,0.0,0.0,16.7,30.4
2025-02-07 03:00:00+00:00,0.0,0.0,16.3,29.8
2025-02-07 04:00:00+00:00,0.0,0.0,16.9,30.4
2025-02-07 05:00:00+00:00,0.0,0.0,17.3,30.8
2025-02-07 06:00:00+00:00,0.0,0.0,19.6,33.8
2025-02-07 07:00:00+00:00,0.0,0.0,19.5,33.5
2025-02-07 08:00:00+00:00,0.0,0.0,19.1,33.0
2025-02-07 09:00:00+00:00,0.0,0.0,18.1,31.7
2025-02-07 10:00:00+00:00,8.0,0.0,20.4,34.5
2025-02-07 11:00:00+00:00,48.0,11.6,22.1,36.3
2025-02-07 12:00:00+00:00,75.0,3.5,18.0,29.5
2025-02-07 13:00:00+00:00,105.0,5.6,23.0,37.6
2025-02-07 14:00:00+00:00,172.0,110.3,28.8,44.7
2025-02-07 15:00:00+00:00,88.0,0.0,26.5,40.9
2025-02-07 16:00:00+00:00,104.0,0.0,23.8,36.9
2025-02-07 17:00:00+00:00,63.0,0.0,19.5,32.4
2025-02-07 18:00:00+00:00,71.0,25.1,17.6,30.5
2025-02-07 19:00:00+00:00,10.0,0.0,16.8,30.2
2025-02-07 20:00:00+00:00,0.0,0.0,16.4,29.5
2025-02-07 21:00:00+00:00,0.0,0.0,16.2,29.8
2025-02-07 22:00:00+00:00,0.0,0.0,16.5,30.2
2025-02-07 23:00:00+00:00,0.0,0.0,15.1,28.8
2025-02-08 00:00:00+00:00,0.0,0.0,15.1,28.7
2025-02-08 01:00:00+00:00,0.0,0.0,14.2,28.3
2025-02-08 02:00:00+00:00,0.0,0.0,14.2,28.2
2025-02-08 03:00:00+00:00,0.0,0.0,13.0,25.2
2025-02-08 04:00:00+00:00,0.0,0.0,12.4,24.6
2025-02-08 05:00:00+00:00,0.0,0.0,12.3,25.0
2025-02-08 06:00:00+00:00,0.0,0.0,10.8,23.2
2025-02-08 07:00:00+00:00,0.0,0.0,8.7,21.7
2025-02-08 08:00:00+00:00,0.0,0.0,7.6,19.7
2025-02-08 09:00:00+00:00,0.0,0.0,6.9,18.6
2025-02-08 10:00:00+00:00,12.0,55.9,6.1,15.5
2025-02-08 11:00:00+00:00,65.0,141.3,9.8,19.5
2025-02-08 12:00:00+00:00,175.0,271.3,6.5,18.7
2025-02-08 13:00:00+00:00,293.0,507.0,5.3,13.1
2025-02-08 14:00:00+00:00,375.0,708.2,11.8,17.6
2025-02-08 15:00:00+00:00,353.0,627.2,10.0,14.5
2025-02-08 16:00:00+00:00,307.0,621.5,9.0,13.2
2025-02-08 17:00:00+00:00,169.0,259.1,4.2,8.4
2025-02-08 18:00:00+00:00,79.0,127.7,2.8,7.6
2025-02-08 19:00:00+00:00,10.0,15.5,0.5,4.3
2025-02-08 20:00:00+00:00,0.0,0.0,0.3,2.7
2025-02-08 21:00:00+00:00,0.0,0.0,3.3,8.3
2025-02-08 22:00:00+00:00,0.0,0.0,8.8,18.0
2025-02-08 23:00:00+00:00,0.0,0.0,7.6,17.8
2025-02-09 00:00:00+00:00,0.0,0.0,6.3,17.1
2025-02-09 01:00:00+00:00,0.0,0.0,7.1,18.2
2025-02-09 02:00:00+00:00,0.0,0.0,5.3,15.0
2025-02-09 03:00:00+00:00,0.0,0.0,3.8,11.7
2025-02-09 04:00:00+00:00,0.0,0.0,3.1,9.9
2025-02-09 05:00:00+00:00,0.0,0.0,1.2,6.0
2025-02-09 06:00:00+00:00,0.0,0.0,0.9,5.2
2025-02-09 07:00:00+00:00,0.0,0.0,0.5,3.7
2025-02-09 08:00:00+00:00,0.0,0.0,0.9,1.8
2025-02-09 09:00:00+00:00,0.0,0.0,1.1,1.7
2025-02-09 10:00:00+00:00,11.0,0.0,2.2,3.1
2025-02-09 11:00:00+00:00,54.0,0.0,1.7,3.1
2025-02-09 12:00:00+00:00,125.0,37.6,3.8,5.2
2025-02-09 13:00:00+00:00,154.0,37.8,1.7,2.4
2025-02-09 14:00:00+00:00,135.0,26.9,0.6,0.6
2025-02-09 15:00:00+00:00,137.0,17.2,0.4,0.4
2025-02-09 16:00:00+00:00,120.0,24.7,1.8,2.2
2025-02-09 17:00:00+00:00,100.0,38.9,3.8,5.1
2025-02-09 18:00:00+00:00,49.0,29.5,1.5,4.7
2025-02-09 19:00:00+00:00,10.0,0.0,0.3,1.7
2025-02-09 20:00:00+00:00,0.0,0.0,3.3,5.2
2025-02-09 21:00:00+00:00,0.0,0.0,1.7,2.3
2025-02-09 22:00:00+00:00,0.0,0.0,6.6,12.3
2025-02-09 23:00:00+00:00,0.0,0.0,8.2,15.9
2025-02-10 00:00:00+00:00,0.0,0.0,7.7,14.6
2025-02-10 01:00:00+00:00,0.0,0.0,8.3,15.1
2025-02-10 02:00:00+00:00,0.0,0.0,9.7,16.8
2025-02-10 03:00:00+00:00,0.0,0.0,9.7,17.0
2025-02-10 04:00:00+00:00,0.0,0.0,9.6,16.7
2025-02-10 05:00:00+00:00,0.0,0.0,11.5,18.5
2025-02-10 06:00:00+00:00,0.0,0.0,11.1,19.3
2025-02-10 07:00:00+00:00,0.0,0.0,10.7,18.7
2025-02-10 08:00:00+00:00,0.0,0.0,10.9,19.3
2025-02-10 09:00:00+00:00,0.0,0.0,11.1,20.2
2025-02-10 10:00:00+00:00,15.0,0.0,12.7,21.0
2025-02-10 11:00:00+00:00,33.0,0.0,12.4,20.4
2025-02-10 12:00:00+00:00,63.0,6.7,12.1,19.0
2025-02-10 13:00:00+00:00,95.0,8.0,15.6,23.7
2025-02-10 14:00:00+00:00,180.0,60.4,18.1,26.7
2025-02-10 15:00:00+00:00,59.0,0.0,14.7,23.0
2025-02-10 16:00:00+00:00,66.0,2.7,16.7,25.2
2025-02-10 17:00:00+00:00,38.0,0.0,16.3,26.5
2025-02-10 18:00:00+00:00,16.0,0.0,16.9,27.5
2025-02-10 19:00:00+00:00,3.0,0.0,16.6,29.6
2025-02-10 20:00:00+00:00,0.0,0.0,16.8,29.8
2025-02-10 21:00:00+00:00,0.0,0.0,16.2,29.2
2025-02-10 22:00:00+00:00,0.0,0.0,16.1,29.9
2025-02-10 23:00:00+00:00,0.0,0.0,15.9,29.4
2025-02-11 00:00:00+00:00,0.0,0.0,14.1,26.8
2025-02-11 01:00:00+00:00,0.0,0.0,13.3,25.8
2025-02-11 02:00:00+00:00,0.0,0.0,14.0,25.2
2025-02-11 03:00:00+00:00,0.0,0.0,6.3,10.5
2025-02-11 04:00:00+00:00,0.0,0.0,8.4,10.2
2025-02-11 05:00:00+00:00,0.0,0.0,10.2,15.1
2025-02-11 06:00:00+00:00,0.0,0.0,11.1,17.8
2025-02-11 07:00:00+00:00,0.0,0.0,12.5,21.3
2025-02-11 08:00:00+00:00,0.0,0.0,13.9,24.9
2025-02-11 09:00:00+00:00,0.0,0.0,11.8,24.0
2025-02-11 10:00:00+00:00,5.0,0.0,11.8,24.2
2025-02-11 11:00:00+00:00,26.0,0.0,13.8,24.9
2025-02-11 12:00:00+00:00,53.0,0.0,15.6,27.7
2025-02-11 13:00:00+00:00,63.0,0.0,16.8,29.0
2025-02-11 14:00:00+00:00,59.0,0.0,15.5,27.6
2025-02-11 15:00:00+00:00,60.0,0.0,14.7,24.9
2025-02-11 16:00:00+00:00,53.0,0.0,13.8,23.6
2025-02-11 17:00:00+00:00,40.0,0.0,13.9,23.9
2025-02-11 18:00:00+00:00,26.0,0.0,12.2,21.9
2025-02-11 19:00:00+00:00,3.0,0.0,9.9,19.5
2025-02-11 20:00:00+00:00,0.0,0.0,9.1,19.0
2025-02-11 21:00:00+00:00,0.0,0.0,9.0,18.7
2025-02-11 22:00:00+00:00,0.0,0.0,8.9,18.8
2025-02-11 23:00:00+00:00,0.0,0.0,9.2,19.3
2025-02-12 00:00:00+00:00,0.0,0.0,8.2,18.1
2025-02-12 01:00:00+00:00,0.0,0.0,7.1,16.7
2025-02-12 02:00:00+00:00,0.0,0.0,5.8,15.5
2025-02-12 03:00:00+00:00,0.0,0.0,6.5,16.1
2025-02-12 04:00:00+00:00,0.0,0.0,6.7,17.2
2025-02-12 05:00:00+00:00,0.0,0.0,6.7,18.6
2025-02-12 06:00:00+00:00,0.0,0.0,6.7,18.5
2025-02-12 07:00:00+00:00,0.0,0.0,5.9,16.6
2025-02-12 08:00:00+00:00,0.0,0.0,5.5,15.8
2025-02-12 09:00:00+00:00,0.0,0.0,6.4,16.4
2025-02-12 10:00:00+00:00,18.0,12.3,8.2,16.0
2025-02-12 11:00:00+00:00,58.0,5.1,6.8,15.7
2025-02-12 12:00:00+00:00,94.0,29.3,7.1,11.5
2025-02-12 13:00:00+00:00,115.0,5.2,7.2,10.4
2025-02-12 14:00:00+00:00,136.0,0.0,7.7,10.6
2025-02-12 15:00:00+00:00,123.0,49.7,8.0,10.8
2025-02-12 16:00:00+00:00,162.0,129.2,7.7,10.5
2025-02-12 17:00:00+00:00,134.0,124.2,7.1,9.9
2025-02-12 18:00:00+00:00,77.0,141.4,5.4,9.9
2025-02-12 19:00:00+00:00,9.0,0.0,3.6,9.6
2025-02-12 20:00:00+00:00,0.0,0.0,3.9,9.8
2025-02-12 21:00:00+00:00,0.0,0.0,5.0,12.0
2025-02-12 22:00:00+00:00,0.0,0.0,5.2,14.6
2025-02-12 23:00:00+00:00,0.0,0.0,5.0,13.6
2025-02-13 00:00:00+00:00,0.0,0.0,4.9,13.0
2025-02-13 01:00:00+00:00,0.0,0.0,4.8,11.3
2025-02-13 02:00:00+00:00,0.0,0.0,5.1,12.0
2025-02-13 03:00:00+00:00,0.0,0.0,5.0,11.9
2025-02-13 04:00:00+00:00,0.0,0.0,4.3,10.9
2025-02-13 05:00:00+00:00,0.0,0.0,4.5,9.8
2025-02-13 06:00:00+00:00,0.0,0.0,6.2,15.7
2025-02-13 07:00:00+00:00,0.0,0.0,6.2,15.2
2025-02-13 08:00:00+00:00,0.0,0.0,8.4,16.4
2025-02-13 09:00:00+00:00,0.0,0.0,8.4,14.8
2025-02-13 10:00:00+00:00,13.0,0.0,10.1,16.5
2025-02-13 11:00:00+00:00,31.0,0.0,11.2,17.9
2025-02-13 12:00:00+00:00,51.0,0.0,11.5,17.2
2025-02-13 13:00:00+00:00,89.0,0.0,11.9,17.4
2025-02-13 14:00:00+00:00,137.0,7.0,11.5,16.4
2025-02-13 15:00:00+00:00,152.0,23.4,9.6,13.6
2025-02-13 16:00:00+00:00,120.0,15.6,9.6,13.5
2025-02-13 17:00:00+00:00,95.0,19.8,10.1,14.6
2025-02-13 18:00:00+00:00,62.0,21.2,10.9,16.5
2025-02-13 19:00:00+00:00,12.0,13.0,8.6,14.9
2025-02-13 20:00:00+00:00,0.0,0.0,6.5,12.7
2025-02-13 21:00:00+00:00,0.0,0.0,6.0,12.5
2025-02-13 22:00:00+00:00,0.0,0.0,3.5,11.1
2025-02-13 23:00:00+00:00,0.0,0.0,3.8,11.7
2025-02-14 00:00:00+00:00,0.0,0.0,4.6,13.0
2025-02-14 01:00:00+00:00,0.0,0.0,4.8,13.6
2025-02-14 02:00:00+00:00,0.0,0.0,5.8,14.7
2025-02-14 03:00:00+00:00,0.0,0.0,3.8,10.4
2025-02-14 04:00:00+00:00,0.0,0.0,4.5,11.4
2025-02-14 05:00:00+00:00,0.0,0.0,5.0,14.2
2025-02-14 06:00:00+00:00,0.0,0.0,5.5,14.0
2025-02-14 07:00:00+00:00,0.0,0.0,5.0,14.1
2025-02-14 08:00:00+00:00,0.0,0.0,4.3,12.6
2025-02-14 09:00:00+00:00,0.0,0.0,4.3,11.2
2025-02-14 10:00:00+00:00,45.0,300.0,6.2,12.6
2025-02-14 11:00:00+00:00,151.0,441.3,3.8,6.8
2025-02-14 12:00:00+00:00,188.0,239.2,3.6,5.2
2025-02-14 13:00:00+00:00,256.0,207.2,4.5,6.2
2025-02-14 14:00:00+00:00,267.0,163.2,9.5,13.2
2025-02-14 15:00:00+00:00,192.0,39.3,8.8,12.3
2025-02-14 16:00:00+00:00,175.0,56.5,9.3,12.8
2025-02-14 17:00:00+00:00,135.0,68.2,9.9,14.1
2025-02-14 18:00:00+00:00,69.0,10.3,8.3,14.4
2025-02-14 19:00:00+00:00,18.0,12.5,6.5,16.0
2025-02-14 20:00:00+00:00,0.0,0.0,8.1,18.0
2025-02-14 21:00:00+00:00,0.0,0.0,6.7,17.1
2025-02-14 22:00:00+00:00,0.0,0.0,6.7,18.4
2025-02-14 23:00:00+00:00,0.0,0.0,6.9,20.0
2025-02-15 00:00:00+00:00,0.0,0.0,6.9,20.3
2025-02-15 01:00:00+00:00,0.0,0.0,6.9,20.3
2025-02-15 02:00:00+00:00,0.0,0.0,7.0,19.7
2025-02-15 03:00:00+00:00,0.0,0.0,5.8,17.3
2025-02-15 04:00:00+00:00,0.0,0.0,2.3,10.9
2025-02-15 05:00:00+00:00,0.0,0.0,4.3,11.7
2025-02-15 06:00:00+00:00,0.0,0.0,4.8,14.9
2025-02-15 07:00:00+00:00,0.0,0.0,5.4,15.2
2025-02-15 08:00:00+00:00,0.0,0.0,6.1,18.0
2025-02-15 09:00:00+00:00,0.0,0.0,6.4,18.7
2025-02-15 10:00:00+00:00,47.0,302.5,6.7,15.7
2025-02-15 11:00:00+00:00,172.0,558.5,3.7,11.5
2025-02-15 12:00:00+00:00,285.0,622.5,8.0,12.4
2025-02-15 13:00:00+00:00,338.0,488.7,8.7,12.5
2025-02-15 14:00:00+00:00,395.0,592.6,8.1,11.1
2025-02-15 15:00:00+00:00,272.0,146.0,9.3,12.7
2025-02-15 16:00:00+00:00,220.0,111.4,9.3,12.9
2025-02-15 17:00:00+00:00,105.0,12.8,9.7,14.2
2025-02-15 18:00:00+00:00,27.0,0.0,7.9,13.7
2025-02-15 19:00:00+00:00,6.0,0.0,7.0,14.0
2025-02-15 20:00:00+00:00,0.0,0.0,8.3,16.5
2025-02-15 21:00:00+00:00,0.0,0.0,9.6,18.8
2025-02-15 22:00:00+00:00,0.0,0.0,10.8,19.7
2025-02-15 23:00:00+00:00,0.0,0.0,10.3,19.3
2025-02-16 00:00:00+00:00,0.0,0.0,9.3,17.1
2025-02-16 01:00:00+00:00,0.0,0.0,9.3,17.6
2025-02-16 02:00:00+00:00,0.0,0.0,9.1,17.2
2025-02-16 03:00:00+00:00,0.0,0.0,10.8,20.2
2025-02-16 04:00:00+00:00,0.0,0.0,10.6,20.8
2025-02-16 05:00:00+00:00,0.0,0.0,9.4,16.8
2025-02-16 06:00:00+00:00,0.0,0.0,10.4,19.8
2025-02-16 07:00:00+00:00,0.0,0.0,11.3,20.1
2025-02-16 08:00:00+00:00,0.0,0.0,11.6,20.6
2025-02-16 09:00:00+00:00,0.0,0.0,11.8,21.0
2025-02-16 10:00:00+00:00,22.0,43.5,11.1,19.0
2025-02-16 11:00:00+00:00,77.0,9.2,12.6,19.3
2025-02-16 12:00:00+00:00,122.0,27.4,12.9,19.5
2025-02-16 13:00:00+00:00,230.0,211.6,13.3,19.5
2025-02-16 14:00:00+00:00,342.0,534.0,13.9,20.2
2025-02-16 15:00:00+00:00,355.0,444.1,17.5,25.6
2025-02-16 16:00:00+00:00,314.0,442.4,17.2,25.5
2025-02-16 17:00:00+00:00,255.0,468.3,16.7,25.1
2025-02-16 18:00:00+00:00,153.0,417.8,11.9,21.0
2025-02-16 19:00:00+00:00,41.0,271.5,7.6,19.8
2025-02-16 20:00:00+00:00,0.0,0.0,8.0,22.1
2025-02-16 21:00:00+00:00,0.0,0.0,10.1,25.7
2025-02-16 22:00:00+00:00,0.0,0.0,12.5,27.1
2025-02-16 23:00:00+00:00,0.0,0.0,11.4,25.6
2025-02-17 00:00:00+00:00,0.0,0.0,10.2,23.9
2025-02-17 01:00:00+00:00,0.0,0.0,9.9,23.4
2025-02-17 02:00:00+00:00,0.0,0.0,9.3,22.6
2025-02-17 03:00:00+00:00,0.0,0.0,8.3,21.1
2025-02-17 04:00:00+00:00,0.0,0.0,8.3,20.7
2025-02-17 05:00:00+00:00,0.0,0.0,7.9,20.2
2025-02-17 06:00:00+00:00,0.0,0.0,7.1,19.0
2025-02-17 07:00:00+00:00,0.0,0.0,7.1,18.7
2025-02-17 08:00:00+00:00,0.0,0.0,7.0,18.4
2025-02-17 09:00:00+00:00,0.0,0.0,6.7,17.8
2025-02-17 10:00:00+00:00,54.0,296.1,7.5,19.0
2025-02-17 11:00:00+00:00,186.0,568.7,8.2,12.6
2025-02-17 12:00:00+00:00,317.0,749.8,7.4,10.7
2025-02-17 13:00:00+00:00,412.0,825.8,6.9,9.6
2025-02-17 14:00:00+00:00,460.0,853.5,8.3,11.6
2025-02-17 15:00:00+00:00,456.0,846.5,10.6,14.9
2025-02-17 16:00:00+00:00,404.0,821.6,10.4,14.9
2025-02-17 17:00:00+00:00,307.0,754.8,10.1,15.2
2025-02-17 18:00:00+00:00,177.0,614.3,7.6,17.0
2025-02-17 19:00:00+00:00,45.0,286.6,7.4,19.6
2025-02-17 20:00:00+00:00,0.0,0.0,7.8,22.3
2025-02-17 21:00:00+00:00,0.0,0.0,9.0,23.9
2025-02-17 22:00:00+00:00,0.0,0.0,9.5,24.1
2025-02-17 23:00:00+00:00,0.0,0.0,8.5,22.8
2025-02-18 00:00:00+00:00,0.0,0.0,9.5,23.3
2025-02-18 01:00:00+00:00,0.0,0.0,8.3,21.4
2025-02-18 02:00:00+00:00,0.0,0.0,8.3,20.9
2025-02-18 03:00:00+00:00,0.0,0.0,7.2,18.8
2025-02-18 04:00:00+00:00,0.0,0.0,8.5,20.2
2025-02-18 05:00:00+00:00,0.0,0.0,8.3,20.3
2025-02-18 06:00:00+00:00,0.0,0.0,6.5,18.1
2025-02-18 07:00:00+00:00,0.0,0.0,6.8,18.4
2025-02-18 08:00:00+00:00,0.0,0.0,7.2,19.0
2025-02-18 09:00:00+00:00,0.0,0.0,8.3,20.0
2025-02-18 10:00:00+00:00,58.0,318.6,8.8,23.0
2025-02-18 11:00:00+00:00,195.0,634.9,8.9,14.6
2025-02-18 12:00:00+00:00,317.0,729.0,10.4,15.5
2025-02-18 13:00:00+00:00,405.0,771.9,11.0,15.7
2025-02-18 14:00:00+00:00,446.0,762.3,9.7,13.9
2025-02-18 15:00:00+00:00,449.0,805.6,11.0,15.5
2025-02-18 16:00:00+00:00,392.0,742.8,13.4,19.3
2025-02-18 17:00:00+00:00,307.0,746.1,15.6,23.3
2025-02-18 18:00:00+00:00,178.0,604.8,12.6,23.1
2025-02-18 19:00:00+00:00,47.0,311.9,9.9,24.0
2025-02-18 20:00:00+00:00,0.0,0.0,12.5,28.1
2025-02-18 21:00:00+00:00,0.0,0.0,13.9,30.3
2025-02-18 22:00:00+00:00,0.0,0.0,12.8,28.8
2025-02-18 23:00:00+00:00,0.0,0.0,11.0,26.3
2025-02-19 00:00:00+00:00,0.0,0.0,11.2,26.0
2025-02-19 01:00:00+00:00,0.0,0.0,12.1,27.2
2025-02-19 02:00:00+00:00,0.0,0.0,10.9,25.8
2025-02-19 03:00:00+00:00,0.0,0.0,9.8,24.0
2025-02-19 04:00:00+00:00,0.0,0.0,10.1,24.0
2025-02-19 05:00:00+00:00,0.0,0.0,11.0,24.9
2025-02-19 06:00:00+00:00,0.0,0.0,10.6,24.2
2025-02-19 07:00:00+00:00,0.0,0.0,10.6,24.2
2025-02-19 08:00:00+00:00,0.0,0.0,9.9,23.0
2025-02-19 09:00:00+00:00,0.0,0.0,10.1,22.7
2025-02-19 10:00:00+00:00,48.0,89.9,11.8,23.3
2025-02-19 11:00:00+00:00,133.0,90.4,10.0,27.5
2025-02-19 12:00:00+00:00,264.0,366.0,10.1,16.8
2025-02-19 13:00:00+00:00,364.0,520.5,9.1,13.6
2025-02-19 14:00:00+00:00,335.0,251.1,8.9,13.3
2025-02-19 15:00:00+00:00,450.0,789.6,8.8,12.7
2025-02-19 16:00:00+00:00,365.0,586.7,9.6,14.4
2025-02-19 17:00:00+00:00,219.0,200.9,7.1,14.5
2025-02-19 18:00:00+00:00,124.0,96.2,7.8,19.1
2025-02-19 19:00:00+00:00,36.0,43.3,8.2,22.9
2025-02-19 20:00:00+00:00,0.0,0.0,7.7,22.8
2025-02-19 21:00:00+00:00,0.0,0.0,8.0,22.8
2025-02-19 22:00:00+00:00,0.0,0.0,8.0,23.6
2025-02-19 23:00:00+00:00,0.0,0.0,7.8,23.0
2025-02-20 00:00:00+00:00,0.0,0.0,8.1,24.2
2025-02-20 01:00:00+00:00,0.0,0.0,8.2,24.6
2025-02-20 02:00:00+00:00,0.0,0.0,8.3,24.6
2025-02-20 03:00:00+00:00,0.0,0.0,7.9,23.4
2025-02-20 04:00:00+00:00,0.0,0.0,8.1,24.0
2025-02-20 05:00:00+00:00,0.0,0.0,9.3,24.8
2025-02-20 06:00:00+00:00,0.0,0.0,10.3,26.4
2025-02-20 07:00:00+00:00,0.0,0.0,11.9,27.9
2025-02-20 08:00:00+00:00,0.0,0.0,12.3,28.1
2025-02-20 09:00:00+00:00,1.0,0.0,13.3,28.8
2025-02-20 10:00:00+00:00,49.0,106.9,15.3,29.4
2025-02-20 11:00:00+00:00,113.0,63.1,16.8,27.7
2025-02-20 12:00:00+00:00,166.0,91.5,17.5,26.2
2025-02-20 13:00:00+00:00,135.0,0.0,16.1,25.2
2025-02-20 14:00:00+00:00,121.0,6.4,13.1,21.4
2025-02-20 15:00:00+00:00,114.0,10.7,14.5,25.4
2025-02-20 16:00:00+00:00,170.0,61.7,15.9,25.5
2025-02-20 17:00:00+00:00,98.0,3.0,15.1,26.5
2025-02-20 18:00:00+00:00,42.0,0.0,16.0,29.1
2025-02-20 19:00:00+00:00,24.0,42.2,15.3,29.1
2025-02-20 20:00:00+00:00,0.0,0.0,15.3,30.5
2025-02-20 21:00:00+00:00,0.0,0.0,16.5,32.0
2025-02-20 22:00:00+00:00,0.0,0.0,18.4,34.7
2025-02-20 23:00:00+00:00,0.0,0.0,16.2,31.8
2025-02-21 00:00:00+00:00,0.0,0.0,14.7,30.1
2025-02-21 01:00:00+00:00,0.0,0.0,13.3,27.9
2025-02-21 02:00:00+00:00,0.0,0.0,13.5,27.4
2025-02-21 03:00:00+00:00,0.0,0.0,15.2,29.5
2025-02-21 04:00:00+00:00,0.0,0.0,15.9,30.9
2025-02-21 05:00:00+00:00,0.0,0.0,17.0,33.3
2025-02-21 06:00:00+00:00,0.0,0.0,16.3,33.0
2025-02-21 07:00:00+00:00,0.0,0.0,16.2,33.3
2025-02-21 08:00:00+00:00,0.0,0.0,16.1,32.9
2025-02-21 09:00:00+00:00,1.0,0.0,17.4,34.3
2025-02-21 10:00:00+00:00,57.0,170.1,17.2,33.2
2025-02-21 11:00:00+00:00,189.0,518.1,17.1,30.9
2025-02-21 12:00:00+00:00,291.0,568.3,14.9,26.5
2025-02-21 13:00:00+00:00,405.0,737.6,16.1,25.6
2025-02-21 14:00:00+00:00,422.0,631.9,15.7,24.3
2025-02-21 15:00:00+00:00,338.0,327.2,15.1,23.6
2025-02-21 16:00:00+00:00,326.0,398.5,14.8,23.9
2025-02-21 17:00:00+00:00,217.0,348.9,17.6,30.8
2025-02-21 18:00:00+00:00,67.0,0.0,15.5,29.5
2025-02-21 19:00:00+00:00,14.0,0.0,13.5,27.1
2025-02-21 20:00:00+00:00,0.0,0.0,17.5,32.4
2025-02-21 21:00:00+00:00,0.0,0.0,17.0,32.0
2025-02-21 22:00:00+00:00,0.0,0.0,17.6,32.7
2025-02-21 23:00:00+00:00,0.0,0.0,15.5,29.3
2025-02-22 00:00:00+00:00,0.0,0.0,13.4,26.4
2025-02-22 01:00:00+00:00,0.0,0.0,13.2,26.7
2025-02-22 02:00:00+00:00,0.0,0.0,14.3,29.1
2025-02-22 03:00:00+00:00,0.0,0.0,12.6,26.3
2025-02-22 04:00:00+00:00,0.0,0.0,13.0,26.8
2025-02-22 05:00:00+00:00,0.0,0.0,13.7,27.2
2025-02-22 06:00:00+00:00,0.0,0.0,14.7,28.1
2025-02-22 07:00:00+00:00,0.0,0.0,14.5,27.8
2025-02-22 08:00:00+00:00,0.0,0.0,14.4,29.6
2025-02-22 09:00:00+00:00,0.0,0.0,14.9,29.9
2025-02-22 10:00:00+00:00,21.0,0.0,15.1,28.2
2025-02-22 11:00:00+00:00,51.0,0.0,15.2,27.2
2025-02-22 12:00:00+00:00,62.0,0.0,15.9,28.4
2025-02-22 13:00:00+00:00,186.0,47.8,11.6,19.9
2025-02-22 14:00:00+00:00,357.0,321.6,23.2,35.7
2025-02-22 15:00:00+00:00,91.0,0.0,16.7,28.0
2025-02-22 16:00:00+00:00,107.0,18.5,16.4,25.7
2025-02-22 17:00:00+00:00,65.0,2.9,14.7,24.9
2025-02-22 18:00:00+00:00,32.0,0.0,15.4,26.4
2025-02-22 19:00:00+00:00,7.0,0.0,14.9,26.8
2025-02-22 20:00:00+00:00,0.0,0.0,14.2,25.8
2025-02-22 21:00:00+00:00,0.0,0.0,12.3,23.7
2025-02-22 22:00:00+00:00,0.0,0.0,13.3,26.1
2025-02-22 23:00:00+00:00,0.0,0.0,13.3,27.0
2025-02-23 00:00:00+00:00,0.0,0.0,13.6,27.6
2025-02-23 01:00:00+00:00,0.0,0.0,13.5,27.7
2025-02-23 02:00:00+00:00,0.0,0.0,13.1,27.6
2025-02-23 03:00:00+00:00,0.0,0.0,12.0,25.9
2025-02-23 04:00:00+00:00,0.0,0.0,12.1,26.3
2025-02-23 05:00:00+00:00,0.0,0.0,11.4,25.5
2025-02-23 06:00:00+00:00,0.0,0.0,10.7,24.5
2025-02-23 07:00:00+00:00,0.0,0.0,10.9,24.9
2025-02-23 08:00:00+00:00,0.0,0.0,11.4,25.6
2025-02-23 09:00:00+00:00,2.0,0.0,11.2,25.7
2025-02-23 10:00:00+00:00,78.0,397.1,13.1,24.9
2025-02-23 11:00:00+00:00,213.0,613.1,10.8,29.0
2025-02-23 12:00:00+00:00,337.0,725.2,12.1,19.7
2025-02-23 13:00:00+00:00,425.0,779.3,14.7,22.3
2025-02-23 14:00:00+00:00,474.0,813.2,17.3,25.8
2025-02-23 15:00:00+00:00,429.0,691.1,19.4,29.5
2025-02-23 16:00:00+00:00,414.0,754.4,18.6,28.3
2025-02-23 17:00:00+00:00,319.0,691.3,17.3,27.3
2025-02-23 18:00:00+00:00,194.0,562.2,14.9,26.5
2025-02-23 19:00:00+00:00,58.0,214.4,14.5,28.5
2025-02-23 20:00:00+00:00,1.0,0.0,16.1,30.9
2025-02-23 21:00:00+00:00,0.0,0.0,18.5,33.7
2025-02-23 22:00:00+00:00,0.0,0.0,18.9,34.0
2025-02-23 23:00:00+00:00,0.0,0.0,19.4,34.7
2025-02-24 00:00:00+00:00,0.0,0.0,20.8,36.8
2025-02-24 01:00:00+00:00,0.0,0.0,20.3,36.0
2025-02-24 02:00:00+00:00,0.0,0.0,20.5,36.2
2025-02-24 03:00:00+00:00,0.0,0.0,20.9,36.8
2025-02-24 04:00:00+00:00,0.0,0.0,20.5,36.3
2025-02-24 05:00:00+00:00,0.0,0.0,20.7,36.9
2025-02-24 06:00:00+00:00,0.0,0.0,21.3,37.6
2025-02-24 07:00:00+00:00,0.0,0.0,22.0,38.6
2025-02-24 08:00:00+00:00,0.0,0.0,22.7,39.5
2025-02-24 09:00:00+00:00,1.0,0.0,22.3,38.8
2025-02-24 10:00:00+00:00,14.0,0.0,22.3,38.5
2025-02-24 11:00:00+00:00,41.0,3.8,22.3,38.3
2025-02-24 12:00:00+00:00,104.0,0.0,22.9,38.4
2025-02-24 13:00:00+00:00,126.0,2.2,24.7,41.2
2025-02-24 14:00:00+00:00,77.0,0.0,23.6,39.7
2025-02-24 15:00:00+00:00,102.0,0.0,23.1,38.1
2025-02-24 16:00:00+00:00,57.0,2.3,20.8,34.9
2025-02-24 17:00:00+00:00,37.0,0.0,17.7,30.2
2025-02-24 18:00:00+00:00,142.0,184.9,17.0,28.8
2025-02-24 19:00:00+00:00,29.0,47.5,15.7,27.8
2025-02-24 20:00:00+00:00,1.0,0.0,14.4,27.9
2025-02-24 21:00:00+00:00,0.0,0.0,14.3,28.0
2025-02-24 22:00:00+00:00,0.0,0.0,14.4,28.2
2025-02-24 23:00:00+00:00,0.0,0.0,14.0,27.9
2025-02-25 00:00:00+00:00,0.0,0.0,13.8,27.6
2025-02-25 01:00:00+00:00,0.0,0.0,12.9,26.6
2025-02-25 02:00:00+00:00,0.0,0.0,11.6,25.5
2025-02-25 03:00:00+00:00,0.0,0.0,10.7,24.5
2025-02-25 04:00:00+00:00,0.0,0.0,10.5,24.4
2025-02-25 05:00:00+00:00,0.0,0.0,7.4,19.9
2025-02-25 06:00:00+00:00,0.0,0.0,8.9,21.8
2025-02-25 07:00:00+00:00,0.0,0.0,9.2,22.1
2025-02-25 08:00:00+00:00,0.0,0.0,11.3,23.1
2025-02-25 09:00:00+00:00,1.0,0.0,10.8,21.4
2025-02-25 10:00:00+00:00,37.0,31.5,9.6,16.8
2025-02-25 11:00:00+00:00,79.0,60.2,7.4,11.9
2025-02-25 12:00:00+00:00,121.0,29.1,9.8,13.6
2025-02-25 13:00:00+00:00,165.0,15.3,8.9,12.5
2025-02-25 14:00:00+00:00,153.0,0.0,6.3,8.7
2025-02-25 15:00:00+00:00,307.0,150.1,5.0,6.9
2025-02-25 16:00:00+00:00,249.0,142.8,4.1,5.4
2025-02-25 17:00:00+00:00,193.0,112.4,7.8,10.6
2025-02-25 18:00:00+00:00,90.0,12.1,8.6,15.5
2025-02-25 19:00:00+00:00,24.0,0.0,8.7,18.5
2025-02-25 20:00:00+00:00,1.0,0.0,10.9,21.8
2025-02-25 21:00:00+00:00,0.0,0.0,11.1,21.0
2025-02-25 22:00:00+00:00,0.0,0.0,16.6,29.1
2025-02-25 23:00:00+00:00,0.0,0.0,12.4,23.3
2025-02-26 00:00:00+00:00,0.0,0.0,12.4,21.9
2025-02-26 01:00:00+00:00,0.0,0.0,12.6,22.5
2025-02-26 02:00:00+00:00,0.0,0.0,13.0,23.4
2025-02-26 03:00:00+00:00,0.0,0.0,8.6,17.0
2025-02-26 04:00:00+00:00,0.0,0.0,7.1,15.4
2025-02-26 05:00:00+00:00,0.0,0.0,8.3,17.8
2025-02-26 06:00:00+00:00,0.0,0.0,8.6,19.4
2025-02-26 07:00:00+00:00,0.0,0.0,9.2,21.0
2025-02-26 08:00:00+00:00,0.0,0.0,9.8,22.0
2025-02-26 09:00:00+00:00,5.0,19.1,9.2,20.4
2025-02-26 10:00:00+00:00,92.0,413.8,10.5,24.3
2025-02-26 11:00:00+00:00,233.0,632.9,10.1,16.7
2025-02-26 12:00:00+00:00,361.0,746.9,11.3,16.7
2025-02-26 13:00:00+00:00,430.0,674.4,17.4,24.8
2025-02-26 14:00:00+00:00,417.0,572.1,18.4,26.9
2025-02-26 15:00:00+00:00,367.0,497.4,18.7,27.5
2025-02-26 16:00:00+00:00,289.0,262.2,21.7,33.0
2025-02-26 17:00:00+00:00,134.0,45.9,16.9,27.8
2025-02-26 18:00:00+00:00,101.0,27.6,16.8,29.0
2025-02-26 19:00:00+00:00,27.0,0.0,17.8,31.4
2025-02-26 20:00:00+00:00,0.0,0.0,21.4,36.6
2025-02-26 21:00:00+00:00,0.0,0.0,24.3,42.0
2025-02-26 22:00:00+00:00,0.0,0.0,25.5,42.9
2025-02-26 23:00:00+00:00,0.0,0.0,22.8,38.7
2025-02-27 00:00:00+00:00,0.0,0.0,17.7,30.7
2025-02-27 01:00:00+00:00,0.0,0.0,14.7,26.9
2025-02-27 02:00:00+00:00,0.0,0.0,14.2,26.5
2025-02-27 03:00:00+00:00,0.0,0.0,13.0,25.2
2025-02-27 04:00:00+00:00,0.0,0.0,11.7,25.0
2025-02-27 05:00:00+00:00,0.0,0.0,11.5,24.7
2025-02-27 06:00:00+00:00,0.0,0.0,12.7,26.1
2025-02-27 07:00:00+00:00,0.0,0.0,12.5,25.5
2025-02-27 08:00:00+00:00,0.0,0.0,12.2,25.9
2025-02-27 09:00:00+00:00,6.0,38.2,12.1,25.7
2025-02-27 10:00:00+00:00,97.0,418.2,12.7,24.6
2025-02-27 11:00:00+00:00,229.0,554.7,15.8,23.6
2025-02-27 12:00:00+00:00,254.0,266.6,13.7,20.3
2025-02-27 13:00:00+00:00,338.0,337.3,15.7,22.6
2025-02-27 14:00:00+00:00,191.0,19.7,16.6,24.5
2025-02-27 15:00:00+00:00,303.0,218.1,17.3,25.3
2025-02-27 16:00:00+00:00,230.0,137.2,18.2,27.2
2025-02-27 17:00:00+00:00,206.0,221.1,18.7,28.7
2025-02-27 18:00:00+00:00,168.0,359.7,16.4,26.5
2025-02-27 19:00:00+00:00,56.0,137.2,17.5,29.9
2025-02-27 20:00:00+00:00,1.0,0.0,17.3,29.2
2025-02-27 21:00:00+00:00,0.0,0.0,17.3,29.4
2025-02-27 22:00:00+00:00,0.0,0.0,17.8,30.4
2025-02-27 23:00:00+00:00,0.0,0.0,15.1,27.3
2025-02-28 00:00:00+00:00,0.0,0.0,16.5,28.4
2025-02-28 01:00:00+00:00,0.0,0.0,17.4,29.6
2025-02-28 02:00:00+00:00,0.0,0.0,17.2,29.3
2025-02-28 03:00:00+00:00,0.0,0.0,13.6,26.5
2025-02-28 04:00:00+00:00,0.0,0.0,13.6,26.3
2025-02-28 05:00:00+00:00,0.0,0.0,12.5,24.6
2025-02-28 06:00:00+00:00,0.0,0.0,12.3,23.3
2025-02-28 07:00:00+00:00,0.0,0.0,11.9,23.1
2025-02-28 08:00:00+00:00,0.0,0.0,11.3,22.4
2025-02-28 09:00:00+00:00,4.0,19.1,10.3,20.5
2025-02-28 10:00:00+00:00,72.0,159.1,12.6,19.5
2025-02-28 11:00:00+00:00,173.0,229.3,14.3,20.9
2025-02-28 12:00:00+00:00,243.0,232.3,13.8,19.7
2025-02-28 13:00:00+00:00,306.0,274.1,13.1,18.5
2025-02-28 14:00:00+00:00,331.0,270.9,11.3,15.7
2025-02-28 15:00:00+00:00,222.0,84.3,9.8,13.9
2025-02-28 16:00:00+00:00,210.0,92.5,12.0,16.8
2025-02-28 17:00:00+00:00,239.0,344.1,10.5,15.3
2025-02-28 18:00:00+00:00,167.0,356.6,9.1,13.9
2025-02-28 19:00:00+00:00,70.0,288.1,5.1,14.2
2025-02-28 20:00:00+00:00,3.0,0.0,6.3,17.2
2025-02-28 21:00:00+00:00,0.0,0.0,6.9,19.9
2025-02-28 22:00:00+00:00,0.0,0.0,6.8,19.6
2025-02-28 23:00:00+00:00,0.0,0.0,6.8,19.7
2025-03-01 00:00:00+00:00,0.0,0.0,6.5,19.0
2025-03-01 01:00:00+00:00,0.0,0.0,6.3,18.0
2025-03-01 02:00:00+00:00,0.0,0.0,6.4,17.8
2025-03-01 03:00:00+00:00,0.0,0.0,5.8,16.7
2025-03-01 04:00:00+00:00,0.0,0.0,4.8,15.2
2025-03-01 05:00:00+00:00,0.0,0.0,5.2,15.7
2025-03-01 06:00:00+00:00,0.0,0.0,5.8,16.7
2025-03-01 07:00:00+00:00,0.0,0.0,6.8,17.4
2025-03-01 08:00:00+00:00,0.0,0.0,10.6,15.3
2025-03-01 09:00:00+00:00,4.0,0.0,9.2,12.7
2025-03-01 10:00:00+00:00,37.0,6.6,8.6,12.0
2025-03-01 11:00:00+00:00,93.0,44.9,9.6,12.6
2025-03-01 12:00:00+00:00,114.0,22.4,10.1,14.0
2025-03-01 13:00:00+00:00,185.0,52.1,11.1,15.5
2025-03-01 14:00:00+00:00,225.0,44.3,11.0,15.3
2025-03-01 15:00:00+00:00,260.0,83.4,11.5,16.1
2025-03-01 16:00:00+00:00,257.0,110.6,11.1,15.7
2025-03-01 17:00:00+00:00,205.0,106.2,11.1,15.7
2025-03-01 18:00:00+00:00,110.0,40.9,10.5,15.1
2025-03-01 19:00:00+00:00,51.0,55.4,6.4,13.2
2025-03-01 20:00:00+00:00,3.0,0.0,5.8,15.9
2025-03-01 21:00:00+00:00,0.0,0.0,5.8,16.4
2025-03-01 22:00:00+00:00,0.0,0.0,5.9,16.6
2025-03-01 23:00:00+00:00,0.0,0.0,5.2,15.1
2025-03-02 00:00:00+00:00,0.0,0.0,6.4,17.1
2025-03-02 01:00:00+00:00,0.0,0.0,5.6,15.8
2025-03-02 02:00:00+00:00,0.0,0.0,4.1,13.2
2025-03-02 03:00:00+00:00,0.0,0.0,5.3,15.8
2025-03-02 04:00:00+00:00,0.0,0.0,4.4,14.7
2025-03-02 05:00:00+00:00,0.0,0.0,5.5,16.4
2025-03-02 06:00:00+00:00,0.0,0.0,6.1,17.1
2025-03-02 07:00:00+00:00,0.0,0.0,5.7,15.9
2025-03-02 08:00:00+00:00,0.0,0.0,4.0,14.0
2025-03-02 09:00:00+00:00,10.0,35.6,4.6,12.9
2025-03-02 10:00:00+00:00,115.0,460.8,6.2,14.9
2025-03-02 11:00:00+00:00,262.0,663.6,4.8,10.7
2025-03-02 12:00:00+00:00,393.0,772.3,5.2,8.0
2025-03-02 13:00:00+00:00,487.0,829.1,6.6,9.3
2025-03-02 14:00:00+00:00,533.0,853.9,6.7,9.4
2025-03-02 15:00:00+00:00,528.0,848.2,6.3,8.6
2025-03-02 16:00:00+00:00,474.0,824.3,7.0,9.8
2025-03-02 17:00:00+00:00,373.0,764.4,8.0,11.2
2025-03-02 18:00:00+00:00,239.0,646.7,7.9,12.4
2025-03-02 19:00:00+00:00,94.0,426.9,3.9,11.9
2025-03-02 20:00:00+00:00,4.0,19.1,4.8,13.8
2025-03-02 21:00:00+00:00,0.0,0.0,5.4,15.9
2025-03-02 22:00:00+00:00,0.0,0.0,5.6,17.0
2025-03-02 23:00:00+00:00,0.0,0.0,5.3,16.5
2025-03-03 00:00:00+00:00,0.0,0.0,5.2,16.0
2025-03-03 01:00:00+00:00,0.0,0.0,5.0,15.7
2025-03-03 02:00:00+00:00,0.0,0.0,4.6,14.6
2025-03-03 03:00:00+00:00,0.0,0.0,3.3,12.6
2025-03-03 04:00:00+00:00,0.0,0.0,1.5,7.7
2025-03-03 05:00:00+00:00,0.0,0.0,0.9,2.4
2025-03-03 06:00:00+00:00,0.0,0.0,2.4,3.0
2025-03-03 07:00:00+00:00,0.0,0.0,4.2,7.0
2025-03-03 08:00:00+00:00,0.0,0.0,5.8,12.0
2025-03-03 09:00:00+00:00,13.0,84.5,1.5,8.4
2025-03-03 10:00:00+00:00,124.0,493.3,1.5,4.7
2025-03-03 11:00:00+00:00,272.0,687.0,1.5,3.6
2025-03-03 12:00:00+00:00,402.0,790.3,1.5,2.1
2025-03-03 13:00:00+00:00,495.0,839.6,2.8,3.6
2025-03-03 14:00:00+00:00,541.0,857.8,3.9,5.0
2025-03-03 15:00:00+00:00,536.0,856.3,3.2,4.3
2025-03-03 16:00:00+00:00,482.0,833.8,3.6,4.7
2025-03-03 17:00:00+00:00,380.0,772.0,3.3,4.2
2025-03-03 18:00:00+00:00,245.0,656.6,2.1,3.4
2025-03-03 19:00:00+00:00,98.0,448.5,0.7,3.4
2025-03-03 20:00:00+00:00,5.0,38.2,0.6,3.4
2025-03-03 21:00:00+00:00,0.0,0.0,0.6,4.0
2025-03-03 22:00:00+00:00,0.0,0.0,1.9,6.9
2025-03-03 23:00:00+00:00,0.0,0.0,3.0,7.6
2025-03-04 00:00:00+00:00,0.0,0.0,3.2,10.4
2025-03-04 01:00:00+00:00,0.0,0.0,3.0,10.7
2025-03-04 02:00:00+00:00,0.0,0.0,2.8,9.2
2025-03-04 03:00:00+00:00,0.0,0.0,4.0,11.1
2025-03-04 04:00:00+00:00,0.0,0.0,3.3,10.9
2025-03-04 05:00:00+00:00,0.0,0.0,3.4,10.8
2025-03-04 06:00:00+00:00,0.0,0.0,3.8,11.7
2025-03-04 07:00:00+00:00,0.0,0.0,3.8,12.4
2025-03-04 08:00:00+00:00,0.0,0.0,2.9,11.4
2025-03-04 09:00:00+00:00,14.0,64.4,3.5,11.0
2025-03-04 10:00:00+00:00,124.0,410.5,4.3,10.4
2025-03-04 11:00:00+00:00,273.0,631.4,2.2,8.6
2025-03-04 12:00:00+00:00,381.0,617.1,2.3,5.8
2025-03-04 13:00:00+00:00,470.0,673.0,2.8,4.0
2025-03-04 14:00:00+00:00,534.0,792.7,4.2,5.3
2025-03-04 15:00:00+00:00,545.0,868.0,4.9,6.5
2025-03-04 16:00:00+00:00,489.0,841.0,3.1,4.1
2025-03-04 17:00:00+00:00,388.0,784.5,2.4,3.1
2025-03-04 18:00:00+00:00,253.0,676.8,2.2,4.9
2025-03-04 19:00:00+00:00,104.0,468.7,3.4,8.3
2025-03-04 20:00:00+00:00,7.0,38.2,4.4,11.8
2025-03-04 21:00:00+00:00,0.0,0.0,6.5,16.4
2025-03-04 22:00:00+00:00,0.0,0.0,7.1,19.3
2025-03-04 23:00:00+00:00,0.0,0.0,7.2,21.6
2025-03-05 00:00:00+00:00,0.0,0.0,4.4,16.8
2025-03-05 01:00:00+00:00,0.0,0.0,3.0,10.2
2025-03-05 02:00:00+00:00,0.0,0.0,2.7,9.8
2025-03-05 03:00:00+00:00,0.0,0.0,2.1,9.2
2025-03-05 04:00:00+00:00,0.0,0.0,2.7,2.6
2025-03-05 05:00:00+00:00,0.0,0.0,5.1,6.5
2025-03-05 06:00:00+00:00,0.0,0.0,6.3,12.8
2025-03-05 07:00:00+00:00,0.0,0.0,5.9,14.4
2025-03-05 08:00:00+00:00,0.0,0.0,4.8,14.1
2025-03-05 09:00:00+00:00,17.0,107.4,6.2,15.5
2025-03-05 10:00:00+00:00,135.0,517.3,9.0,17.8
2025-03-05 11:00:00+00:00,285.0,702.5,9.4,22.1
2025-03-05 12:00:00+00:00,417.0,801.3,4.1,17.3
2025-03-05 13:00:00+00:00,510.0,849.9,5.0,7.5
2025-03-05 14:00:00+00:00,555.0,867.4,6.1,8.5
2025-03-05 15:00:00+00:00,550.0,866.5,5.6,7.8
2025-03-05 16:00:00+00:00,493.0,837.9,5.3,7.5
2025-03-05 17:00:00+00:00,391.0,777.0,4.6,6.9
2025-03-05 18:00:00+00:00,255.0,665.1,1.5,5.8
2025-03-05 19:00:00+00:00,106.0,453.2,3.1,9.2
2025-03-05 20:00:00+00:00,7.0,38.2,5.2,13.5
2025-03-05 21:00:00+00:00,0.0,0.0,6.0,16.3
2025-03-05 22:00:00+00:00,0.0,0.0,7.2,19.7
2025-03-05 23:00:00+00:00,0.0,0.0,7.4,21.6
2025-03-06 00:00:00+00:00,0.0,0.0,7.2,21.2
2025-03-06 01:00:00+00:00,0.0,0.0,7.2,21.3
2025-03-06 02:00:00+00:00,0.0,0.0,7.9,22.4
2025-03-06 03:00:00+00:00,0.0,0.0,7.9,22.7
2025-03-06 04:00:00+00:00,0.0,0.0,8.8,24.4
2025-03-06 05:00:00+00:00,0.0,0.0,8.8,25.0
2025-03-06 06:00:00+00:00,0.0,0.0,8.8,25.7
2025-03-06 07:00:00+00:00,0.0,0.0,8.7,25.6
2025-03-06 08:00:00+00:00,0.0,0.0,8.8,25.7
2025-03-06 09:00:00+00:00,18.0,117.4,9.2,25.6
2025-03-06 10:00:00+00:00,137.0,500.3,11.4,24.7
2025-03-06 11:00:00+00:00,257.0,482.6,10.2,28.5
2025-03-06 12:00:00+00:00,377.0,558.6,10.5,16.9
2025-03-06 13:00:00+00:00,491.0,744.1,11.1,16.7
2025-03-06 14:00:00+00:00,559.0,882.2,12.8,18.9
2025-03-06 15:00:00+00:00,550.0,859.6,11.2,16.4
2025-03-06 16:00:00+00:00,493.0,824.9,10.7,15.7
2025-03-06 17:00:00+00:00,394.0,777.0,8.9,14.5
2025-03-06 18:00:00+00:00,259.0,667.5,6.0,14.9
2025-03-06 19:00:00+00:00,110.0,465.4,7.7,21.1
2025-03-06 20:00:00+00:00,9.0,56.9,8.8,24.8
2025-03-06 21:00:00+00:00,0.0,0.0,9.4,27.0
2025-03-06 22:00:00+00:00,0.0,0.0,9.5,27.2
2025-03-06 23:00:00+00:00,0.0,0.0,11.0,29.1
2025-03-07 00:00:00+00:00,0.0,0.0,12.0,30.0
2025-03-07 01:00:00+00:00,0.0,0.0,11.6,29.2
2025-03-07 02:00:00+00:00,0.0,0.0,11.5,28.6
2025-03-07 03:00:00+00:00,0.0,0.0,10.8,28.2
2025-03-07 04:00:00+00:00,0.0,0.0,10.3,27.4
2025-03-07 05:00:00+00:00,0.0,0.0,9.2,26.0
2025-03-07 06:00:00+00:00,0.0,0.0,8.4,24.4
2025-03-07 07:00:00+00:00,0.0,0.0,8.3,24.1
2025-03-07 08:00:00+00:00,0.0,0.0,8.6,24.3
2025-03-07 09:00:00+00:00,20.0,126.5,10.1,24.8
2025-03-07 10:00:00+00:00,139.0,484.4,11.7,23.1
2025-03-07 11:00:00+00:00,284.0,664.6,9.5,21.5
2025-03-07 12:00:00+00:00,409.0,752.3,9.7,15.4
2025-03-07 13:00:00+00:00,495.0,776.5,9.8,14.5
2025-03-07 14:00:00+00:00,539.0,799.1,9.0,13.0
2025-03-07 15:00:00+00:00,537.0,814.6,8.8,12.6
2025-03-07 16:00:00+00:00,483.0,788.4,9.9,14.4
2025-03-07 17:00:00+00:00,386.0,726.7,10.3,16.2
2025-03-07 18:00:00+00:00,252.0,589.5,6.8,15.8
2025-03-07 19:00:00+00:00,103.0,322.3,5.5,14.8
2025-03-07 20:00:00+00:00,9.0,36.3,7.2,18.7
2025-03-07 21:00:00+00:00,0.0,0.0,7.7,20.0
2025-03-07 22:00:00+00:00,0.0,0.0,7.8,20.8
2025-03-07 23:00:00+00:00,0.0,0.0,8.4,24.5
2025-03-08 00:00:00+00:00,0.0,0.0,9.4,26.7
2025-03-08 01:00:00+00:00,0.0,0.0,9.2,26.2
2025-03-08 02:00:00+00:00,0.0,0.0,8.6,25.0
2025-03-08 03:00:00+00:00,0.0,0.0,8.0,23.1
2025-03-08 04:00:00+00:00,0.0,0.0,7.8,22.4
2025-03-08 05:00:00+00:00,0.0,0.0,7.6,21.6
2025-03-08 06:00:00+00:00,0.0,0.0,7.7,21.9
2025-03-08 07:00:00+00:00,0.0,0.0,7.6,22.3
2025-03-08 08:00:00+00:00,0.0,0.0,7.6,21.9
2025-03-08 09:00:00+00:00,20.0,54.0,7.6,21.2
2025-03-08 10:00:00+00:00,141.0,443.4,9.5,19.9
2025-03-08 11:00:00+00:00,296.0,689.1,7.4,21.1
2025-03-08 12:00:00+00:00,425.0,783.0,6.9,12.5
2025-03-08 13:00:00+00:00,515.0,825.6,7.2,10.5
2025-03-08 14:00:00+00:00,560.0,846.6,8.7,12.4
2025-03-08 15:00:00+00:00,556.0,844.5,10.5,15.1
2025-03-08 16:00:00+00:00,497.0,801.9,12.1,18.1
2025-03-08 17:00:00+00:00,395.0,734.6,10.3,17.7
2025-03-08 18:00:00+00:00,265.0,655.8,7.4,17.3
2025-03-08 19:00:00+00:00,116.0,450.3,7.0,18.7
2025-03-08 20:00:00+00:00,11.0,69.6,7.6,20.4
2025-03-08 21:00:00+00:00,0.0,0.0,8.2,22.5
2025-03-08 22:00:00+00:00,0.0,0.0,8.1,22.6
2025-03-08 23:00:00+00:00,0.0,0.0,7.7,21.4
2025-03-09 00:00:00+00:00,0.0,0.0,7.9,22.5
2025-03-09 01:00:00+00:00,0.0,0.0,7.7,22.4
2025-03-09 02:00:00+00:00,0.0,0.0,7.5,21.1
2025-03-09 03:00:00+00:00,0.0,0.0,7.3,20.6
2025-03-09 04:00:00+00:00,0.0,0.0,7.0,19.7
2025-03-09 05:00:00+00:00,0.0,0.0,7.1,19.8
2025-03-09 06:00:00+00:00,0.0,0.0,7.0,19.9
2025-03-09 07:00:00+00:00,0.0,0.0,7.0,20.7
2025-03-09 08:00:00+00:00,0.0,0.0,6.9,20.4
2025-03-09 09:00:00+00:00,26.0,155.6,6.2,19.0
2025-03-09 10:00:00+00:00,151.0,516.2,8.3,18.5
2025-03-09 11:00:00+00:00,299.0,688.9,4.6,18.2
2025-03-09 12:00:00+00:00,427.0,775.0,3.8,7.4
2025-03-09 13:00:00+00:00,517.0,818.4,4.1,5.8
2025-03-09 14:00:00+00:00,562.0,839.9,4.4,6.1
2025-03-09 15:00:00+00:00,553.0,818.4,7.8,11.2
2025-03-09 16:00:00+00:00,497.0,797.6,8.7,12.7
2025-03-09 17:00:00+00:00,389.0,700.1,9.2,14.0
2025-03-09 18:00:00+00:00,263.0,629.2,6.7,15.1
2025-03-09 19:00:00+00:00,117.0,437.4,6.6,17.5
2025-03-09 20:00:00+00:00,12.0,66.8,7.9,21.7
2025-03-09 21:00:00+00:00,0.0,0.0,8.6,24.9
2025-03-09 22:00:00+00:00,0.0,0.0,8.0,23.6
2025-03-09 23:00:00+00:00,0.0,0.0,7.3,21.1
2025-03-10 00:00:00+00:00,0.0,0.0,6.5,19.1
2025-03-10 01:00:00+00:00,0.0,0.0,5.6,17.1
2025-03-10 02:00:00+00:00,0.0,0.0,6.3,17.1
2025-03-10 03:00:00+00:00,0.0,0.0,4.7,14.9
2025-03-10 04:00:00+00:00,0.0,0.0,3.9,13.0
2025-03-10 05:00:00+00:00,0.0,0.0,5.4,14.9
2025-03-10 06:00:00+00:00,0.0,0.0,5.7,16.4
2025-03-10 07:00:00+00:00,0.0,0.0,6.5,18.6
2025-03-10 08:00:00+00:00,0.0,0.0,6.2,17.9
2025-03-10 09:00:00+00:00,28.0,162.1,5.5,15.8
2025-03-10 10:00:00+00:00,131.0,284.9,6.1,15.3
2025-03-10 11:00:00+00:00,225.0,250.9,3.6,10.0
2025-03-10 12:00:00+00:00,375.0,536.4,4.6,6.8
2025-03-10 13:00:00+00:00,520.0,803.9,4.6,6.7
2025-03-10 14:00:00+00:00,572.0,857.9,4.0,5.7
2025-03-10 15:00:00+00:00,567.0,858.3,1.9,2.7
2025-03-10 16:00:00+00:00,496.0,772.1,3.3,4.6
2025-03-10 17:00:00+00:00,359.0,573.9,4.0,5.6
2025-03-10 18:00:00+00:00,230.0,478.9,3.1,5.9
2025-03-10 19:00:00+00:00,103.0,301.1,5.7,13.0
2025-03-10 20:00:00+00:00,11.0,48.2,6.9,16.0
2025-03-10 21:00:00+00:00,0.0,0.0,6.8,18.5
2025-03-10 22:00:00+00:00,0.0,0.0,5.1,14.4
2025-03-10 23:00:00+00:00,0.0,0.0,4.0,14.6
2025-03-11 00:00:00+00:00,0.0,0.0,3.0,12.6
2025-03-11 01:00:00+00:00,0.0,0.0,4.1,11.8
2025-03-11 02:00:00+00:00,0.0,0.0,5.3,13.9
2025-03-11 03:00:00+00:00,0.0,0.0,5.1,14.2
2025-03-11 04:00:00+00:00,0.0,0.0,3.6,12.0
2025-03-11 05:00:00+00:00,0.0,0.0,5.6,14.4
2025-03-11 06:00:00+00:00,0.0,0.0,6.6,18.2
2025-03-11 07:00:00+00:00,0.0,0.0,6.7,18.3
2025-03-11 08:00:00+00:00,0.0,0.0,7.7,17.5
2025-03-11 09:00:00+00:00,19.0,72.1,10.3,19.0
2025-03-11 10:00:00+00:00,39.0,0.0,10.7,15.5
2025-03-11 11:00:00+00:00,66.0,0.0,9.6,13.6
2025-03-11 12:00:00+00:00,107.0,13.0,9.9,13.9
2025-03-11 13:00:00+00:00,132.0,0.0,10.5,14.8
2025-03-11 14:00:00+00:00,151.0,3.5,10.7,15.3
2025-03-11 15:00:00+00:00,183.0,22.8,12.3,17.8
2025-03-11 16:00:00+00:00,169.0,11.5,12.4,18.2
2025-03-11 17:00:00+00:00,147.0,13.7,13.0,19.0
2025-03-11 18:00:00+00:00,114.0,18.9,13.2,19.3
2025-03-11 19:00:00+00:00,83.0,114.9,10.2,18.0
2025-03-11 20:00:00+00:00,12.0,31.0,10.0,20.6
2025-03-11 21:00:00+00:00,0.0,0.0,9.8,19.9
2025-03-11 22:00:00+00:00,0.0,0.0,6.5,18.1
2025-03-11 23:00:00+00:00,0.0,0.0,6.0,16.3
2025-03-12 00:00:00+00:00,0.0,0.0,6.0,16.5
2025-03-12 01:00:00+00:00,0.0,0.0,5.7,15.3
2025-03-12 02:00:00+00:00,0.0,0.0,5.9,15.9
2025-03-12 03:00:00+00:00,0.0,0.0,6.0,16.8
2025-03-12 04:00:00+00:00,0.0,0.0,5.8,15.9
2025-03-12 05:00:00+00:00,0.0,0.0,5.2,13.7
2025-03-12 06:00:00+00:00,0.0,0.0,4.5,13.2
2025-03-12 07:00:00+00:00,0.0,0.0,5.4,13.9
2025-03-12 08:00:00+00:00,0.0,0.0,5.1,12.8
2025-03-12 09:00:00+00:00,30.0,115.8,6.3,13.6
2025-03-12 10:00:00+00:00,136.0,273.5,6.2,16.0
2025-03-12 11:00:00+00:00,307.0,617.2,8.1,11.9
2025-03-12 12:00:00+00:00,412.0,666.3,9.4,13.1
2025-03-12 13:00:00+00:00,479.0,636.0,8.6,12.0
2025-03-12 14:00:00+00:00,494.0,545.4,9.3,12.6
2025-03-12 15:00:00+00:00,298.0,85.1,12.6,18.0
2025-03-12 16:00:00+00:00,293.0,225.1,6.6,9.5
2025-03-12 17:00:00+00:00,263.0,251.0,9.9,14.0
2025-03-12 18:00:00+00:00,219.0,328.2,9.0,12.9
2025-03-12 19:00:00+00:00,106.0,246.1,3.3,9.1
2025-03-12 20:00:00+00:00,13.0,44.8,5.6,14.0
2025-03-12 21:00:00+00:00,0.0,0.0,5.9,15.9
2025-03-12 22:00:00+00:00,0.0,0.0,4.2,14.0
2025-03-12 23:00:00+00:00,0.0,0.0,4.1,13.0
2025-03-13 00:00:00+00:00,0.0,0.0,3.7,12.1
2025-03-13 01:00:00+00:00,0.0,0.0,3.6,11.3
2025-03-13 02:00:00+00:00,0.0,0.0,4.0,11.6
2025-03-13 03:00:00+00:00,0.0,0.0,4.2,13.0
2025-03-13 04:00:00+00:00,0.0,0.0,3.7,12.1
2025-03-13 05:00:00+00:00,0.0,0.0,3.9,12.7
2025-03-13 06:00:00+00:00,0.0,0.0,3.9,13.2
2025-03-13 07:00:00+00:00,0.0,0.0,3.6,12.4
2025-03-13 08:00:00+00:00,0.0,0.0,3.8,11.1
2025-03-13 09:00:00+00:00,37.0,156.5,4.0,9.4
2025-03-13 10:00:00+00:00,165.0,419.2,3.6,8.1
2025-03-13 11:00:00+00:00,324.0,665.1,4.8,6.9
2025-03-13 12:00:00+00:00,402.0,592.3,8.5,11.5
2025-03-13 13:00:00+00:00,465.0,587.5,8.8,12.1
2025-03-13 14:00:00+00:00,464.0,521.4,8.6,11.7
2025-03-13 15:00:00+00:00,396.0,325.1,5.7,7.9
2025-03-13 16:00:00+00:00,417.0,517.0,7.6,10.3
2025-03-13 17:00:00+00:00,323.0,447.1,7.6,10.5
2025-03-13 18:00:00+00:00,205.0,320.3,9.7,13.9
2025-03-13 19:00:00+00:00,109.0,277.9,5.1,11.7
2025-03-13 20:00:00+00:00,12.0,43.3,5.2,12.5
2025-03-13 21:00:00+00:00,0.0,0.0,2.6,12.1
2025-03-13 22:00:00+00:00,0.0,0.0,2.7,9.6
2025-03-13 23:00:00+00:00,0.0,0.0,5.0,12.3
2025-03-14 00:00:00+00:00,0.0,0.0,6.1,16.9
2025-03-14 01:00:00+00:00,0.0,0.0,6.0,16.6
2025-03-14 02:00:00+00:00,0.0,0.0,6.2,16.9
2025-03-14 03:00:00+00:00,0.0,0.0,6.3,18.1
2025-03-14 04:00:00+00:00,0.0,0.0,6.1,16.9
2025-03-14 05:00:00+00:00,0.0,0.0,5.8,15.9
2025-03-14 06:00:00+00:00,0.0,0.0,4.0,13.4
2025-03-14 07:00:00+00:00,0.0,0.0,2.7,11.4
2025-03-14 08:00:00+00:00,0.0,0.0,2.2,9.7
2025-03-14 09:00:00+00:00,45.0,248.4,3.5,9.6
2025-03-14 10:00:00+00:00,188.0,561.5,3.2,9.4
2025-03-14 11:00:00+00:00,346.0,744.0,3.4,5.4
2025-03-14 12:00:00+00:00,464.0,760.4,8.3,11.4
2025-03-14 13:00:00+00:00,407.0,359.9,8.1,11.0
2025-03-14 14:00:00+00:00,359.0,162.0,8.0,11.0
2025-03-14 15:00:00+00:00,365.0,178.9,9.8,13.7
2025-03-14 16:00:00+00:00,324.0,192.9,10.6,14.8
2025-03-14 17:00:00+00:00,207.0,77.4,11.4,16.5
2025-03-14 18:00:00+00:00,127.0,45.1,11.7,17.6
2025-03-14 19:00:00+00:00,83.0,164.7,10.7,19.1
2025-03-14 20:00:00+00:00,15.0,69.8,11.4,23.5
2025-03-14 21:00:00+00:00,0.0,0.0,10.4,23.6
2025-03-14 22:00:00+00:00,0.0,0.0,12.2,26.7
2025-03-14 23:00:00+00:00,0.0,0.0,11.7,26.3
2025-03-15 00:00:00+00:00,0.0,0.0,11.9,26.3
2025-03-15 01:00:00+00:00,0.0,0.0,12.6,25.6
2025-03-15 02:00:00+00:00,0.0,0.0,11.2,24.0
2025-03-15 03:00:00+00:00,0.0,0.0,10.9,23.0
2025-03-15 04:00:00+00:00,0.0,0.0,9.8,23.3
2025-03-15 05:00:00+00:00,0.0,0.0,8.8,22.2
2025-03-15 06:00:00+00:00,0.0,0.0,8.9,22.6
2025-03-15 07:00:00+00:00,0.0,0.0,9.8,23.2
2025-03-15 08:00:00+00:00,0.0,0.0,10.2,23.1
2025-03-15 09:00:00+00:00,44.0,198.5,12.7,23.1
2025-03-15 10:00:00+00:00,171.0,401.5,17.6,25.7
2025-03-15 11:00:00+00:00,258.0,316.3,16.6,24.0
2025-03-15 12:00:00+00:00,351.0,309.5,17.6,25.1
2025-03-15 13:00:00+00:00,325.0,115.8,18.1,26.1
2025-03-15 14:00:00+00:00,363.0,178.9,18.2,26.1
2025-03-15 15:00:00+00:00,299.0,128.3,17.2,25.2
2025-03-15 16:00:00+00:00,254.0,68.0,18.1,27.1
2025-03-15 17:00:00+00:00,226.0,109.3,18.6,28.3
2025-03-15 18:00:00+00:00,185.0,157.0,17.8,26.8
2025-03-15 19:00:00+00:00,64.0,46.6,13.0,23.0
2025-03-15 20:00:00+00:00,13.0,27.0,12.0,23.1
2025-03-15 21:00:00+00:00,0.0,0.0,13.9,26.0
2025-03-15 22:00:00+00:00,0.0,0.0,12.7,25.9
2025-03-15 23:00:00+00:00,0.0,0.0,11.9,25.3
2025-03-16 00:00:00+00:00,0.0,0.0,10.7,24.1
2025-03-16 01:00:00+00:00,0.0,0.0,10.6,25.4
2025-03-16 02:00:00+00:00,0.0,0.0,11.4,26.2
2025-03-16 03:00:00+00:00,0.0,0.0,12.4,25.7
2025-03-16 04:00:00+00:00,0.0,0.0,12.3,25.4
2025-03-16 05:00:00+00:00,0.0,0.0,11.5,23.9
2025-03-16 06:00:00+00:00,0.0,0.0,11.5,23.3
2025-03-16 07:00:00+00:00,0.0,0.0,11.5,23.6
2025-03-16 08:00:00+00:00,0.0,0.0,10.4,23.0
2025-03-16 09:00:00+00:00,50.0,222.5,11.0,22.9
2025-03-16 10:00:00+00:00,183.0,445.2,11.4,18.0
2025-03-16 11:00:00+00:00,342.0,662.0,11.5,17.1
2025-03-16 12:00:00+00:00,479.0,784.7,10.7,15.6
2025-03-16 13:00:00+00:00,572.0,835.6,12.0,17.2
2025-03-16 14:00:00+00:00,618.0,858.0,14.1,20.2
2025-03-16 15:00:00+00:00,614.0,866.7,15.7,22.3
2025-03-16 16:00:00+00:00,480.0,584.3,14.6,20.9
2025-03-16 17:00:00+00:00,404.0,597.0,14.4,20.7
2025-03-16 18:00:00+00:00,301.0,633.9,13.2,20.0
2025-03-16 19:00:00+00:00,150.0,475.6,12.0,21.9
2025-03-16 20:00:00+00:00,25.0,144.0,9.3,22.4
2025-03-16 21:00:00+00:00,0.0,0.0,11.3,26.6
2025-03-16 22:00:00+00:00,0.0,0.0,9.8,24.3
2025-03-16 23:00:00+00:00,0.0,0.0,7.1,21.1
2025-03-17 00:00:00+00:00,0.0,0.0,6.1,17.8
2025-03-17 01:00:00+00:00,0.0,0.0,6.1,17.3
2025-03-17 02:00:00+00:00,0.0,0.0,5.1,16.0
2025-03-17 03:00:00+00:00,0.0,0.0,5.8,17.2
2025-03-17 04:00:00+00:00,0.0,0.0,5.8,17.3
2025-03-17 05:00:00+00:00,0.0,0.0,5.9,18.0
2025-03-17 06:00:00+00:00,0.0,0.0,7.2,18.8
2025-03-17 07:00:00+00:00,0.0,0.0,9.1,19.4
2025-03-17 08:00:00+00:00,0.0,0.0,9.7,19.3
2025-03-17 09:00:00+00:00,15.0,0.0,9.3,17.5
2025-03-17 10:00:00+00:00,108.0,125.8,9.1,14.3
2025-03-17 11:00:00+00:00,278.0,428.3,10.0,14.6
2025-03-17 12:00:00+00:00,420.0,551.7,13.7,19.5
2025-03-17 13:00:00+00:00,389.0,260.0,13.2,18.6
2025-03-17 14:00:00+00:00,367.0,162.5,15.1,21.6
2025-03-17 15:00:00+00:00,349.0,150.9,17.7,25.8
2025-03-17 16:00:00+00:00,330.0,191.1,16.9,24.9
2025-03-17 17:00:00+00:00,303.0,218.3,16.4,24.1
2025-03-17 18:00:00+00:00,256.0,417.7,15.1,22.5
2025-03-17 19:00:00+00:00,142.0,375.7,10.5,20.4
2025-03-17 20:00:00+00:00,27.0,152.5,8.3,22.6
2025-03-17 21:00:00+00:00,0.0,0.0,14.8,31.0
2025-03-17 22:00:00+00:00,0.0,0.0,13.8,28.4
2025-03-17 23:00:00+00:00,0.0,0.0,13.2,28.5
2025-03-18 00:00:00+00:00,0.0,0.0,12.0,26.8
2025-03-18 01:00:00+00:00,0.0,0.0,10.8,26.0
2025-03-18 02:00:00+00:00,0.0,0.0,10.4,25.3
2025-03-18 03:00:00+00:00,0.0,0.0,9.9,24.9
2025-03-18 04:00:00+00:00,0.0,0.0,8.8,23.6
2025-03-18 05:00:00+00:00,0.0,0.0,8.1,22.5
2025-03-18 06:00:00+00:00,0.0,0.0,8.3,22.7
2025-03-18 07:00:00+00:00,0.0,0.0,8.8,22.9
2025-03-18 08:00:00+00:00,0.0,0.0,9.7,24.0
2025-03-18 09:00:00+00:00,64.0,342.3,11.4,23.3
2025-03-18 10:00:00+00:00,216.0,617.3,10.3,19.6
2025-03-18 11:00:00+00:00,374.0,761.5,10.9,16.4
2025-03-18 12:00:00+00:00,507.0,839.7,13.0,18.9
2025-03-18 13:00:00+00:00,601.0,881.1,14.5,20.7
2025-03-18 14:00:00+00:00,645.0,896.1,15.2,21.8
2025-03-18 15:00:00+00:00,639.0,900.8,15.7,22.9
2025-03-18 16:00:00+00:00,578.0,873.7,16.3,23.9
2025-03-18 17:00:00+00:00,470.0,821.7,17.1,25.5
2025-03-18 18:00:00+00:00,327.0,727.5,15.4,26.0
2025-03-18 19:00:00+00:00,167.0,550.8,13.2,25.8
2025-03-18 20:00:00+00:00,31.0,185.1,11.9,27.2
2025-03-18 21:00:00+00:00,0.0,0.0,11.5,27.7
2025-03-18 22:00:00+00:00,0.0,0.0,10.8,26.7
2025-03-18 23:00:00+00:00,0.0,0.0,9.8,26.0
2025-03-19 00:00:00+00:00,0.0,0.0,8.9,24.7
2025-03-19 01:00:00+00:00,0.0,0.0,8.1,23.4
2025-03-19 02:00:00+00:00,0.0,0.0,7.4,21.7
2025-03-19 03:00:00+00:00,0.0,0.0,7.2,21.0
2025-03-19 04:00:00+00:00,0.0,0.0,6.9,19.6
2025-03-19 05:00:00+00:00,0.0,0.0,6.7,18.8
2025-03-19 06:00:00+00:00,0.0,0.0,6.7,18.6
2025-03-19 07:00:00+00:00,0.0,0.0,6.4,18.2
2025-03-19 08:00:00+00:00,1.0,0.0,6.4,18.2
2025-03-19 09:00:00+00:00,65.0,332.3,6.0,16.9
2025-03-19 10:00:00+00:00,213.0,583.3,6.5,16.3
2025-03-19 11:00:00+00:00,366.0,722.2,4.8,9.0
2025-03-19 12:00:00+00:00,494.0,796.5,5.0,7.7
2025-03-19 13:00:00+00:00,584.0,838.3,5.8,8.5
2025-03-19 14:00:00+00:00,627.0,852.7,6.3,9.0
2025-03-19 15:00:00+00:00,622.0,858.8,6.6,9.3
2025-03-19 16:00:00+00:00,564.0,835.7,9.4,13.5
2025-03-19 17:00:00+00:00,458.0,781.8,11.0,16.8
2025-03-19 18:00:00+00:00,320.0,692.6,9.4,18.0
2025-03-19 19:00:00+00:00,165.0,529.3,5.7,15.3
2025-03-19 20:00:00+00:00,32.0,180.0,4.0,11.8
2025-03-19 21:00:00+00:00,0.0,0.0,4.7,11.2
2025-03-19 22:00:00+00:00,0.0,0.0,6.8,12.5
2025-03-19 23:00:00+00:00,0.0,0.0,8.1,22.8
2025-03-20 00:00:00+00:00,0.0,0.0,9.0,25.1
2025-03-20 01:00:00+00:00,0.0,0.0,8.3,23.8
2025-03-20 02:00:00+00:00,0.0,0.0,7.9,22.8
2025-03-20 03:00:00+00:00,0.0,0.0,8.0,22.1
2025-03-20 04:00:00+00:00,0.0,0.0,7.9,22.3
2025-03-20 05:00:00+00:00,0.0,0.0,7.7,21.7
2025-03-20 06:00:00+00:00,0.0,0.0,7.6,21.4
2025-03-20 07:00:00+00:00,0.0,0.0,7.3,21.0
2025-03-20 08:00:00+00:00,1.0,0.0,7.0,19.9
2025-03-20 09:00:00+00:00,68.0,322.9,7.3,19.0
2025-03-20 10:00:00+00:00,214.0,565.9,6.2,19.9
2025-03-20 11:00:00+00:00,365.0,706.4,4.2,13.0
2025-03-20 12:00:00+00:00,493.0,783.5,4.0,6.2
2025-03-20 13:00:00+00:00,581.0,820.0,4.4,6.3
2025-03-20 14:00:00+00:00,621.0,835.6,3.6,5.0
2025-03-20 15:00:00+00:00,614.0,835.3,3.5,4.7
2025-03-20 16:00:00+00:00,556.0,812.5,1.8,2.5
2025-03-20 17:00:00+00:00,452.0,757.3,0.2,0.7
2025-03-20 18:00:00+00:00,315.0,664.2,2.3,3.3
2025-03-20 19:00:00+00:00,162.0,494.9,4.5,9.6
2025-03-20 20:00:00+00:00,32.0,175.1,5.8,14.7
2025-03-20 21:00:00+00:00,0.0,0.0,6.5,17.7
2025-03-20 22:00:00+00:00,0.0,0.0,7.4,20.5
2025-03-20 23:00:00+00:00,0.0,0.0,7.9,22.5
2025-03-21 00:00:00+00:00,0.0,0.0,7.9,23.3
2025-03-21 01:00:00+00:00,0.0,0.0,7.1,20.5
2025-03-21 02:00:00+00:00,0.0,0.0,7.4,20.9
2025-03-21 03:00:00+00:00,0.0,0.0,7.4,21.6
2025-03-21 04:00:00+00:00,0.0,0.0,7.2,21.4
2025-03-21 05:00:00+00:00,0.0,0.0,8.2,22.6
2025-03-21 06:00:00+00:00,0.0,0.0,7.6,21.1
2025-03-21 07:00:00+00:00,0.0,0.0,7.7,21.6
2025-03-21 08:00:00+00:00,1.0,0.0,7.6,21.7
2025-03-21 09:00:00+00:00,72.0,322.3,10.1,22.2
2025-03-21 10:00:00+00:00,202.0,409.3,12.1,27.6
2025-03-21 11:00:00+00:00,359.0,617.8,12.3,21.1
2025-03-21 12:00:00+00:00,502.0,780.4,14.1,21.5
2025-03-21 13:00:00+00:00,590.0,818.9,14.7,21.7
2025-03-21 14:00:00+00:00,621.0,787.2,16.6,24.6
2025-03-21 15:00:00+00:00,594.0,709.8,17.4,26.1
2025-03-21 16:00:00+00:00,529.0,664.5,17.0,26.3
2025-03-21 17:00:00+00:00,415.0,556.7,14.2,24.9
2025-03-21 18:00:00+00:00,288.0,456.2,14.3,26.8
2025-03-21 19:00:00+00:00,111.0,90.6,10.2,23.5
2025-03-21 20:00:00+00:00,18.0,0.0,9.5,24.7
2025-03-21 21:00:00+00:00,0.0,0.0,11.2,27.0
2025-03-21 22:00:00+00:00,0.0,0.0,10.9,26.8
2025-03-21 23:00:00+00:00,0.0,0.0,11.0,26.2
2025-03-22 00:00:00+00:00,0.0,0.0,8.3,22.4
2025-03-22 01:00:00+00:00,0.0,0.0,7.8,22.5
2025-03-22 02:00:00+00:00,0.0,0.0,10.1,25.2
2025-03-22 03:00:00+00:00,0.0,0.0,7.2,20.6
2025-03-22 04:00:00+00:00,0.0,0.0,6.0,17.3
2025-03-22 05:00:00+00:00,0.0,0.0,8.9,22.0
2025-03-22 06:00:00+00:00,0.0,0.0,6.9,19.4
2025-03-22 07:00:00+00:00,0.0,0.0,9.2,21.1
2025-03-22 08:00:00+00:00,2.0,0.0,9.9,23.4
2025-03-22 09:00:00+00:00,46.0,57.9,11.2,24.6
2025-03-22 10:00:00+00:00,105.0,39.7,10.9,22.9
2025-03-22 11:00:00+00:00,317.0,380.3,10.2,16.1
2025-03-22 12:00:00+00:00,249.0,169.2,12.1,18.3
2025-03-22 13:00:00+00:00,424.0,322.5,16.2,24.1
2025-03-22 14:00:00+00:00,489.0,370.6,14.9,21.5
2025-03-22 15:00:00+00:00,266.0,93.7,11.2,17.1
2025-03-22 16:00:00+00:00,340.0,208.7,9.9,14.0
2025-03-22 17:00:00+00:00,434.0,604.1,5.4,7.5
2025-03-22 18:00:00+00:00,242.0,288.6,5.6,9.0
2025-03-22 19:00:00+00:00,149.0,394.9,5.3,12.7
2025-03-22 20:00:00+00:00,32.0,110.8,6.6,17.2
2025-03-22 21:00:00+00:00,0.0,0.0,8.2,23.4
2025-03-22 22:00:00+00:00,0.0,0.0,8.1,22.0
2025-03-22 23:00:00+00:00,0.0,0.0,8.6,22.4
2025-03-23 00:00:00+00:00,0.0,0.0,8.1,22.5
2025-03-23 01:00:00+00:00,0.0,0.0,9.9,24.0
2025-03-23 02:00:00+00:00,0.0,0.0,11.8,25.1
2025-03-23 03:00:00+00:00,0.0,0.0,6.6,18.3
2025-03-23 04:00:00+00:00,0.0,0.0,8.2,21.2
2025-03-23 05:00:00+00:00,0.0,0.0,9.8,23.4
2025-03-23 06:00:00+00:00,0.0,0.0,11.5,25.1
2025-03-23 07:00:00+00:00,0.0,0.0,9.1,22.0
2025-03-23 08:00:00+00:00,3.0,0.0,8.3,20.7
2025-03-23 09:00:00+00:00,79.0,306.7,9.6,18.2
2025-03-23 10:00:00+00:00,226.0,543.4,8.2,13.7
2025-03-23 11:00:00+00:00,379.0,697.6,9.6,13.8
2025-03-23 12:00:00+00:00,504.0,757.8,8.9,12.5
2025-03-23 13:00:00+00:00,585.0,774.2,11.4,15.8
2025-03-23 14:00:00+00:00,354.0,208.7,10.2,14.3
2025-03-23 15:00:00+00:00,502.0,501.2,12.5,17.8
2025-03-23 16:00:00+00:00,405.0,318.1,12.6,18.1
2025-03-23 17:00:00+00:00,261.0,98.7,11.5,16.9
2025-03-23 18:00:00+00:00,202.0,191.8,9.0,14.2
2025-03-23 19:00:00+00:00,133.0,230.5,4.3,11.1
2025-03-23 20:00:00+00:00,37.0,151.4,1.5,6.8
2025-03-23 21:00:00+00:00,0.0,0.0,0.6,2.0
2025-03-23 22:00:00+00:00,0.0,0.0,0.6,1.7
2025-03-23 23:00:00+00:00,0.0,0.0,1.2,3.2
2025-03-24 00:00:00+00:00,0.0,0.0,3.2,6.0
2025-03-24 01:00:00+00:00,0.0,0.0,4.6,11.2
2025-03-24 02:00:00+00:00,0.0,0.0,5.4,13.3
2025-03-24 03:00:00+00:00,0.0,0.0,3.1,6.6
2025-03-24 04:00:00+00:00,0.0,0.0,2.7,4.2
2025-03-24 05:00:00+00:00,0.0,0.0,2.3,3.2
2025-03-24 06:00:00+00:00,0.0,0.0,3.2,4.9
2025-03-24 07:00:00+00:00,0.0,0.0,3.1,6.2
2025-03-24 08:00:00+00:00,3.0,19.1,2.7,6.6
2025-03-24 09:00:00+00:00,83.0,322.6,4.3,5.0
2025-03-24 10:00:00+00:00,231.0,545.9,1.8,2.7
2025-03-24 11:00:00+00:00,386.0,704.4,2.7,3.5
2025-03-24 12:00:00+00:00,511.0,766.4,3.0,4.0
2025-03-24 13:00:00+00:00,513.0,641.5,4.9,6.3
2025-03-24 14:00:00+00:00,524.0,577.7,6.8,8.9
2025-03-24 15:00:00+00:00,466.0,451.9,10.7,14.7
2025-03-24 16:00:00+00:00,415.0,398.5,12.4,17.3
2025-03-24 17:00:00+00:00,380.0,498.9,13.0,18.6
2025-03-24 18:00:00+00:00,294.0,513.3,11.6,16.9
2025-03-24 19:00:00+00:00,163.0,400.9,10.0,16.2
2025-03-24 20:00:00+00:00,42.0,200.5,9.2,18.6
2025-03-24 21:00:00+00:00,0.0,0.0,8.2,18.1
2025-03-24 22:00:00+00:00,0.0,0.0,7.5,17.9
2025-03-24 23:00:00+00:00,0.0,0.0,6.2,16.2
2025-03-25 00:00:00+00:00,0.0,0.0,5.0,13.5
2025-03-25 01:00:00+00:00,0.0,0.0,5.2,13.6
2025-03-25 02:00:00+00:00,0.0,0.0,5.2,14.3
2025-03-25 03:00:00+00:00,0.0,0.0,5.2,14.4
2025-03-25 04:00:00+00:00,0.0,0.0,7.3,12.7
2025-03-25 05:00:00+00:00,0.0,0.0,5.7,11.0
2025-03-25 06:00:00+00:00,0.0,0.0,4.4,10.9
2025-03-25 07:00:00+00:00,0.0,0.0,4.1,9.4
2025-03-25 08:00:00+00:00,4.0,0.0,6.1,10.3
2025-03-25 09:00:00+00:00,68.0,93.3,7.4,10.5
2025-03-25 10:00:00+00:00,172.0,145.5,7.5,9.7
2025-03-25 11:00:00+00:00,360.0,512.5,8.3,11.3
2025-03-25 12:00:00+00:00,467.0,537.5,9.4,12.9
2025-03-25 13:00:00+00:00,531.0,500.0,9.8,13.5
2025-03-25 14:00:00+00:00,595.0,622.1,12.1,16.8
2025-03-25 15:00:00+00:00,374.0,122.6,13.7,19.9
2025-03-25 16:00:00+00:00,363.0,166.5,13.2,18.9
2025-03-25 17:00:00+00:00,303.0,166.1,12.3,18.0
2025-03-25 18:00:00+00:00,281.0,382.3,12.6,18.9
2025-03-25 19:00:00+00:00,163.0,305.5,10.7,19.0
2025-03-25 20:00:00+00:00,30.0,82.5,10.9,20.4
2025-03-25 21:00:00+00:00,0.0,0.0,9.9,17.4
2025-03-25 22:00:00+00:00,0.0,0.0,8.8,16.4
2025-03-25 23:00:00+00:00,0.0,0.0,7.8,14.9
2025-03-26 00:00:00+00:00,0.0,0.0,7.2,13.8
2025-03-26 01:00:00+00:00,0.0,0.0,7.4,14.1
2025-03-26 02:00:00+00:00,0.0,0.0,7.2,13.7
2025-03-26 03:00:00+00:00,0.0,0.0,8.6,15.9
2025-03-26 04:00:00+00:00,0.0,0.0,9.1,16.7
2025-03-26 05:00:00+00:00,0.0,0.0,9.0,17.5
2025-03-26 06:00:00+00:00,0.0,0.0,7.6,15.7
2025-03-26 07:00:00+00:00,0.0,0.0,8.7,18.6
2025-03-26 08:00:00+00:00,5.0,19.1,6.8,17.2
2025-03-26 09:00:00+00:00,90.0,281.9,10.5,15.2
2025-03-26 10:00:00+00:00,215.0,371.6,11.7,16.3
2025-03-26 11:00:00+00:00,269.0,186.8,12.0,16.5
2025-03-26 12:00:00+00:00,293.0,98.4,10.7,14.5
2025-03-26 13:00:00+00:00,466.0,372.1,11.5,15.7
2025-03-26 14:00:00+00:00,413.0,190.0,11.4,15.7
2025-03-26 15:00:00+00:00,324.0,80.1,9.4,13.1
2025-03-26 16:00:00+00:00,348.0,143.5,9.2,12.7
2025-03-26 17:00:00+00:00,252.0,78.4,8.7,12.2
2025-03-26 18:00:00+00:00,256.0,293.1,9.1,12.9
2025-03-26 19:00:00+00:00,165.0,341.0,6.1,12.0
2025-03-26 20:00:00+00:00,48.0,221.7,4.0,12.2
2025-03-26 21:00:00+00:00,0.0,0.0,5.6,16.4
2025-03-26 22:00:00+00:00,0.0,0.0,5.6,16.9
2025-03-26 23:00:00+00:00,0.0,0.0,5.5,16.6
2025-03-27 00:00:00+00:00,0.0,0.0,4.4,14.2
2025-03-27 01:00:00+00:00,0.0,0.0,3.5,12.2
2025-03-27 02:00:00+00:00,0.0,0.0,3.0,11.0
2025-03-27 03:00:00+00:00,0.0,0.0,1.6,7.1
2025-03-27 04:00:00+00:00,0.0,0.0,0.9,4.9
2025-03-27 05:00:00+00:00,0.0,0.0,0.5,3.7
2025-03-27 06:00:00+00:00,0.0,0.0,0.5,2.8
2025-03-27 07:00:00+00:00,0.0,0.0,0.5,1.9
2025-03-27 08:00:00+00:00,7.0,38.2,1.5,3.0
2025-03-27 09:00:00+00:00,101.0,356.6,4.5,4.8
2025-03-27 10:00:00+00:00,257.0,569.5,2.1,5.9
2025-03-27 11:00:00+00:00,424.0,766.8,1.9,2.4
2025-03-27 12:00:00+00:00,554.0,831.6,1.7,2.2
2025-03-27 13:00:00+00:00,644.0,868.4,1.4,1.8
2025-03-27 14:00:00+00:00,686.0,884.0,1.1,1.5
2025-03-27 15:00:00+00:00,677.0,884.7,1.5,1.9
2025-03-27 16:00:00+00:00,616.0,862.6,1.4,2.1
2025-03-27 17:00:00+00:00,509.0,817.5,1.6,2.1
2025-03-27 18:00:00+00:00,367.0,734.5,1.5,2.2
2025-03-27 19:00:00+00:00,205.0,585.1,0.3,1.1
2025-03-27 20:00:00+00:00,56.0,305.6,0.4,1.4
2025-03-27 21:00:00+00:00,0.0,0.0,0.7,1.9
2025-03-27 22:00:00+00:00,0.0,0.0,2.2,4.7
2025-03-27 23:00:00+00:00,0.0,0.0,2.1,4.7
2025-03-28 00:00:00+00:00,0.0,0.0,2.9,5.5
2025-03-28 01:00:00+00:00,0.0,0.0,5.2,8.8
2025-03-28 02:00:00+00:00,0.0,0.0,6.5,13.9
2025-03-28 03:00:00+00:00,0.0,0.0,6.4,16.5
2025-03-28 04:00:00+00:00,0.0,0.0,6.2,17.5
2025-03-28 05:00:00+00:00,0.0,0.0,6.2,17.7
2025-03-28 06:00:00+00:00,0.0,0.0,6.9,19.2
2025-03-28 07:00:00+00:00,0.0,0.0,6.7,18.8
2025-03-28 08:00:00+00:00,7.0,36.8,7.0,15.9
2025-03-28 09:00:00+00:00,73.0,146.2,8.4,12.8
2025-03-28 10:00:00+00:00,138.0,35.1,9.4,12.9
2025-03-28 11:00:00+00:00,229.0,93.3,11.3,15.2
2025-03-28 12:00:00+00:00,324.0,144.7,11.4,15.7
2025-03-28 13:00:00+00:00,347.0,141.9,12.5,17.4
2025-03-28 14:00:00+00:00,417.0,155.7,12.6,17.5
2025-03-28 15:00:00+00:00,493.0,310.9,11.8,16.2
2025-03-28 16:00:00+00:00,444.0,266.2,10.3,14.2
2025-03-28 17:00:00+00:00,253.0,182.9,10.5,14.9
2025-03-28 18:00:00+00:00,99.0,0.0,8.8,12.8
2025-03-28 19:00:00+00:00,60.0,0.0,6.3,11.3
2025-03-28 20:00:00+00:00,10.0,0.0,4.3,10.3
2025-03-28 21:00:00+00:00,0.0,0.0,5.2,13.2
2025-03-28 22:00:00+00:00,0.0,0.0,11.5,21.7
2025-03-28 23:00:00+00:00,0.0,0.0,9.3,19.0
2025-03-29 00:00:00+00:00,0.0,0.0,9.6,20.4
2025-03-29 01:00:00+00:00,0.0,0.0,10.6,21.8
2025-03-29 02:00:00+00:00,0.0,0.0,9.4,20.3
2025-03-29 03:00:00+00:00,0.0,0.0,6.3,16.0
2025-03-29 04:00:00+00:00,0.0,0.0,6.6,17.5
2025-03-29 05:00:00+00:00,0.0,0.0,6.4,18.0
2025-03-29 06:00:00+00:00,0.0,0.0,6.5,18.5
2025-03-29 07:00:00+00:00,0.0,0.0,7.5,20.3
2025-03-29 08:00:00+00:00,9.0,17.4,7.3,19.6
2025-03-29 09:00:00+00:00,109.0,343.0,8.6,17.7
2025-03-29 10:00:00+00:00,272.0,624.1,8.5,13.1
2025-03-29 11:00:00+00:00,420.0,710.6,12.5,17.7
2025-03-29 12:00:00+00:00,375.0,242.4,13.1,18.7
2025-03-29 13:00:00+00:00,500.0,441.1,12.4,17.2
2025-03-29 14:00:00+00:00,556.0,496.3,13.0,18.3
2025-03-29 15:00:00+00:00,492.0,390.0,13.4,19.2
2025-03-29 16:00:00+00:00,444.0,344.0,12.5,18.0
2025-03-29 17:00:00+00:00,416.0,467.5,11.3,16.0
2025-03-29 18:00:00+00:00,338.0,559.2,10.1,14.9
2025-03-29 19:00:00+00:00,201.0,506.6,7.7,14.9
2025-03-29 20:00:00+00:00,58.0,274.1,5.7,15.1
2025-03-29 21:00:00+00:00,0.0,0.0,3.4,11.6
2025-03-29 22:00:00+00:00,0.0,0.0,6.2,15.1
2025-03-29 23:00:00+00:00,0.0,0.0,9.0,24.7
2025-03-30 00:00:00+00:00,0.0,0.0,11.9,27.2
2025-03-30 01:00:00+00:00,0.0,0.0,13.3,28.3
2025-03-30 02:00:00+00:00,0.0,0.0,15.0,30.4
2025-03-30 03:00:00+00:00,0.0,0.0,17.6,33.0
2025-03-30 04:00:00+00:00,0.0,0.0,18.6,33.7
2025-03-30 05:00:00+00:00,0.0,0.0,19.4,33.8
2025-03-30 06:00:00+00:00,0.0,0.0,19.7,34.2
2025-03-30 07:00:00+00:00,0.0,0.0,19.4,33.9
2025-03-30 08:00:00+00:00,2.0,0.0,18.5,32.6
2025-03-30 09:00:00+00:00,37.0,11.8,16.7,29.2
2025-03-30 10:00:00+00:00,90.0,49.3,13.8,25.0
2025-03-30 11:00:00+00:00,187.0,108.3,22.6,35.3
2025-03-30 12:00:00+00:00,445.0,420.5,24.0,36.1
2025-03-30 13:00:00+00:00,337.0,155.2,21.8,32.8
2025-03-30 14:00:00+00:00,485.0,255.2,21.4,31.8
2025-03-30 15:00:00+00:00,457.0,252.6,20.7,30.6
2025-03-30 16:00:00+00:00,356.0,195.8,21.4,32.1
2025-03-30 17:00:00+00:00,285.0,126.8,21.8,32.4
2025-03-30 18:00:00+00:00,227.0,186.8,19.4,29.8
2025-03-30 19:00:00+00:00,159.0,287.4,15.3,26.3
2025-03-30 20:00:00+00:00,57.0,203.7,12.0,24.2
2025-03-30 21:00:00+00:00,0.0,0.0,8.7,21.0
2025-03-30 22:00:00+00:00,0.0,0.0,7.7,20.3
2025-03-30 23:00:00+00:00,0.0,0.0,8.8,22.2
2025-03-31 00:00:00+00:00,0.0,0.0,10.7,25.2
2025-03-31 01:00:00+00:00,0.0,0.0,11.3,24.7
2025-03-31 02:00:00+00:00,0.0,0.0,9.6,22.2
2025-03-31 03:00:00+00:00,0.0,0.0,8.7,20.6
2025-03-31 04:00:00+00:00,0.0,0.0,8.4,19.5
2025-03-31 05:00:00+00:00,0.0,0.0,7.1,18.9
2025-03-31 06:00:00+00:00,0.0,0.0,6.5,18.8
2025-03-31 07:00:00+00:00,0.0,0.0,6.4,18.3
2025-03-31 08:00:00+00:00,13.0,63.2,5.9,17.7
2025-03-31 09:00:00+00:00,123.0,405.3,9.2,18.0
2025-03-31 10:00:00+00:00,282.0,620.3,12.9,18.6
2025-03-31 11:00:00+00:00,373.0,500.8,10.8,15.2
2025-03-31 12:00:00+00:00,519.0,628.4,8.6,12.1
2025-03-31 13:00:00+00:00,607.0,691.1,10.0,13.8
2025-03-31 14:00:00+00:00,577.0,519.8,9.5,13.1
2025-03-31 15:00:00+00:00,629.0,673.9,10.0,14.0
2025-03-31 16:00:00+00:00,526.0,496.4,9.9,13.7
2025-03-31 17:00:00+00:00,516.0,789.9,9.6,13.2
2025-03-31 18:00:00+00:00,362.0,644.6,9.9,14.3
2025-03-31 19:00:00+00:00,190.0,403.2,8.8,16.0
2025-03-31 20:00:00+00:00,64.0,281.4,6.3,17.3
2025-03-31 21:00:00+00:00,1.0,0.0,6.5,18.2
2025-03-31 22:00:00+00:00,0.0,0.0,6.6,18.8
2025-03-31 23:00:00+00:00,0.0,0.0,7.0,19.8
2025-04-01 00:00:00+00:00,0.0,0.0,7.1,20.6
2025-04-01 01:00:00+00:00,0.0,0.0,7.2,20.7
2025-04-01 02:00:00+00:00,0.0,0.0,7.9,22.0
2025-04-01 03:00:00+00:00,0.0,0.0,8.5,22.4
2025-04-01 04:00:00+00:00,0.0,0.0,7.0,20.2
2025-04-01 05:00:00+00:00,0.0,0.0,6.5,19.1
2025-04-01 06:00:00+00:00,0.0,0.0,6.8,19.7
2025-04-01 07:00:00+00:00,0.0,0.0,6.5,19.1
2025-04-01 08:00:00+00:00,16.0,90.5,7.9,19.5
2025-04-01 09:00:00+00:00,131.0,447.3,8.5,20.6
2025-04-01 10:00:00+00:00,291.0,642.3,10.0,15.1
2025-04-01 11:00:00+00:00,445.0,752.9,10.1,14.7
2025-04-01 12:00:00+00:00,572.0,816.9,11.8,17.0
2025-04-01 13:00:00+00:00,660.0,852.1,18.7,27.2
2025-04-01 14:00:00+00:00,648.0,729.8,20.4,30.3
2025-04-01 15:00:00+00:00,677.0,818.1,22.4,32.9
2025-04-01 16:00:00+00:00,531.0,545.4,22.4,33.9
2025-04-01 17:00:00+00:00,415.0,411.2,21.7,33.9
2025-04-01 18:00:00+00:00,366.0,637.8,18.5,30.6
2025-04-01 19:00:00+00:00,219.0,559.9,14.6,27.1
2025-04-01 20:00:00+00:00,70.0,329.5,13.2,27.5
2025-04-01 21:00:00+00:00,1.0,0.0,9.6,24.2
2025-04-01 22:00:00+00:00,0.0,0.0,8.5,23.8
2025-04-01 23:00:00+00:00,0.0,0.0,10.4,26.3
2025-04-02 00:00:00+00:00,0.0,0.0,12.6,28.3
2025-04-02 01:00:00+00:00,0.0,0.0,12.6,27.8
2025-04-02 02:00:00+00:00,0.0,0.0,12.6,27.7
2025-04-02 03:00:00+00:00,0.0,0.0,12.9,28.0
2025-04-02 04:00:00+00:00,0.0,0.0,12.0,27.4
2025-04-02 05:00:00+00:00,0.0,0.0,13.0,28.6
2025-04-02 06:00:00+00:00,0.0,0.0,13.0,28.4
2025-04-02 07:00:00+00:00,0.0,0.0,14.1,29.8
2025-04-02 08:00:00+00:00,17.0,72.2,14.8,29.8
2025-04-02 09:00:00+00:00,132.0,417.0,13.9,30.7
2025-04-02 10:00:00+00:00,292.0,634.4,14.5,23.5
2025-04-02 11:00:00+00:00,447.0,748.3,17.4,26.4
2025-04-02 12:00:00+00:00,574.0,807.7,18.9,28.1
2025-04-02 13:00:00+00:00,662.0,850.0,19.2,28.3
2025-04-02 14:00:00+00:00,703.0,867.5,20.4,30.3
2025-04-02 15:00:00+00:00,696.0,875.4,26.3,39.8
2025-04-02 16:00:00+00:00,405.0,229.6,23.1,36.6
2025-04-02 17:00:00+00:00,396.0,391.3,19.9,32.4
2025-04-02 18:00:00+00:00,362.0,605.0,17.1,29.7
2025-04-02 19:00:00+00:00,223.0,565.6,13.8,27.6
2025-04-02 20:00:00+00:00,70.0,332.0,14.1,29.9
2025-04-02 21:00:00+00:00,1.0,0.0,17.5,34.4
2025-04-02 22:00:00+00:00,0.0,0.0,16.0,32.3
2025-04-02 23:00:00+00:00,0.0,0.0,15.0,30.8
2025-04-03 00:00:00+00:00,0.0,0.0,14.1,29.8
2025-04-03 01:00:00+00:00,0.0,0.0,16.1,32.4
2025-04-03 02:00:00+00:00,0.0,0.0,16.3,32.6
2025-04-03 03:00:00+00:00,0.0,0.0,14.9,31.2
2025-04-03 04:00:00+00:00,0.0,0.0,13.5,29.4
2025-04-03 05:00:00+00:00,0.0,0.0,13.5,29.6
2025-04-03 06:00:00+00:00,0.0,0.0,13.6,29.8
2025-04-03 07:00:00+00:00,0.0,0.0,13.7,29.8
2025-04-03 08:00:00+00:00,19.0,96.9,13.9,29.3
2025-04-03 09:00:00+00:00,126.0,311.0,14.6,26.8
2025-04-03 10:00:00+00:00,296.0,632.5,12.8,21.3
2025-04-03 11:00:00+00:00,450.0,752.1,14.0,21.1
2025-04-03 12:00:00+00:00,577.0,813.9,12.8,18.6
2025-04-03 13:00:00+00:00,663.0,848.1,11.6,16.6
2025-04-03 14:00:00+00:00,701.0,860.0,12.1,17.2
2025-04-03 15:00:00+00:00,692.0,862.2,12.3,17.7
2025-04-03 16:00:00+00:00,630.0,837.9,11.6,16.7
2025-04-03 17:00:00+00:00,523.0,787.3,11.5,17.1
2025-04-03 18:00:00+00:00,384.0,719.1,8.9,16.1
2025-04-03 19:00:00+00:00,225.0,585.7,5.1,14.6
2025-04-03 20:00:00+00:00,75.0,353.8,7.0,18.5
2025-04-03 21:00:00+00:00,2.0,0.0,10.1,27.4
2025-04-03 22:00:00+00:00,0.0,0.0,9.0,25.4
2025-04-03 23:00:00+00:00,0.0,0.0,8.6,24.2
2025-04-04 00:00:00+00:00,0.0,0.0,7.7,22.1
2025-04-04 01:00:00+00:00,0.0,0.0,7.3,20.9
2025-04-04 02:00:00+00:00,0.0,0.0,6.8,19.3
2025-04-04 03:00:00+00:00,0.0,0.0,6.5,18.5
2025-04-04 04:00:00+00:00,0.0,0.0,5.8,17.1
2025-04-04 05:00:00+00:00,0.0,0.0,6.7,17.0
2025-04-04 06:00:00+00:00,0.0,0.0,6.7,18.3
2025-04-04 07:00:00+00:00,0.0,0.0,6.2,18.0
2025-04-04 08:00:00+00:00,23.0,146.4,6.1,18.0
2025-04-04 09:00:00+00:00,149.0,497.9,9.4,19.7
2025-04-04 10:00:00+00:00,313.0,687.3,6.9,21.9
2025-04-04 11:00:00+00:00,470.0,792.7,5.6,10.9
2025-04-04 12:00:00+00:00,597.0,850.3,5.2,8.1
2025-04-04 13:00:00+00:00,683.0,877.5,6.3,9.1
2025-04-04 14:00:00+00:00,721.0,888.3,10.0,14.3
2025-04-04 15:00:00+00:00,711.0,889.7,11.6,16.8
2025-04-04 16:00:00+00:00,649.0,871.2,10.8,16.0
2025-04-04 17:00:00+00:00,541.0,826.5,9.3,15.2
2025-04-04 18:00:00+00:00,398.0,751.6,8.0,16.8
2025-04-04 19:00:00+00:00,235.0,615.7,7.5,20.2
2025-04-04 20:00:00+00:00,81.0,382.0,9.6,25.7
2025-04-04 21:00:00+00:00,2.0,0.0,12.8,30.2
2025-04-04 22:00:00+00:00,0.0,0.0,12.3,29.4
2025-04-04 23:00:00+00:00,0.0,0.0,10.0,27.3
2025-04-05 00:00:00+00:00,0.0,0.0,9.3,26.0
2025-04-05 01:00:00+00:00,0.0,0.0,8.4,24.4
2025-04-05 02:00:00+00:00,0.0,0.0,10.7,26.8
2025-04-05 03:00:00+00:00,0.0,0.0,11.0,26.7
2025-04-05 04:00:00+00:00,0.0,0.0,9.0,24.5
2025-04-05 05:00:00+00:00,0.0,0.0,8.4,23.8
2025-04-05 06:00:00+00:00,0.0,0.0,7.1,20.3
2025-04-05 07:00:00+00:00,0.0,0.0,9.6,24.1
2025-04-05 08:00:00+00:00,25.0,153.6,10.3,22.8
2025-04-05 09:00:00+00:00,154.0,498.3,10.7,24.0
2025-04-05 10:00:00+00:00,316.0,676.5,10.3,16.2
2025-04-05 11:00:00+00:00,471.0,777.8,9.3,13.8
2025-04-05 12:00:00+00:00,598.0,837.9,8.9,12.8
2025-04-05 13:00:00+00:00,686.0,871.0,10.4,15.0
2025-04-05 14:00:00+00:00,726.0,885.1,11.6,16.5
2025-04-05 15:00:00+00:00,716.0,886.7,14.2,20.5
2025-04-05 16:00:00+00:00,651.0,852.8,15.2,22.2
2025-04-05 17:00:00+00:00,544.0,807.5,15.6,23.2
2025-04-05 18:00:00+00:00,391.0,674.9,15.2,24.8
2025-04-05 19:00:00+00:00,217.0,414.9,14.2,26.3
2025-04-05 20:00:00+00:00,80.0,306.2,14.3,27.9
2025-04-05 21:00:00+00:00,3.0,19.1,14.9,29.6
2025-04-05 22:00:00+00:00,0.0,0.0,15.5,30.2
2025-04-05 23:00:00+00:00,0.0,0.0,15.3,30.1
2025-04-06 00:00:00+00:00,0.0,0.0,14.9,29.6
2025-04-06 01:00:00+00:00,0.0,0.0,14.8,29.3
2025-04-06 02:00:00+00:00,0.0,0.0,15.0,29.4
2025-04-06 03:00:00+00:00,0.0,0.0,14.9,29.8
2025-04-06 04:00:00+00:00,0.0,0.0,14.2,28.8
2025-04-06 05:00:00+00:00,0.0,0.0,14.3,28.9
2025-04-06 06:00:00+00:00,0.0,0.0,14.7,29.5
2025-04-06 07:00:00+00:00,0.0,0.0,14.9,29.6
2025-04-06 08:00:00+00:00,28.0,172.8,15.2,29.1
2025-04-06 09:00:00+00:00,162.0,517.7,14.0,24.5
2025-04-06 10:00:00+00:00,329.0,698.9,16.5,25.0
2025-04-06 11:00:00+00:00,488.0,801.4,15.7,23.1
2025-04-06 12:00:00+00:00,619.0,863.6,15.2,21.9
2025-04-06 13:00:00+00:00,710.0,898.5,15.3,21.8
2025-04-06 14:00:00+00:00,750.0,913.0,15.5,22.4
2025-04-06 15:00:00+00:00,741.0,916.7,16.3,23.7
2025-04-06 16:00:00+00:00,676.0,894.8,16.6,24.3
2025-04-06 17:00:00+00:00,565.0,853.3,16.0,23.8
2025-04-06 18:00:00+00:00,419.0,778.3,14.4,22.7
2025-04-06 19:00:00+00:00,252.0,649.3,10.4,21.0
2025-04-06 20:00:00+00:00,91.0,417.7,7.6,20.5
2025-04-06 21:00:00+00:00,4.0,19.1,10.9,26.0
2025-04-06 22:00:00+00:00,0.0,0.0,13.7,28.9
2025-04-06 23:00:00+00:00,0.0,0.0,11.6,26.5
2025-04-07 00:00:00+00:00,0.0,0.0,9.0,23.5
2025-04-07 01:00:00+00:00,0.0,0.0,7.8,21.9
2025-04-07 02:00:00+00:00,0.0,0.0,7.4,21.1
2025-04-07 03:00:00+00:00,0.0,0.0,7.3,20.8
2025-04-07 04:00:00+00:00,0.0,0.0,6.8,19.5
2025-04-07 05:00:00+00:00,0.0,0.0,6.2,17.3
2025-04-07 06:00:00+00:00,0.0,0.0,6.6,19.1
2025-04-07 07:00:00+00:00,0.0,0.0,6.6,19.3
2025-04-07 08:00:00+00:00,32.0,190.6,7.9,18.9
2025-04-07 09:00:00+00:00,168.0,527.0,8.5,18.6
2025-04-07 10:00:00+00:00,333.0,699.1,8.7,13.2
2025-04-07 11:00:00+00:00,489.0,794.8,8.3,11.9
2025-04-07 12:00:00+00:00,616.0,849.9,9.7,13.7
2025-04-07 13:00:00+00:00,700.0,870.2,10.2,14.1
2025-04-07 14:00:00+00:00,739.0,887.5,9.1,12.7
2025-04-07 15:00:00+00:00,730.0,892.5,8.3,11.6
2025-04-07 16:00:00+00:00,664.0,861.4,9.0,12.3
2025-04-07 17:00:00+00:00,556.0,823.8,9.5,13.2
2025-04-07 18:00:00+00:00,412.0,748.3,9.5,14.1
2025-04-07 19:00:00+00:00,249.0,623.2,7.5,15.4
2025-04-07 20:00:00+00:00,92.0,397.2,6.7,18.3
2025-04-07 21:00:00+00:00,4.0,19.1,8.6,23.1
2025-04-07 22:00:00+00:00,0.0,0.0,9.3,24.4
2025-04-07 23:00:00+00:00,0.0,0.0,8.9,24.2
2025-04-08 00:00:00+00:00,0.0,0.0,7.7,22.5
2025-04-08 01:00:00+00:00,0.0,0.0,7.2,20.6
2025-04-08 02:00:00+00:00,0.0,0.0,6.1,17.8
2025-04-08 03:00:00+00:00,0.0,0.0,6.1,16.8
2025-04-08 04:00:00+00:00,0.0,0.0,6.6,17.3
2025-04-08 05:00:00+00:00,0.0,0.0,6.9,19.2
2025-04-08 06:00:00+00:00,0.0,0.0,6.7,18.6
2025-04-08 07:00:00+00:00,0.0,0.0,6.7,18.9
2025-04-08 08:00:00+00:00,35.0,195.9,7.3,18.2
2025-04-08 09:00:00+00:00,171.0,522.3,6.1,17.5
2025-04-08 10:00:00+00:00,336.0,694.1,5.6,9.4
2025-04-08 11:00:00+00:00,490.0,788.5,5.1,7.3
2025-04-08 12:00:00+00:00,616.0,842.9,4.2,5.6
2025-04-08 13:00:00+00:00,700.0,867.0,5.5,7.4
2025-04-08 14:00:00+00:00,737.0,879.1,6.9,9.2
2025-04-08 15:00:00+00:00,726.0,879.9,6.6,8.8
2025-04-08 16:00:00+00:00,662.0,860.4,5.4,7.6
2025-04-08 17:00:00+00:00,554.0,816.0,4.8,6.8
2025-04-08 18:00:00+00:00,409.0,723.4,4.4,6.5
2025-04-08 19:00:00+00:00,245.0,577.8,3.5,8.8
2025-04-08 20:00:00+00:00,90.0,335.2,6.3,15.5
2025-04-08 21:00:00+00:00,5.0,19.1,8.8,23.7
2025-04-08 22:00:00+00:00,0.0,0.0,10.5,26.0
2025-04-08 23:00:00+00:00,0.0,0.0,9.1,23.5
2025-04-09 00:00:00+00:00,0.0,0.0,8.7,22.9
2025-04-09 01:00:00+00:00,0.0,0.0,8.0,21.5
2025-04-09 02:00:00+00:00,0.0,0.0,7.4,20.7
2025-04-09 03:00:00+00:00,0.0,0.0,6.6,19.0
2025-04-09 04:00:00+00:00,0.0,0.0,5.8,16.2
2025-04-09 05:00:00+00:00,0.0,0.0,4.3,13.8
2025-04-09 06:00:00+00:00,0.0,0.0,4.3,13.1
2025-04-09 07:00:00+00:00,0.0,0.0,5.6,14.8
2025-04-09 08:00:00+00:00,22.0,0.0,6.9,15.2
2025-04-09 09:00:00+00:00,142.0,267.8,7.9,12.5
2025-04-09 10:00:00+00:00,337.0,681.5,7.3,10.5
2025-04-09 11:00:00+00:00,484.0,747.5,6.9,9.8
2025-04-09 12:00:00+00:00,611.0,818.5,7.3,10.2
2025-04-09 13:00:00+00:00,695.0,848.0,7.8,10.7
2025-04-09 14:00:00+00:00,731.0,859.8,8.5,11.5
2025-04-09 15:00:00+00:00,719.0,857.7,10.4,14.4
2025-04-09 16:00:00+00:00,658.0,841.3,11.5,16.0
2025-04-09 17:00:00+00:00,552.0,801.4,11.7,16.7
2025-04-09 18:00:00+00:00,409.0,721.2,12.4,18.2
2025-04-09 19:00:00+00:00,248.0,586.4,9.9,16.9
2025-04-09 20:00:00+00:00,94.0,373.8,6.1,16.4
2025-04-09 21:00:00+00:00,5.0,19.1,12.7,25.3
2025-04-09 22:00:00+00:00,0.0,0.0,12.7,24.7
2025-04-09 23:00:00+00:00,0.0,0.0,8.8,19.1
2025-04-10 00:00:00+00:00,0.0,0.0,8.2,19.5
2025-04-10 01:00:00+00:00,0.0,0.0,7.6,18.6
2025-04-10 02:00:00+00:00,0.0,0.0,7.5,16.3
2025-04-10 03:00:00+00:00,0.0,0.0,4.5,12.8
2025-04-10 04:00:00+00:00,0.0,0.0,2.3,8.5
2025-04-10 05:00:00+00:00,0.0,0.0,3.5,9.4
2025-04-10 06:00:00+00:00,0.0,0.0,3.9,11.7
2025-04-10 07:00:00+00:00,0.0,0.0,3.9,11.1
2025-04-10 08:00:00+00:00,22.0,32.4,6.0,13.2
2025-04-10 09:00:00+00:00,100.0,72.8,11.2,16.4
2025-04-10 10:00:00+00:00,158.0,38.8,11.0,15.9
2025-04-10 11:00:00+00:00,233.0,34.5,9.7,13.5
2025-04-10 12:00:00+00:00,392.0,218.1,8.9,12.3
2025-04-10 13:00:00+00:00,528.0,406.2,7.0,9.8
2025-04-10 14:00:00+00:00,664.0,620.3,7.7,10.7
2025-04-10 15:00:00+00:00,426.0,200.3,10.1,13.8
2025-04-10 16:00:00+00:00,541.0,555.4,11.2,15.4
2025-04-10 17:00:00+00:00,447.0,477.8,11.6,16.4
2025-04-10 18:00:00+00:00,368.0,549.3,11.8,16.9
2025-04-10 19:00:00+00:00,250.0,575.3,11.4,17.4
2025-04-10 20:00:00+00:00,98.0,370.0,11.2,21.4
2025-04-10 21:00:00+00:00,6.0,38.2,9.3,21.3
2025-04-10 22:00:00+00:00,0.0,0.0,7.5,19.4
2025-04-10 23:00:00+00:00,0.0,0.0,5.8,16.6
2025-04-11 00:00:00+00:00,0.0,0.0,5.5,15.1
2025-04-11 01:00:00+00:00,0.0,0.0,3.6,12.5
2025-04-11 02:00:00+00:00,0.0,0.0,3.1,11.1
2025-04-11 03:00:00+00:00,0.0,0.0,1.3,6.0
2025-04-11 04:00:00+00:00,0.0,0.0,1.5,3.3
2025-04-11 05:00:00+00:00,0.0,0.0,2.2,3.9
2025-04-11 06:00:00+00:00,0.0,0.0,2.4,5.0
2025-04-11 07:00:00+00:00,0.0,0.0,3.2,6.4
2025-04-11 08:00:00+00:00,43.0,210.0,5.4,8.9
2025-04-11 09:00:00+00:00,181.0,489.6,5.1,12.1
2025-04-11 10:00:00+00:00,347.0,678.0,4.9,8.0
2025-04-11 11:00:00+00:00,502.0,782.3,5.4,7.7
2025-04-11 12:00:00+00:00,629.0,842.1,5.8,8.0
2025-04-11 13:00:00+00:00,716.0,873.7,6.2,8.5
2025-04-11 14:00:00+00:00,754.0,887.5,5.2,7.2
2025-04-11 15:00:00+00:00,740.0,882.2,4.7,6.3
2025-04-11 16:00:00+00:00,676.0,863.8,4.3,6.0
2025-04-11 17:00:00+00:00,568.0,821.2,4.0,5.7
2025-04-11 18:00:00+00:00,424.0,741.3,4.6,6.7
2025-04-11 19:00:00+00:00,263.0,625.5,3.8,8.5
2025-04-11 20:00:00+00:00,105.0,412.2,5.2,13.0
2025-04-11 21:00:00+00:00,8.0,38.2,7.5,18.7
2025-04-11 22:00:00+00:00,0.0,0.0,5.5,16.6
2025-04-11 23:00:00+00:00,0.0,0.0,4.8,15.2
2025-04-12 00:00:00+00:00,0.0,0.0,6.0,17.4
2025-04-12 01:00:00+00:00,0.0,0.0,6.3,18.6
2025-04-12 02:00:00+00:00,0.0,0.0,6.3,18.8
2025-04-12 03:00:00+00:00,0.0,0.0,6.8,19.8
2025-04-12 04:00:00+00:00,0.0,0.0,7.2,20.6
2025-04-12 05:00:00+00:00,0.0,0.0,7.6,21.5
2025-04-12 06:00:00+00:00,0.0,0.0,7.6,22.7
2025-04-12 07:00:00+00:00,0.0,0.0,8.1,23.5
2025-04-12 08:00:00+00:00,50.0,285.7,7.5,19.7
2025-04-12 09:00:00+00:00,196.0,568.6,8.1,22.6
2025-04-12 10:00:00+00:00,364.0,726.9,7.8,17.8
2025-04-12 11:00:00+00:00,518.0,812.5,9.3,14.5
2025-04-12 12:00:00+00:00,644.0,865.6,9.5,13.8
2025-04-12 13:00:00+00:00,730.0,893.5,10.4,14.9
2025-04-12 14:00:00+00:00,766.0,902.6,12.5,18.2
2025-04-12 15:00:00+00:00,750.0,897.8,14.0,20.9
2025-04-12 16:00:00+00:00,680.0,870.5,13.0,20.6
2025-04-12 17:00:00+00:00,574.0,832.8,13.4,22.9
2025-04-12 18:00:00+00:00,431.0,765.3,11.1,22.1
2025-04-12 19:00:00+00:00,264.0,623.9,9.7,22.8
2025-04-12 20:00:00+00:00,97.0,331.2,11.3,26.5
2025-04-12 21:00:00+00:00,6.0,18.5,10.9,25.1
2025-04-12 22:00:00+00:00,0.0,0.0,11.3,24.3
2025-04-12 23:00:00+00:00,0.0,0.0,10.3,24.1
2025-04-13 00:00:00+00:00,0.0,0.0,10.8,24.8
2025-04-13 01:00:00+00:00,0.0,0.0,14.7,28.1
2025-04-13 02:00:00+00:00,0.0,0.0,14.1,26.2
2025-04-13 03:00:00+00:00,0.0,0.0,15.3,27.1
2025-04-13 04:00:00+00:00,0.0,0.0,14.4,25.7
2025-04-13 05:00:00+00:00,0.0,0.0,15.7,27.8
2025-04-13 06:00:00+00:00,0.0,0.0,16.8,30.1
2025-04-13 07:00:00+00:00,0.0,0.0,17.7,31.5
2025-04-13 08:00:00+00:00,39.0,59.6,18.5,31.6
2025-04-13 09:00:00+00:00,106.0,52.0,18.6,30.7
2025-04-13 10:00:00+00:00,95.0,14.9,18.8,30.5
2025-04-13 11:00:00+00:00,303.0,218.0,18.3,27.8
2025-04-13 12:00:00+00:00,560.0,672.4,18.4,26.8
2025-04-13 13:00:00+00:00,614.0,636.8,17.4,25.0
2025-04-13 14:00:00+00:00,526.0,435.9,18.0,26.1
2025-04-13 15:00:00+00:00,357.0,90.2,19.0,28.3
2025-04-13 16:00:00+00:00,262.0,79.6,18.7,28.3
2025-04-13 17:00:00+00:00,262.0,93.6,18.3,27.4
2025-04-13 18:00:00+00:00,221.0,167.7,16.3,24.7
2025-04-13 19:00:00+00:00,163.0,206.4,13.7,22.4
2025-04-13 20:00:00+00:00,96.0,310.3,8.5,18.4
2025-04-13 21:00:00+00:00,9.0,35.7,5.7,15.6
2025-04-13 22:00:00+00:00,0.0,0.0,6.0,16.0
2025-04-13 23:00:00+00:00,0.0,0.0,6.3,16.4
2025-04-14 00:00:00+00:00,0.0,0.0,6.4,18.4
2025-04-14 01:00:00+00:00,0.0,0.0,7.1,20.2
2025-04-14 02:00:00+00:00,0.0,0.0,10.2,22.9
2025-04-14 03:00:00+00:00,0.0,0.0,12.7,24.7
2025-04-14 04:00:00+00:00,0.0,0.0,10.8,21.0
2025-04-14 05:00:00+00:00,0.0,0.0,5.7,13.3
2025-04-14 06:00:00+00:00,0.0,0.0,5.7,12.2
2025-04-14 07:00:00+00:00,0.0,0.0,6.8,15.6
2025-04-14 08:00:00+00:00,34.0,0.0,7.6,15.9
2025-04-14 09:00:00+00:00,157.0,203.7,6.4,11.1
2025-04-14 10:00:00+00:00,351.0,615.3,5.7,8.5
2025-04-14 11:00:00+00:00,475.0,590.9,5.2,7.4
2025-04-14 12:00:00+00:00,604.0,684.6,4.9,6.9
2025-04-14 13:00:00+00:00,703.0,775.1,4.9,7.0
2025-04-14 14:00:00+00:00,775.0,892.3,7.6,10.5
2025-04-14 15:00:00+00:00,589.0,431.0,10.5,14.5
2025-04-14 16:00:00+00:00,281.0,44.0,9.7,14.3
2025-04-14 17:00:00+00:00,384.0,273.9,8.9,12.8
2025-04-14 18:00:00+00:00,298.0,234.5,5.9,8.7
2025-04-14 19:00:00+00:00,254.0,500.4,4.0,8.3
2025-04-14 20:00:00+00:00,113.0,417.6,6.0,14.8
2025-04-14 21:00:00+00:00,10.0,68.9,7.7,21.5
2025-04-14 22:00:00+00:00,0.0,0.0,7.7,22.1
2025-04-14 23:00:00+00:00,0.0,0.0,7.4,21.4
2025-04-15 00:00:00+00:00,0.0,0.0,7.2,20.3
2025-04-15 01:00:00+00:00,0.0,0.0,8.0,23.4
2025-04-15 02:00:00+00:00,0.0,0.0,8.7,24.4
2025-04-15 03:00:00+00:00,0.0,0.0,8.5,24.4
2025-04-15 04:00:00+00:00,0.0,0.0,10.0,26.1
2025-04-15 05:00:00+00:00,0.0,0.0,9.8,25.4
2025-04-15 06:00:00+00:00,0.0,0.0,9.1,24.2
2025-04-15 07:00:00+00:00,0.0,0.0,11.9,26.8
2025-04-15 08:00:00+00:00,49.0,188.7,13.9,28.5
2025-04-15 09:00:00+00:00,170.0,322.5,14.3,26.0
2025-04-15 10:00:00+00:00,271.0,317.2,12.3,19.5
2025-04-15 11:00:00+00:00,467.0,609.5,16.0,23.0
2025-04-15 12:00:00+00:00,446.0,322.3,17.9,26.4
2025-04-15 13:00:00+00:00,508.0,325.7,16.2,23.6
2025-04-15 14:00:00+00:00,618.0,508.3,16.6,23.8
2025-04-15 15:00:00+00:00,578.0,430.0,15.1,21.6
2025-04-15 16:00:00+00:00,500.0,314.8,14.0,20.1
2025-04-15 17:00:00+00:00,287.0,75.6,12.4,18.1
2025-04-15 18:00:00+00:00,260.0,118.4,9.1,14.3
2025-04-15 19:00:00+00:00,175.0,103.8,8.2,16.5
2025-04-15 20:00:00+00:00,94.0,218.6,7.7,19.0
2025-04-15 21:00:00+00:00,9.0,16.6,7.3,20.2
2025-04-15 22:00:00+00:00,0.0,0.0,10.6,24.1
2025-04-15 23:00:00+00:00,0.0,0.0,10.7,24.0
2025-04-16 00:00:00+00:00,0.0,0.0,12.1,25.4
2025-04-16 01:00:00+00:00,0.0,0.0,12.1,25.1
2025-04-16 02:00:00+00:00,0.0,0.0,11.8,24.9
2025-04-16 03:00:00+00:00,0.0,0.0,11.4,23.8
2025-04-16 04:00:00+00:00,0.0,0.0,10.5,23.2
2025-04-16 05:00:00+00:00,0.0,0.0,10.6,22.7
2025-04-16 06:00:00+00:00,0.0,0.0,10.9,21.7
2025-04-16 07:00:00+00:00,0.0,0.0,9.7,19.8
2025-04-16 08:00:00+00:00,19.0,0.0,9.2,17.1
2025-04-16 09:00:00+00:00,42.0,0.0,8.6,14.8
2025-04-16 10:00:00+00:00,129.0,7.2,11.2,17.1
2025-04-16 11:00:00+00:00,224.0,23.6,13.0,19.3
2025-04-16 12:00:00+00:00,315.0,73.2,12.4,18.1
2025-04-16 13:00:00+00:00,228.0,16.5,10.4,15.3
2025-04-16 14:00:00+00:00,313.0,33.1,9.9,14.3
2025-04-16 15:00:00+00:00,245.0,24.2,12.8,18.7
2025-04-16 16:00:00+00:00,252.0,34.8,12.2,17.6
2025-04-16 17:00:00+00:00,269.0,48.4,10.7,15.8
2025-04-16 18:00:00+00:00,210.0,31.5,9.7,14.5
2025-04-16 19:00:00+00:00,98.0,6.0,3.8,9.6
2025-04-16 20:00:00+00:00,39.0,0.0,2.4,7.3
2025-04-16 21:00:00+00:00,6.0,0.0,4.3,9.1
2025-04-16 22:00:00+00:00,0.0,0.0,5.0,9.6
2025-04-16 23:00:00+00:00,0.0,0.0,4.7,8.2
2025-04-17 00:00:00+00:00,0.0,0.0,4.9,8.7
2025-04-17 01:00:00+00:00,0.0,0.0,4.5,9.7
2025-04-17 02:00:00+00:00,0.0,0.0,3.7,9.5
2025-04-17 03:00:00+00:00,0.0,0.0,0.5,0.4
2025-04-17 04:00:00+00:00,0.0,0.0,0.4,0.4
2025-04-17 05:00:00+00:00,0.0,0.0,0.2,1.0
2025-04-17 06:00:00+00:00,0.0,0.0,0.7,2.2
2025-04-17 07:00:00+00:00,1.0,0.0,0.8,1.9
2025-04-17 08:00:00+00:00,28.0,18.0,1.3,2.7
2025-04-17 09:00:00+00:00,132.0,236.4,2.2,3.5
2025-04-17 10:00:00+00:00,182.0,108.8,2.4,3.6
2025-04-17 11:00:00+00:00,227.0,32.4,2.3,3.5
2025-04-17 12:00:00+00:00,243.0,24.2,2.7,4.0
2025-04-17 13:00:00+00:00,272.0,21.9,3.9,5.6
2025-04-17 14:00:00+00:00,381.0,57.9,5.6,7.7
2025-04-17 15:00:00+00:00,173.0,6.7,7.0,9.0
2025-04-17 16:00:00+00:00,110.0,0.0,7.2,9.6
2025-04-17 17:00:00+00:00,133.0,0.0,7.8,10.7
2025-04-17 18:00:00+00:00,83.0,0.0,6.7,9.9
2025-04-17 19:00:00+00:00,63.0,0.0,4.5,7.7
2025-04-17 20:00:00+00:00,32.0,0.0,5.6,11.6
2025-04-17 21:00:00+00:00,4.0,0.0,5.6,12.8
2025-04-17 22:00:00+00:00,0.0,0.0,5.9,13.6
2025-04-17 23:00:00+00:00,0.0,0.0,5.9,14.3
2025-04-18 00:00:00+00:00,0.0,0.0,8.0,17.0
2025-04-18 01:00:00+00:00,0.0,0.0,7.3,17.1
2025-04-18 02:00:00+00:00,0.0,0.0,6.5,15.8
2025-04-18 03:00:00+00:00,0.0,0.0,8.2,18.7
2025-04-18 04:00:00+00:00,0.0,0.0,7.9,18.1
2025-04-18 05:00:00+00:00,0.0,0.0,5.4,15.3
2025-04-18 06:00:00+00:00,0.0,0.0,4.5,13.4
2025-04-18 07:00:00+00:00,1.0,0.0,3.2,10.3
2025-04-18 08:00:00+00:00,33.0,8.7,4.4,9.7
2025-04-18 09:00:00+00:00,106.0,14.5,2.8,5.7
2025-04-18 10:00:00+00:00,245.0,152.1,3.0,4.6
2025-04-18 11:00:00+00:00,440.0,394.5,2.6,3.5
2025-04-18 12:00:00+00:00,529.0,391.1,4.0,5.4
2025-04-18 13:00:00+00:00,687.0,656.6,4.1,5.4
2025-04-18 14:00:00+00:00,736.0,724.3,4.0,5.1
2025-04-18 15:00:00+00:00,758.0,828.3,5.7,7.8
2025-04-18 16:00:00+00:00,686.0,818.8,6.3,8.4
2025-04-18 17:00:00+00:00,565.0,747.1,7.6,10.2
2025-04-18 18:00:00+00:00,448.0,747.6,9.1,12.6
2025-04-18 19:00:00+00:00,258.0,498.2,5.9,11.1
2025-04-18 20:00:00+00:00,112.0,319.9,5.8,15.0
2025-04-18 21:00:00+00:00,14.0,60.5,9.8,23.4
2025-04-18 22:00:00+00:00,0.0,0.0,10.9,25.3
2025-04-18 23:00:00+00:00,0.0,0.0,8.9,23.5
2025-04-19 00:00:00+00:00,0.0,0.0,7.3,21.4
2025-04-19 01:00:00+00:00,0.0,0.0,6.9,19.9
2025-04-19 02:00:00+00:00,0.0,0.0,7.3,20.9
2025-04-19 03:00:00+00:00,0.0,0.0,6.9,20.2
2025-04-19 04:00:00+00:00,0.0,0.0,7.3,20.3
2025-04-19 05:00:00+00:00,0.0,0.0,7.1,20.5
2025-04-19 06:00:00+00:00,0.0,0.0,7.1,19.8
2025-04-19 07:00:00+00:00,2.0,0.0,7.6,19.3
2025-04-19 08:00:00+00:00,73.0,291.0,9.0,19.5
2025-04-19 09:00:00+00:00,164.0,185.3,8.0,16.5
2025-04-19 10:00:00+00:00,324.0,365.6,8.0,12.1
2025-04-19 11:00:00+00:00,533.0,759.7,10.9,15.6
2025-04-19 12:00:00+00:00,649.0,789.2,12.8,18.2
2025-04-19 13:00:00+00:00,664.0,601.5,14.1,19.9
2025-04-19 14:00:00+00:00,713.0,660.7,14.8,21.1
2025-04-19 15:00:00+00:00,722.0,731.4,16.5,23.5
2025-04-19 16:00:00+00:00,629.0,596.3,14.8,21.5
2025-04-19 17:00:00+00:00,537.0,575.4,13.9,20.2
2025-04-19 18:00:00+00:00,387.0,434.5,13.4,20.3
2025-04-19 19:00:00+00:00,229.0,247.8,11.7,20.7
2025-04-19 20:00:00+00:00,87.0,70.2,8.0,18.4
2025-04-19 21:00:00+00:00,12.0,0.0,9.0,21.8
2025-04-19 22:00:00+00:00,0.0,0.0,13.7,26.7
2025-04-19 23:00:00+00:00,0.0,0.0,11.7,25.0
2025-04-20 00:00:00+00:00,0.0,0.0,10.3,24.1
2025-04-20 01:00:00+00:00,0.0,0.0,12.2,26.4
2025-04-20 02:00:00+00:00,0.0,0.0,12.2,25.5
2025-04-20 03:00:00+00:00,0.0,0.0,9.8,22.4
2025-04-20 04:00:00+00:00,0.0,0.0,10.3,22.7
2025-04-20 05:00:00+00:00,0.0,0.0,8.8,20.7
2025-04-20 06:00:00+00:00,0.0,0.0,9.8,21.4
2025-04-20 07:00:00+00:00,2.0,0.0,10.2,21.4
2025-04-20 08:00:00+00:00,75.0,295.0,8.5,16.0
2025-04-20 09:00:00+00:00,213.0,483.3,8.2,12.4
2025-04-20 10:00:00+00:00,353.0,531.0,9.6,14.0
2025-04-20 11:00:00+00:00,512.0,681.8,7.1,10.1
2025-04-20 12:00:00+00:00,518.0,493.2,6.1,8.5
2025-04-20 13:00:00+00:00,499.0,404.2,3.8,5.1
2025-04-20 14:00:00+00:00,475.0,249.0,5.7,7.4
2025-04-20 15:00:00+00:00,432.0,130.5,0.7,0.9
2025-04-20 16:00:00+00:00,358.0,73.8,1.6,2.3
2025-04-20 17:00:00+00:00,395.0,182.5,4.1,5.6
2025-04-20 18:00:00+00:00,296.0,258.4,5.0,6.6
2025-04-20 19:00:00+00:00,121.0,31.7,8.1,12.5
2025-04-20 20:00:00+00:00,39.0,0.0,7.9,15.3
2025-04-20 21:00:00+00:00,3.0,0.0,2.8,8.7
2025-04-20 22:00:00+00:00,0.0,0.0,3.8,10.3
2025-04-20 23:00:00+00:00,0.0,0.0,0.3,2.6
2025-04-21 00:00:00+00:00,0.0,0.0,1.7,1.9
2025-04-21 01:00:00+00:00,0.0,0.0,4.5,7.8
2025-04-21 02:00:00+00:00,0.0,0.0,5.7,13.8
2025-04-21 03:00:00+00:00,0.0,0.0,6.2,12.0
2025-04-21 04:00:00+00:00,0.0,0.0,5.8,13.8
2025-04-21 05:00:00+00:00,0.0,0.0,5.4,12.8
2025-04-21 06:00:00+00:00,0.0,0.0,5.0,11.3
2025-04-21 07:00:00+00:00,3.0,0.0,6.7,16.1
2025-04-21 08:00:00+00:00,57.0,76.6,7.2,15.8
2025-04-21 09:00:00+00:00,166.0,182.5,5.6,17.0
2025-04-21 10:00:00+00:00,207.0,65.7,6.5,10.5
2025-04-21 11:00:00+00:00,228.0,83.7,6.4,9.6
2025-04-21 12:00:00+00:00,295.0,97.4,5.9,8.5
2025-04-21 13:00:00+00:00,400.0,127.3,5.2,7.1
2025-04-21 14:00:00+00:00,598.0,499.4,5.0,6.7
2025-04-21 15:00:00+00:00,507.0,255.9,9.2,12.7
2025-04-21 16:00:00+00:00,340.0,131.3,7.9,11.1
2025-04-21 17:00:00+00:00,422.0,392.1,8.7,12.0
2025-04-21 18:00:00+00:00,326.0,424.1,7.6,10.6
2025-04-21 19:00:00+00:00,157.0,188.3,7.8,12.4
2025-04-21 20:00:00+00:00,33.0,0.0,6.1,11.6
2025-04-21 21:00:00+00:00,6.0,0.0,5.4,12.3
2025-04-21 22:00:00+00:00,0.0,0.0,6.3,15.3
2025-04-21 23:00:00+00:00,0.0,0.0,5.1,13.9
2025-04-22 00:00:00+00:00,0.0,0.0,6.0,17.1
2025-04-22 01:00:00+00:00,0.0,0.0,7.7,19.6
2025-04-22 02:00:00+00:00,0.0,0.0,9.5,20.6
2025-04-22 03:00:00+00:00,0.0,0.0,10.2,21.9
2025-04-22 04:00:00+00:00,0.0,0.0,8.6,20.1
2025-04-22 05:00:00+00:00,0.0,0.0,8.0,19.7
2025-04-22 06:00:00+00:00,0.0,0.0,7.5,19.0
2025-04-22 07:00:00+00:00,4.0,0.0,8.3,19.3
2025-04-22 08:00:00+00:00,82.0,273.0,10.2,16.9
2025-04-22 09:00:00+00:00,222.0,453.9,11.6,16.2
2025-04-22 10:00:00+00:00,319.0,307.1,11.0,15.2
2025-04-22 11:00:00+00:00,386.0,225.0,11.2,15.3
2025-04-22 12:00:00+00:00,570.0,488.7,11.8,16.3
2025-04-22 13:00:00+00:00,684.0,670.7,11.7,16.2
2025-04-22 14:00:00+00:00,684.0,646.0,11.2,15.7
2025-04-22 15:00:00+00:00,648.0,543.4,10.6,14.6
2025-04-22 16:00:00+00:00,496.0,333.0,10.2,14.3
2025-04-22 17:00:00+00:00,455.0,294.8,10.3,14.5
2025-04-22 18:00:00+00:00,249.0,126.3,9.2,13.7
2025-04-22 19:00:00+00:00,201.0,203.2,5.8,10.9
2025-04-22 20:00:00+00:00,93.0,147.2,5.1,11.5
2025-04-22 21:00:00+00:00,16.0,27.1,7.2,16.9
2025-04-22 22:00:00+00:00,0.0,0.0,3.1,10.7
2025-04-22 23:00:00+00:00,0.0,0.0,2.9,8.8
2025-04-23 00:00:00+00:00,0.0,0.0,2.7,8.9
2025-04-23 01:00:00+00:00,0.0,0.0,0.9,5.3
2025-04-23 02:00:00+00:00,0.0,0.0,2.0,4.8
2025-04-23 03:00:00+00:00,0.0,0.0,1.1,1.3
2025-04-23 04:00:00+00:00,0.0,0.0,0.3,2.3
2025-04-23 05:00:00+00:00,0.0,0.0,3.7,8.2
2025-04-23 06:00:00+00:00,0.0,0.0,4.7,11.9
2025-04-23 07:00:00+00:00,4.0,0.0,5.7,15.9
2025-04-23 08:00:00+00:00,61.0,92.5,7.3,16.2
2025-04-23 09:00:00+00:00,123.0,66.7,7.4,14.9
2025-04-23 10:00:00+00:00,166.0,35.5,7.5,12.2
2025-04-23 11:00:00+00:00,205.0,27.5,7.2,10.7
2025-04-23 12:00:00+00:00,182.0,0.0,5.4,7.7
2025-04-23 13:00:00+00:00,284.0,42.5,10.6,15.0
2025-04-23 14:00:00+00:00,437.0,172.6,7.8,11.1
2025-04-23 15:00:00+00:00,639.0,421.2,6.6,8.8
2025-04-23 16:00:00+00:00,283.0,61.5,4.8,6.2
2025-04-23 17:00:00+00:00,191.0,3.2,3.8,4.9
2025-04-23 18:00:00+00:00,405.0,477.7,1.9,2.6
2025-04-23 19:00:00+00:00,177.0,156.4,2.1,2.7
2025-04-23 20:00:00+00:00,90.0,114.5,1.5,3.4
2025-04-23 21:00:00+00:00,16.0,39.6,0.4,1.3
2025-04-23 22:00:00+00:00,0.0,0.0,2.9,6.0
2025-04-23 23:00:00+00:00,0.0,0.0,6.3,14.0
2025-04-24 00:00:00+00:00,0.0,0.0,5.2,13.7
2025-04-24 01:00:00+00:00,0.0,0.0,5.6,14.1
2025-04-24 02:00:00+00:00,0.0,0.0,5.8,14.6
2025-04-24 03:00:00+00:00,0.0,0.0,8.3,17.8
2025-04-24 04:00:00+00:00,0.0,0.0,7.8,16.9
2025-04-24 05:00:00+00:00,0.0,0.0,6.9,15.4
2025-04-24 06:00:00+00:00,0.0,0.0,6.9,15.1
2025-04-24 07:00:00+00:00,2.0,0.0,8.0,15.8
2025-04-24 08:00:00+00:00,35.0,0.0,8.4,15.7
2025-04-24 09:00:00+00:00,91.0,26.3,11.8,18.4
2025-04-24 10:00:00+00:00,111.0,6.6,10.9,15.8
2025-04-24 11:00:00+00:00,101.0,3.4,9.8,14.2
2025-04-24 12:00:00+00:00,77.0,0.0,11.0,17.3
2025-04-24 13:00:00+00:00,73.0,0.0,11.3,18.2
2025-04-24 14:00:00+00:00,141.0,6.4,11.5,16.9
2025-04-24 15:00:00+00:00,143.0,2.6,11.3,17.6
2025-04-24 16:00:00+00:00,304.0,129.4,14.7,21.2
2025-04-24 17:00:00+00:00,272.0,184.8,18.2,27.5
2025-04-24 18:00:00+00:00,137.0,67.2,18.9,30.6
2025-04-24 19:00:00+00:00,100.0,8.3,18.6,30.3
2025-04-24 20:00:00+00:00,32.0,0.0,15.0,26.0
2025-04-24 21:00:00+00:00,9.0,0.0,13.4,24.2
2025-04-24 22:00:00+00:00,0.0,0.0,13.1,24.1
2025-04-24 23:00:00+00:00,0.0,0.0,13.4,24.3
2025-04-25 00:00:00+00:00,0.0,0.0,13.2,23.7
2025-04-25 01:00:00+00:00,0.0,0.0,12.4,22.4
2025-04-25 02:00:00+00:00,0.0,0.0,9.3,20.3
2025-04-25 03:00:00+00:00,0.0,0.0,7.3,18.1
2025-04-25 04:00:00+00:00,0.0,0.0,6.1,17.3
2025-04-25 05:00:00+00:00,0.0,0.0,7.0,17.5
2025-04-25 06:00:00+00:00,0.0,0.0,6.3,17.2
2025-04-25 07:00:00+00:00,7.0,19.1,5.6,15.9
2025-04-25 08:00:00+00:00,88.0,259.5,8.5,12.9
2025-04-25 09:00:00+00:00,172.0,210.1,11.7,16.0
2025-04-25 10:00:00+00:00,277.0,176.3,10.9,15.0
2025-04-25 11:00:00+00:00,335.0,113.5,9.8,13.4
2025-04-25 12:00:00+00:00,456.0,199.0,8.7,11.8
2025-04-25 13:00:00+00:00,550.0,338.9,7.9,10.7
2025-04-25 14:00:00+00:00,757.0,734.7,6.7,9.1
2025-04-25 15:00:00+00:00,575.0,371.1,8.9,12.1
2025-04-25 16:00:00+00:00,604.0,505.5,8.9,12.4
2025-04-25 17:00:00+00:00,493.0,473.8,10.1,14.2
2025-04-25 18:00:00+00:00,347.0,327.8,9.9,14.2
2025-04-25 19:00:00+00:00,190.0,175.2,8.5,14.0
2025-04-25 20:00:00+00:00,116.0,210.9,8.4,16.8
2025-04-25 21:00:00+00:00,27.0,125.6,6.2,16.4
2025-04-25 22:00:00+00:00,0.0,0.0,6.1,16.1
2025-04-25 23:00:00+00:00,0.0,0.0,4.5,13.2
2025-04-26 00:00:00+00:00,0.0,0.0,5.2,14.6
2025-04-26 01:00:00+00:00,0.0,0.0,5.5,16.0
2025-04-26 02:00:00+00:00,0.0,0.0,6.3,17.6
2025-04-26 03:00:00+00:00,0.0,0.0,6.9,20.1
2025-04-26 04:00:00+00:00,0.0,0.0,6.5,19.8
2025-04-26 05:00:00+00:00,0.0,0.0,6.3,19.0
2025-04-26 06:00:00+00:00,0.0,0.0,6.2,18.2
2025-04-26 07:00:00+00:00,8.0,37.8,6.6,18.8
2025-04-26 08:00:00+00:00,103.0,380.5,7.8,20.3
2025-04-26 09:00:00+00:00,258.0,589.4,7.2,11.8
2025-04-26 10:00:00+00:00,422.0,713.7,6.7,9.7
2025-04-26 11:00:00+00:00,571.0,787.2,7.1,9.9
2025-04-26 12:00:00+00:00,688.0,824.7,8.0,11.2
2025-04-26 13:00:00+00:00,768.0,848.5,10.7,14.8
2025-04-26 14:00:00+00:00,741.0,720.1,11.0,15.3
2025-04-26 15:00:00+00:00,602.0,441.3,11.2,15.7
2025-04-26 16:00:00+00:00,630.0,585.9,11.3,15.7
2025-04-26 17:00:00+00:00,488.0,406.6,9.9,14.1
2025-04-26 18:00:00+00:00,423.0,555.7,9.4,14.7
2025-04-26 19:00:00+00:00,238.0,284.6,6.6,14.0
2025-04-26 20:00:00+00:00,142.0,367.2,5.6,15.4
2025-04-26 21:00:00+00:00,28.0,147.3,5.1,15.2
2025-04-26 22:00:00+00:00,0.0,0.0,7.5,20.4
2025-04-26 23:00:00+00:00,0.0,0.0,7.3,21.4
2025-04-27 00:00:00+00:00,0.0,0.0,5.6,18.5
2025-04-27 01:00:00+00:00,0.0,0.0,5.2,15.5
2025-04-27 02:00:00+00:00,0.0,0.0,5.9,16.4
2025-04-27 03:00:00+00:00,0.0,0.0,5.8,17.1
2025-04-27 04:00:00+00:00,0.0,0.0,4.8,15.4
2025-04-27 05:00:00+00:00,0.0,0.0,4.4,13.9
2025-04-27 06:00:00+00:00,0.0,0.0,4.3,13.1
2025-04-27 07:00:00+00:00,9.0,54.2,4.3,12.2
2025-04-27 08:00:00+00:00,105.0,375.6,4.9,10.6
2025-04-27 09:00:00+00:00,259.0,587.4,3.0,7.4
2025-04-27 10:00:00+00:00,421.0,713.7,1.9,2.9
2025-04-27 11:00:00+00:00,569.0,785.3,3.4,4.7
2025-04-27 12:00:00+00:00,688.0,828.9,5.4,7.2
2025-04-27 13:00:00+00:00,767.0,853.7,5.1,6.9
2025-04-27 14:00:00+00:00,799.0,861.5,4.2,5.5
2025-04-27 15:00:00+00:00,783.0,858.5,3.2,4.0
2025-04-27 16:00:00+00:00,714.0,817.9,2.8,3.5
2025-04-27 17:00:00+00:00,589.0,732.2,2.8,3.5
2025-04-27 18:00:00+00:00,422.0,524.9,2.7,3.8
2025-04-27 19:00:00+00:00,270.0,418.8,5.9,11.7
2025-04-27 20:00:00+00:00,117.0,231.3,8.3,18.4
2025-04-27 21:00:00+00:00,30.0,156.0,4.8,14.5
2025-04-27 22:00:00+00:00,0.0,0.0,5.5,13.5
2025-04-27 23:00:00+00:00,0.0,0.0,5.9,14.7
2025-04-28 00:00:00+00:00,0.0,0.0,4.9,15.4
2025-04-28 01:00:00+00:00,0.0,0.0,4.4,14.5
2025-04-28 02:00:00+00:00,0.0,0.0,4.0,13.3
2025-04-28 03:00:00+00:00,0.0,0.0,3.0,11.8
2025-04-28 04:00:00+00:00,0.0,0.0,2.9,10.9
2025-04-28 05:00:00+00:00,0.0,0.0,2.5,10.3
2025-04-28 06:00:00+00:00,0.0,0.0,1.5,7.9
2025-04-28 07:00:00+00:00,11.0,52.1,2.1,5.7
2025-04-28 08:00:00+00:00,111.0,395.4,4.7,5.9
2025-04-28 09:00:00+00:00,267.0,607.3,2.9,7.2
2025-04-28 10:00:00+00:00,433.0,732.8,2.7,4.1
2025-04-28 11:00:00+00:00,584.0,808.5,3.7,5.1
2025-04-28 12:00:00+00:00,705.0,852.9,5.7,7.7
2025-04-28 13:00:00+00:00,785.0,877.0,5.0,6.7
2025-04-28 14:00:00+00:00,819.0,886.6,4.8,6.6
2025-04-28 15:00:00+00:00,805.0,886.7,5.6,7.5
2025-04-28 16:00:00+00:00,739.0,867.6,5.8,7.8
2025-04-28 17:00:00+00:00,630.0,829.9,6.6,8.8
2025-04-28 18:00:00+00:00,488.0,765.9,7.9,11.2
2025-04-28 19:00:00+00:00,325.0,662.2,8.1,15.1
2025-04-28 20:00:00+00:00,162.0,477.5,8.1,19.6
2025-04-28 21:00:00+00:00,34.0,187.9,8.4,22.7
2025-04-28 22:00:00+00:00,0.0,0.0,7.8,22.2
2025-04-28 23:00:00+00:00,0.0,0.0,7.4,21.5
2025-04-29 00:00:00+00:00,0.0,0.0,6.1,18.1
2025-04-29 01:00:00+00:00,0.0,0.0,5.0,15.6
2025-04-29 02:00:00+00:00,0.0,0.0,4.7,14.6
2025-04-29 03:00:00+00:00,0.0,0.0,6.1,17.1
2025-04-29 04:00:00+00:00,0.0,0.0,6.4,18.4
2025-04-29 05:00:00+00:00,0.0,0.0,6.2,17.9
2025-04-29 06:00:00+00:00,0.0,0.0,6.2,17.9
2025-04-29 07:00:00+00:00,12.0,66.8,6.0,17.3
2025-04-29 08:00:00+00:00,117.0,414.3,7.6,16.6
2025-04-29 09:00:00+00:00,277.0,626.8,5.0,13.9
2025-04-29 10:00:00+00:00,443.0,747.6,4.8,7.5
2025-04-29 11:00:00+00:00,594.0,819.9,5.4,8.0
2025-04-29 12:00:00+00:00,715.0,862.7,7.9,11.2
2025-04-29 13:00:00+00:00,796.0,887.4,9.2,12.8
2025-04-29 14:00:00+00:00,829.0,896.7,8.5,11.5
2025-04-29 15:00:00+00:00,815.0,898.4,7.7,10.6
2025-04-29 16:00:00+00:00,749.0,878.8,6.9,9.4
2025-04-29 17:00:00+00:00,640.0,842.8,6.5,9.1
2025-04-29 18:00:00+00:00,496.0,776.3,6.3,9.7
2025-04-29 19:00:00+00:00,331.0,664.0,5.1,11.9
2025-04-29 20:00:00+00:00,165.0,469.6,5.8,15.0
2025-04-29 21:00:00+00:00,35.0,138.0,7.2,19.0
2025-04-29 22:00:00+00:00,0.0,0.0,7.4,20.4
2025-04-29 23:00:00+00:00,0.0,0.0,7.4,21.2
2025-04-30 00:00:00+00:00,0.0,0.0,7.2,20.3
2025-04-30 01:00:00+00:00,0.0,0.0,6.6,19.2
2025-04-30 02:00:00+00:00,0.0,0.0,5.7,17.5
2025-04-30 03:00:00+00:00,0.0,0.0,5.6,17.1
2025-04-30 04:00:00+00:00,0.0,0.0,6.2,17.6
2025-04-30 05:00:00+00:00,0.0,0.0,5.9,17.5
2025-04-30 06:00:00+00:00,0.0,0.0,5.1,16.1
2025-04-30 07:00:00+00:00,14.0,80.6,5.3,15.2
2025-04-30 08:00:00+00:00,119.0,403.7,6.9,14.4
2025-04-30 09:00:00+00:00,275.0,609.7,4.3,11.0
2025-04-30 10:00:00+00:00,439.0,726.8,3.7,5.7
2025-04-30 11:00:00+00:00,583.0,772.2,3.9,5.5
2025-04-30 12:00:00+00:00,699.0,806.5,4.5,6.0
2025-04-30 13:00:00+00:00,782.0,850.2,5.0,6.6
2025-04-30 14:00:00+00:00,812.0,844.8,5.6,7.2
2025-04-30 15:00:00+00:00,797.0,843.1,4.1,5.1
2025-04-30 16:00:00+00:00,735.0,838.5,4.0,5.4
2025-04-30 17:00:00+00:00,631.0,814.0,4.5,6.0
2025-04-30 18:00:00+00:00,493.0,765.8,5.0,6.6
2025-04-30 19:00:00+00:00,333.0,671.1,4.0,8.2
2025-04-30 20:00:00+00:00,169.0,501.7,5.5,12.7
2025-04-30 21:00:00+00:00,38.0,202.8,4.1,11.7
2025-04-30 22:00:00+00:00,0.0,0.0,3.8,9.4
2025-04-30 23:00:00+00:00,0.0,0.0,6.2,16.3
2025-05-01 00:00:00+00:00,0.0,0.0,5.8,16.3
2025-05-01 01:00:00+00:00,0.0,0.0,5.2,15.9
2025-05-01 02:00:00+00:00,0.0,0.0,5.5,16.6
2025-05-01 03:00:00+00:00,0.0,0.0,4.4,13.7
2025-05-01 04:00:00+00:00,0.0,0.0,4.7,14.5
2025-05-01 05:00:00+00:00,0.0,0.0,5.0,14.7
2025-05-01 06:00:00+00:00,0.0,0.0,5.4,14.2
2025-05-01 07:00:00+00:00,15.0,93.4,5.5,13.2
2025-05-01 08:00:00+00:00,123.0,421.9,5.8,12.3
2025-05-01 09:00:00+00:00,280.0,623.1,2.4,12.7
2025-05-01 10:00:00+00:00,443.0,739.6,2.0,4.1
2025-05-01 11:00:00+00:00,592.0,808.3,2.0,3.2
2025-05-01 12:00:00+00:00,711.0,851.5,2.6,4.1
2025-05-01 13:00:00+00:00,790.0,874.8,4.8,6.9
2025-05-01 14:00:00+00:00,825.0,887.2,6.6,9.1
2025-05-01 15:00:00+00:00,808.0,885.1,8.4,11.1
2025-05-01 16:00:00+00:00,723.0,817.5,8.1,10.9
2025-05-01 17:00:00+00:00,605.0,739.4,4.7,6.6
2025-05-01 18:00:00+00:00,389.0,440.0,4.6,7.8
2025-05-01 19:00:00+00:00,238.0,289.9,13.4,23.1
2025-05-01 20:00:00+00:00,143.0,329.2,5.2,13.4
2025-05-01 21:00:00+00:00,30.0,66.3,2.7,7.7
2025-05-01 22:00:00+00:00,0.0,0.0,3.0,9.9
2025-05-01 23:00:00+00:00,0.0,0.0,1.4,3.9
2025-05-02 00:00:00+00:00,0.0,0.0,1.6,7.8
2025-05-02 01:00:00+00:00,0.0,0.0,0.9,4.4
2025-05-02 02:00:00+00:00,0.0,0.0,2.8,5.3
2025-05-02 03:00:00+00:00,0.0,0.0,4.4,8.6
2025-05-02 04:00:00+00:00,0.0,0.0,6.9,13.6
2025-05-02 05:00:00+00:00,0.0,0.0,7.2,18.3
2025-05-02 06:00:00+00:00,0.0,0.0,8.0,22.5
2025-05-02 07:00:00+00:00,16.0,90.4,9.4,25.4
2025-05-02 08:00:00+00:00,117.0,362.5,11.6,24.5
2025-05-02 09:00:00+00:00,260.0,491.9,10.2,21.0
2025-05-02 10:00:00+00:00,437.0,719.4,8.1,12.3
2025-05-02 11:00:00+00:00,583.0,784.2,9.1,12.7
2025-05-02 12:00:00+00:00,694.0,810.0,12.3,17.3
2025-05-02 13:00:00+00:00,770.0,831.7,13.6,19.4
2025-05-02 14:00:00+00:00,809.0,860.5,13.2,18.4
2025-05-02 15:00:00+00:00,789.0,848.0,13.0,18.1
2025-05-02 16:00:00+00:00,724.0,830.4,13.8,19.1
2025-05-02 17:00:00+00:00,620.0,795.6,13.5,18.8
2025-05-02 18:00:00+00:00,459.0,674.0,12.7,18.1
2025-05-02 19:00:00+00:00,315.0,603.1,11.4,16.5
2025-05-02 20:00:00+00:00,162.0,435.1,9.4,15.7
2025-05-02 21:00:00+00:00,40.0,195.1,7.8,17.6
2025-05-02 22:00:00+00:00,0.0,0.0,8.6,18.2
2025-05-02 23:00:00+00:00,0.0,0.0,7.8,17.9
2025-05-03 00:00:00+00:00,0.0,0.0,6.9,15.9
2025-05-03 01:00:00+00:00,0.0,0.0,8.3,18.7
2025-05-03 02:00:00+00:00,0.0,0.0,6.0,17.2
2025-05-03 03:00:00+00:00,0.0,0.0,5.8,15.2
2025-05-03 04:00:00+00:00,0.0,0.0,6.7,15.0
2025-05-03 05:00:00+00:00,0.0,0.0,7.0,15.9
2025-05-03 06:00:00+00:00,0.0,0.0,7.4,16.5
2025-05-03 07:00:00+00:00,17.0,73.1,8.4,15.1
2025-05-03 08:00:00+00:00,107.0,225.5,7.6,11.3
2025-05-03 09:00:00+00:00,237.0,329.0,6.0,8.3
2025-05-03 10:00:00+00:00,414.0,587.9,4.9,6.7
2025-05-03 11:00:00+00:00,582.0,762.1,4.6,6.1
2025-05-03 12:00:00+00:00,699.0,775.8,3.6,4.5
2025-05-03 13:00:00+00:00,711.0,590.0,6.4,8.7
2025-05-03 14:00:00+00:00,593.0,276.0,9.5,12.9
2025-05-03 15:00:00+00:00,141.0,0.0,10.8,15.2
2025-05-03 16:00:00+00:00,170.0,5.4,8.3,12.3
2025-05-03 17:00:00+00:00,140.0,12.2,14.1,21.3
2025-05-03 18:00:00+00:00,203.0,138.1,18.0,27.5
2025-05-03 19:00:00+00:00,224.0,279.9,17.6,26.5
2025-05-03 20:00:00+00:00,139.0,281.6,20.2,31.7
2025-05-03 21:00:00+00:00,46.0,223.4,14.3,25.5
2025-05-03 22:00:00+00:00,0.0,0.0,14.5,25.6
2025-05-03 23:00:00+00:00,0.0,0.0,13.7,24.2
2025-05-04 00:00:00+00:00,0.0,0.0,12.5,23.0
2025-05-04 01:00:00+00:00,0.0,0.0,10.2,20.2
2025-05-04 02:00:00+00:00,0.0,0.0,5.7,15.1
2025-05-04 03:00:00+00:00,0.0,0.0,4.2,10.9
2025-05-04 04:00:00+00:00,0.0,0.0,4.4,11.9
2025-05-04 05:00:00+00:00,0.0,0.0,4.6,12.2
2025-05-04 06:00:00+00:00,0.0,0.0,5.8,14.1
2025-05-04 07:00:00+00:00,15.0,42.6,7.7,15.1
2025-05-04 08:00:00+00:00,99.0,194.4,11.8,17.6
2025-05-04 09:00:00+00:00,234.0,374.4,13.8,19.8
2025-05-04 10:00:00+00:00,304.0,288.8,11.7,16.6
2025-05-04 11:00:00+00:00,370.0,262.8,12.3,17.4
2025-05-04 12:00:00+00:00,425.0,321.4,12.6,17.7
2025-05-04 13:00:00+00:00,485.0,347.6,13.0,18.2
2025-05-04 14:00:00+00:00,638.0,515.8,14.0,19.6
2025-05-04 15:00:00+00:00,434.0,172.8,13.1,18.4
2025-05-04 16:00:00+00:00,459.0,317.3,17.2,24.4
2025-05-04 17:00:00+00:00,394.0,257.7,16.9,24.3
2025-05-04 18:00:00+00:00,347.0,373.0,18.6,26.9
2025-05-04 19:00:00+00:00,206.0,161.5,17.9,26.6
2025-05-04 20:00:00+00:00,111.0,103.6,18.2,27.6
2025-05-04 21:00:00+00:00,33.0,83.6,15.6,25.2
2025-05-04 22:00:00+00:00,0.0,0.0,13.5,23.6
2025-05-04 23:00:00+00:00,0.0,0.0,12.1,21.1
2025-05-05 00:00:00+00:00,0.0,0.0,12.4,21.5
2025-05-05 01:00:00+00:00,0.0,0.0,11.4,20.8
2025-05-05 02:00:00+00:00,0.0,0.0,10.4,20.0
2025-05-05 03:00:00+00:00,0.0,0.0,7.0,17.8
2025-05-05 04:00:00+00:00,0.0,0.0,6.5,18.0
2025-05-05 05:00:00+00:00,0.0,0.0,6.6,18.7
2025-05-05 06:00:00+00:00,0.0,0.0,5.9,17.3
2025-05-05 07:00:00+00:00,22.0,124.4,5.0,15.0
2025-05-05 08:00:00+00:00,138.0,432.4,5.5,11.2
2025-05-05 09:00:00+00:00,297.0,621.1,8.0,11.8
2025-05-05 10:00:00+00:00,460.0,730.0,9.7,13.7
2025-05-05 11:00:00+00:00,575.0,717.4,12.8,17.9
2025-05-05 12:00:00+00:00,567.0,467.0,14.0,19.4
2025-05-05 13:00:00+00:00,479.0,214.1,15.5,21.8
2025-05-05 14:00:00+00:00,535.0,281.4,18.5,26.3
2025-05-05 15:00:00+00:00,511.0,210.7,18.0,25.9
2025-05-05 16:00:00+00:00,308.0,42.5,18.7,27.5
2025-05-05 17:00:00+00:00,299.0,87.6,17.4,25.6
2025-05-05 18:00:00+00:00,174.0,38.8,14.3,21.3
2025-05-05 19:00:00+00:00,214.0,217.8,13.8,20.5
2025-05-05 20:00:00+00:00,66.0,16.3,11.6,20.1
2025-05-05 21:00:00+00:00,19.0,0.0,13.9,24.8
2025-05-05 22:00:00+00:00,0.0,0.0,16.1,29.0
2025-05-05 23:00:00+00:00,0.0,0.0,16.2,30.2
2025-05-06 00:00:00+00:00,0.0,0.0,15.2,28.4
2025-05-06 01:00:00+00:00,0.0,0.0,13.0,25.5
2025-05-06 02:00:00+00:00,0.0,0.0,11.6,24.1
2025-05-06 03:00:00+00:00,0.0,0.0,10.1,22.7
2025-05-06 04:00:00+00:00,0.0,0.0,10.1,22.7
2025-05-06 05:00:00+00:00,0.0,0.0,10.0,22.6
2025-05-06 06:00:00+00:00,0.0,0.0,9.5,22.2
2025-05-06 07:00:00+00:00,23.0,121.2,10.6,21.7
2025-05-06 08:00:00+00:00,137.0,403.8,10.3,17.4
2025-05-06 09:00:00+00:00,281.0,518.9,11.7,17.3
2025-05-06 10:00:00+00:00,425.0,585.6,12.7,18.5
2025-05-06 11:00:00+00:00,561.0,659.9,15.9,22.4
2025-05-06 12:00:00+00:00,609.0,573.2,14.8,20.8
2025-05-06 13:00:00+00:00,660.0,525.8,13.6,19.2
2025-05-06 14:00:00+00:00,815.0,778.1,13.6,19.0
2025-05-06 15:00:00+00:00,663.0,494.0,13.9,19.5
2025-05-06 16:00:00+00:00,647.0,522.8,17.1,24.0
2025-05-06 17:00:00+00:00,350.0,70.6,17.3,24.8
2025-05-06 18:00:00+00:00,207.0,40.4,17.1,24.7
2025-05-06 19:00:00+00:00,190.0,111.8,16.5,24.7
2025-05-06 20:00:00+00:00,56.0,0.0,15.2,23.1
2025-05-06 21:00:00+00:00,21.0,50.5,11.6,19.9
2025-05-06 22:00:00+00:00,0.0,0.0,12.6,24.3
2025-05-06 23:00:00+00:00,0.0,0.0,10.0,20.0
2025-05-07 00:00:00+00:00,0.0,0.0,10.0,20.4
2025-05-07 01:00:00+00:00,0.0,0.0,10.1,19.8
2025-05-07 02:00:00+00:00,0.0,0.0,12.2,21.7
2025-05-07 03:00:00+00:00,0.0,0.0,9.1,19.8
2025-05-07 04:00:00+00:00,0.0,0.0,8.4,17.3
2025-05-07 05:00:00+00:00,0.0,0.0,7.9,16.8
2025-05-07 06:00:00+00:00,0.0,0.0,8.8,16.8
2025-05-07 07:00:00+00:00,16.0,0.0,10.7,17.4
2025-05-07 08:00:00+00:00,66.0,24.8,15.2,22.7
2025-05-07 09:00:00+00:00,128.0,25.1,15.5,22.7
2025-05-07 10:00:00+00:00,217.0,134.6,15.3,21.9
2025-05-07 11:00:00+00:00,274.0,63.1,15.1,21.8
2025-05-07 12:00:00+00:00,273.0,45.0,14.2,20.3
2025-05-07 13:00:00+00:00,455.0,145.1,13.8,19.1
2025-05-07 14:00:00+00:00,502.0,167.0,14.4,20.0
2025-05-07 15:00:00+00:00,374.0,59.1,12.7,18.0
2025-05-07 16:00:00+00:00,295.0,13.2,11.9,16.9
2025-05-07 17:00:00+00:00,295.0,53.9,12.4,17.6
2025-05-07 18:00:00+00:00,317.0,251.9,12.2,17.3
2025-05-07 19:00:00+00:00,183.0,108.5,10.7,16.0
2025-05-07 20:00:00+00:00,68.0,0.0,8.6,15.9
2025-05-07 21:00:00+00:00,34.0,29.8,5.3,14.0
2025-05-07 22:00:00+00:00,0.0,0.0,8.1,19.5
2025-05-07 23:00:00+00:00,0.0,0.0,15.4,26.9
2025-05-08 00:00:00+00:00,0.0,0.0,12.2,22.8
2025-05-08 01:00:00+00:00,0.0,0.0,11.8,22.6
2025-05-08 02:00:00+00:00,0.0,0.0,9.4,20.7
2025-05-08 03:00:00+00:00,0.0,0.0,8.4,19.6
2025-05-08 04:00:00+00:00,0.0,0.0,6.0,17.3
2025-05-08 05:00:00+00:00,0.0,0.0,5.6,16.1
2025-05-08 06:00:00+00:00,0.0,0.0,5.8,15.8
2025-05-08 07:00:00+00:00,27.0,141.2,6.7,16.7
2025-05-08 08:00:00+00:00,146.0,433.0,6.9,13.9
2025-05-08 09:00:00+00:00,308.0,633.4,6.6,10.0
2025-05-08 10:00:00+00:00,440.0,629.3,6.9,9.8
2025-05-08 11:00:00+00:00,607.0,773.0,7.4,10.3
2025-05-08 12:00:00+00:00,727.0,814.4,11.7,16.3
2025-05-08 13:00:00+00:00,663.0,567.1,13.9,19.8
2025-05-08 14:00:00+00:00,744.0,635.7,15.6,22.1
2025-05-08 15:00:00+00:00,736.0,654.1,17.8,25.3
2025-05-08 16:00:00+00:00,654.0,608.5,17.2,24.6
2025-05-08 17:00:00+00:00,568.0,539.7,19.6,28.3
2025-05-08 18:00:00+00:00,354.0,296.0,17.2,25.3
2025-05-08 19:00:00+00:00,232.0,242.2,17.2,25.0
2025-05-08 20:00:00+00:00,108.0,98.1,15.0,24.9
2025-05-08 21:00:00+00:00,39.0,146.8,12.8,24.1
2025-05-08 22:00:00+00:00,1.0,0.0,10.2,23.0
2025-05-08 23:00:00+00:00,0.0,0.0,9.1,22.3
2025-05-09 00:00:00+00:00,0.0,0.0,6.7,19.2
2025-05-09 01:00:00+00:00,0.0,0.0,7.2,20.0
2025-05-09 02:00:00+00:00,0.0,0.0,8.6,21.7
2025-05-09 03:00:00+00:00,0.0,0.0,8.2,21.7
2025-05-09 04:00:00+00:00,0.0,0.0,7.8,21.5
2025-05-09 05:00:00+00:00,0.0,0.0,8.5,22.7
2025-05-09 06:00:00+00:00,0.0,0.0,7.9,22.2
2025-05-09 07:00:00+00:00,30.0,163.2,9.2,21.5
2025-05-09 08:00:00+00:00,153.0,468.7,9.7,21.7
2025-05-09 09:00:00+00:00,314.0,649.5,11.3,17.4
2025-05-09 10:00:00+00:00,479.0,758.4,12.0,17.4
2025-05-09 11:00:00+00:00,628.0,825.8,13.6,19.7
2025-05-09 12:00:00+00:00,748.0,868.2,15.7,22.3
2025-05-09 13:00:00+00:00,827.0,891.9,15.3,21.8
2025-05-09 14:00:00+00:00,865.0,916.3,15.5,21.7
2025-05-09 15:00:00+00:00,856.0,928.5,17.3,24.5
2025-05-09 16:00:00+00:00,783.0,897.2,15.1,21.9
2025-05-09 17:00:00+00:00,568.0,576.1,15.7,22.1
2025-05-09 18:00:00+00:00,437.0,500.4,18.4,26.5
2025-05-09 19:00:00+00:00,320.0,495.4,17.1,25.8
2025-05-09 20:00:00+00:00,182.0,414.7,12.5,22.1
2025-05-09 21:00:00+00:00,59.0,279.5,6.5,18.0
2025-05-09 22:00:00+00:00,1.0,0.0,7.3,20.9
2025-05-09 23:00:00+00:00,0.0,0.0,7.7,22.0
2025-05-10 00:00:00+00:00,0.0,0.0,6.7,19.1
2025-05-10 01:00:00+00:00,0.0,0.0,6.7,18.1
2025-05-10 02:00:00+00:00,0.0,0.0,6.8,19.5
2025-05-10 03:00:00+00:00,0.0,0.0,6.5,18.3
2025-05-10 04:00:00+00:00,0.0,0.0,5.8,16.7
2025-05-10 05:00:00+00:00,0.0,0.0,6.6,17.8
2025-05-10 06:00:00+00:00,0.0,0.0,6.7,18.9
2025-05-10 07:00:00+00:00,32.0,172.1,6.0,17.6
2025-05-10 08:00:00+00:00,155.0,475.1,6.9,18.2
2025-05-10 09:00:00+00:00,316.0,651.9,7.4,12.1
2025-05-10 10:00:00+00:00,480.0,757.8,7.0,9.9
2025-05-10 11:00:00+00:00,627.0,822.1,7.0,9.7
2025-05-10 12:00:00+00:00,745.0,859.7,9.5,13.1
2025-05-10 13:00:00+00:00,822.0,882.9,12.7,17.8
2025-05-10 14:00:00+00:00,854.0,892.0,13.1,18.0
2025-05-10 15:00:00+00:00,838.0,887.9,13.1,18.3
2025-05-10 16:00:00+00:00,773.0,870.7,13.7,19.2
2025-05-10 17:00:00+00:00,667.0,838.6,14.1,19.7
2025-05-10 18:00:00+00:00,528.0,783.7,13.7,19.5
2025-05-10 19:00:00+00:00,367.0,691.9,13.8,20.4
2025-05-10 20:00:00+00:00,203.0,539.7,11.0,19.9
2025-05-10 21:00:00+00:00,63.0,301.6,11.3,23.9
2025-05-10 22:00:00+00:00,1.0,0.0,12.3,27.0
2025-05-10 23:00:00+00:00,0.0,0.0,9.9,24.8
2025-05-11 00:00:00+00:00,0.0,0.0,9.0,24.0
2025-05-11 01:00:00+00:00,0.0,0.0,8.4,23.3
2025-05-11 02:00:00+00:00,0.0,0.0,7.9,22.1
2025-05-11 03:00:00+00:00,0.0,0.0,7.2,20.6
2025-05-11 04:00:00+00:00,0.0,0.0,7.1,20.7
2025-05-11 05:00:00+00:00,0.0,0.0,6.9,20.5
2025-05-11 06:00:00+00:00,0.0,0.0,7.2,21.0
2025-05-11 07:00:00+00:00,34.0,192.7,8.7,21.6
2025-05-11 08:00:00+00:00,159.0,486.1,9.4,24.9
2025-05-11 09:00:00+00:00,317.0,651.7,8.1,16.1
2025-05-11 10:00:00+00:00,477.0,747.6,10.1,15.3
2025-05-11 11:00:00+00:00,621.0,807.7,10.4,14.7
2025-05-11 12:00:00+00:00,736.0,844.6,10.4,14.5
2025-05-11 13:00:00+00:00,813.0,866.6,11.3,15.7
2025-05-11 14:00:00+00:00,784.0,772.2,11.3,15.8
2025-05-11 15:00:00+00:00,745.0,705.3,10.0,13.9
2025-05-11 16:00:00+00:00,722.0,772.9,10.0,13.9
2025-05-11 17:00:00+00:00,622.0,738.1,10.1,14.0
2025-05-11 18:00:00+00:00,499.0,708.2,11.5,16.0
2025-05-11 19:00:00+00:00,354.0,648.6,11.8,18.2
2025-05-11 20:00:00+00:00,203.0,533.2,10.3,20.1
2025-05-11 21:00:00+00:00,65.0,310.5,9.6,23.0
2025-05-11 22:00:00+00:00,2.0,0.0,12.0,26.5
2025-05-11 23:00:00+00:00,0.0,0.0,10.9,25.6
2025-05-12 00:00:00+00:00,0.0,0.0,9.7,25.1
2025-05-12 01:00:00+00:00,0.0,0.0,9.6,25.1
2025-05-12 02:00:00+00:00,0.0,0.0,8.6,24.1
2025-05-12 03:00:00+00:00,0.0,0.0,7.2,21.1
2025-05-12 04:00:00+00:00,0.0,0.0,7.0,20.4
2025-05-12 05:00:00+00:00,0.0,0.0,6.8,19.1
2025-05-12 06:00:00+00:00,0.0,0.0,5.2,16.2
2025-05-12 07:00:00+00:00,35.0,189.0,5.7,16.5
2025-05-12 08:00:00+00:00,159.0,474.2,6.9,16.2
2025-05-12 09:00:00+00:00,318.0,646.3,6.8,11.2
2025-05-12 10:00:00+00:00,479.0,747.3,8.6,12.4
2025-05-12 11:00:00+00:00,624.0,810.6,7.9,10.8
2025-05-12 12:00:00+00:00,740.0,848.4,8.4,11.4
2025-05-12 13:00:00+00:00,822.0,877.5,11.4,15.5
2025-05-12 14:00:00+00:00,756.0,728.3,11.4,15.9
2025-05-12 15:00:00+00:00,745.0,697.1,9.6,13.2
2025-05-12 16:00:00+00:00,656.0,630.3,7.9,11.0
2025-05-12 17:00:00+00:00,550.0,588.5,10.8,14.9
2025-05-12 18:00:00+00:00,405.0,503.7,10.5,15.2
2025-05-12 19:00:00+00:00,260.0,335.1,12.6,17.8
2025-05-12 20:00:00+00:00,115.0,160.7,13.2,21.1
2025-05-12 21:00:00+00:00,47.0,159.4,8.3,16.8
2025-05-12 22:00:00+00:00,2.0,0.0,4.6,13.4
2025-05-12 23:00:00+00:00,0.0,0.0,2.5,7.6
2025-05-13 00:00:00+00:00,0.0,0.0,1.8,6.9
2025-05-13 01:00:00+00:00,0.0,0.0,3.4,13.4
2025-05-13 02:00:00+00:00,0.0,0.0,4.7,15.6
2025-05-13 03:00:00+00:00,0.0,0.0,2.2,5.5
2025-05-13 04:00:00+00:00,0.0,0.0,1.1,4.3
2025-05-13 05:00:00+00:00,0.0,0.0,0.2,4.1
2025-05-13 06:00:00+00:00,0.0,0.0,0.8,1.9
2025-05-13 07:00:00+00:00,36.0,185.6,0.2,1.0
2025-05-13 08:00:00+00:00,160.0,462.8,4.3,8.4
2025-05-13 09:00:00+00:00,316.0,627.9,4.8,6.8
2025-05-13 10:00:00+00:00,475.0,728.0,5.0,6.8
2025-05-13 11:00:00+00:00,620.0,791.9,5.4,7.2
2025-05-13 12:00:00+00:00,736.0,833.6,6.5,8.8
2025-05-13 13:00:00+00:00,814.0,860.3,7.5,10.0
2025-05-13 14:00:00+00:00,833.0,847.5,7.7,10.3
2025-05-13 15:00:00+00:00,814.0,845.1,6.5,8.6
2025-05-13 16:00:00+00:00,758.0,833.9,7.3,9.6
2025-05-13 17:00:00+00:00,650.0,796.9,8.5,11.5
2025-05-13 18:00:00+00:00,533.0,781.1,10.6,14.4
2025-05-13 19:00:00+00:00,376.0,698.7,11.7,16.8
2025-05-13 20:00:00+00:00,212.0,550.3,11.4,20.2
2025-05-13 21:00:00+00:00,71.0,326.9,12.5,24.9
2025-05-13 22:00:00+00:00,2.0,0.0,13.7,27.7
2025-05-13 23:00:00+00:00,0.0,0.0,11.4,25.1
2025-05-14 00:00:00+00:00,0.0,0.0,7.0,20.2
2025-05-14 01:00:00+00:00,0.0,0.0,6.7,18.8
2025-05-14 02:00:00+00:00,0.0,0.0,6.4,18.0
2025-05-14 03:00:00+00:00,0.0,0.0,5.6,14.3
2025-05-14 04:00:00+00:00,0.0,0.0,6.6,17.6
2025-05-14 05:00:00+00:00,0.0,0.0,6.6,17.7
2025-05-14 06:00:00+00:00,0.0,0.0,6.4,18.3
2025-05-14 07:00:00+00:00,40.0,216.5,5.5,15.4
2025-05-14 08:00:00+00:00,168.0,491.7,6.5,12.7
2025-05-14 09:00:00+00:00,328.0,659.9,5.7,8.9
2025-05-14 10:00:00+00:00,491.0,760.4,5.9,8.4
2025-05-14 11:00:00+00:00,637.0,822.5,6.9,9.4
2025-05-14 12:00:00+00:00,752.0,852.2,8.0,10.9
2025-05-14 13:00:00+00:00,825.0,865.2,8.2,11.2
2025-05-14 14:00:00+00:00,849.0,842.9,8.8,11.6
2025-05-14 15:00:00+00:00,827.0,815.0,10.9,14.8
2025-05-14 16:00:00+00:00,702.0,583.9,12.4,16.8
2025-05-14 17:00:00+00:00,551.0,394.8,12.6,17.4
2025-05-14 18:00:00+00:00,431.0,343.8,15.2,21.5
2025-05-14 19:00:00+00:00,310.0,337.6,18.2,26.8
2025-05-14 20:00:00+00:00,195.0,387.1,18.4,28.4
2025-05-14 21:00:00+00:00,72.0,317.8,14.8,25.3
2025-05-14 22:00:00+00:00,3.0,19.1,12.6,22.2
2025-05-14 23:00:00+00:00,0.0,0.0,13.3,22.9
2025-05-15 00:00:00+00:00,0.0,0.0,11.7,20.8
2025-05-15 01:00:00+00:00,0.0,0.0,9.8,19.4
2025-05-15 02:00:00+00:00,0.0,0.0,8.7,18.4
2025-05-15 03:00:00+00:00,0.0,0.0,7.9,16.8
2025-05-15 04:00:00+00:00,0.0,0.0,10.5,17.3
2025-05-15 05:00:00+00:00,0.0,0.0,15.8,24.1
2025-05-15 06:00:00+00:00,0.0,0.0,12.3,19.9
2025-05-15 07:00:00+00:00,23.0,0.0,9.6,15.2
2025-05-15 08:00:00+00:00,122.0,144.2,14.4,21.4
2025-05-15 09:00:00+00:00,173.0,39.1,13.9,19.8
2025-05-15 10:00:00+00:00,243.0,70.0,13.2,18.7
2025-05-15 11:00:00+00:00,331.0,87.0,11.8,16.2
2025-05-15 12:00:00+00:00,341.0,61.0,11.1,15.1
2025-05-15 13:00:00+00:00,362.0,94.0,11.1,15.2
2025-05-15 14:00:00+00:00,302.0,21.3,11.2,15.3
2025-05-15 15:00:00+00:00,377.0,67.3,11.0,15.1
2025-05-15 16:00:00+00:00,367.0,104.1,11.5,16.1
2025-05-15 17:00:00+00:00,418.0,277.3,15.1,21.3
2025-05-15 18:00:00+00:00,380.0,373.8,19.0,27.5
2025-05-15 19:00:00+00:00,270.0,351.7,16.4,24.3
2025-05-15 20:00:00+00:00,182.0,357.5,10.1,16.5
2025-05-15 21:00:00+00:00,73.0,285.0,15.9,28.1
2025-05-15 22:00:00+00:00,3.0,19.1,15.2,28.2
2025-05-15 23:00:00+00:00,0.0,0.0,14.0,26.7
2025-05-16 00:00:00+00:00,0.0,0.0,12.7,25.3
2025-05-16 01:00:00+00:00,0.0,0.0,10.9,22.9
2025-05-16 02:00:00+00:00,0.0,0.0,9.5,21.3
2025-05-16 03:00:00+00:00,0.0,0.0,8.1,19.2
2025-05-16 04:00:00+00:00,0.0,0.0,7.2,18.1
2025-05-16 05:00:00+00:00,0.0,0.0,6.0,16.7
2025-05-16 06:00:00+00:00,0.0,0.0,5.6,15.9
2025-05-16 07:00:00+00:00,44.0,231.6,6.8,16.2
2025-05-16 08:00:00+00:00,173.0,491.9,7.6,11.6
2025-05-16 09:00:00+00:00,333.0,652.9,7.6,10.9
2025-05-16 10:00:00+00:00,494.0,751.1,8.3,11.5
2025-05-16 11:00:00+00:00,637.0,810.4,9.2,12.9
2025-05-16 12:00:00+00:00,755.0,852.4,10.3,14.1
2025-05-16 13:00:00+00:00,831.0,872.7,11.8,16.2
2025-05-16 14:00:00+00:00,858.0,870.4,13.0,17.9
2025-05-16 15:00:00+00:00,807.0,784.3,15.1,21.0
2025-05-16 16:00:00+00:00,771.0,820.1,15.5,21.6
2025-05-16 17:00:00+00:00,668.0,791.3,17.8,25.0
2025-05-16 18:00:00+00:00,522.0,709.2,18.8,26.9
2025-05-16 19:00:00+00:00,343.0,509.1,18.8,27.4
2025-05-16 20:00:00+00:00,171.0,289.4,17.3,25.9
2025-05-16 21:00:00+00:00,55.0,126.9,16.0,24.7
2025-05-16 22:00:00+00:00,2.0,0.0,17.0,25.9
2025-05-16 23:00:00+00:00,0.0,0.0,14.5,22.4
2025-05-17 00:00:00+00:00,0.0,0.0,10.3,18.0
2025-05-17 01:00:00+00:00,0.0,0.0,4.9,13.5
2025-05-17 02:00:00+00:00,0.0,0.0,4.9,12.7
2025-05-17 03:00:00+00:00,0.0,0.0,6.6,11.5
2025-05-17 04:00:00+00:00,0.0,0.0,6.7,11.1
2025-05-17 05:00:00+00:00,0.0,0.0,8.2,13.3
2025-05-17 06:00:00+00:00,0.0,0.0,7.9,12.7
2025-05-17 07:00:00+00:00,33.0,97.7,8.7,14.1
2025-05-17 08:00:00+00:00,160.0,375.0,10.4,15.0
2025-05-17 09:00:00+00:00,320.0,573.8,10.3,14.4
2025-05-17 10:00:00+00:00,474.0,650.2,8.6,11.9
2025-05-17 11:00:00+00:00,649.0,827.3,10.3,14.1
2025-05-17 12:00:00+00:00,690.0,674.7,12.3,17.0
2025-05-17 13:00:00+00:00,751.0,653.2,14.0,19.3
2025-05-17 14:00:00+00:00,606.0,368.2,15.0,21.1
2025-05-17 15:00:00+00:00,441.0,113.6,15.6,21.9
2025-05-17 16:00:00+00:00,425.0,182.7,17.4,25.1
2025-05-17 17:00:00+00:00,439.0,333.0,16.7,24.1
2025-05-17 18:00:00+00:00,257.0,127.0,16.3,24.0
2025-05-17 19:00:00+00:00,376.0,653.0,15.8,22.9
2025-05-17 20:00:00+00:00,216.0,523.3,14.7,22.0
2025-05-17 21:00:00+00:00,79.0,317.3,12.0,20.3
2025-05-17 22:00:00+00:00,4.0,19.1,10.9,20.1
2025-05-17 23:00:00+00:00,0.0,0.0,10.1,19.9
2025-05-18 00:00:00+00:00,0.0,0.0,8.5,17.7
2025-05-18 01:00:00+00:00,0.0,0.0,13.2,21.7
2025-05-18 02:00:00+00:00,0.0,0.0,13.9,21.4
2025-05-18 03:00:00+00:00,0.0,0.0,13.1,19.9
2025-05-18 04:00:00+00:00,0.0,0.0,11.6,18.0
2025-05-18 05:00:00+00:00,0.0,0.0,11.7,18.0
2025-05-18 06:00:00+00:00,0.0,0.0,11.4,17.3
2025-05-18 07:00:00+00:00,16.0,10.7,11.5,16.9
2025-05-18 08:00:00+00:00,41.0,0.0,10.9,15.8
2025-05-18 09:00:00+00:00,119.0,35.8,10.7,14.8
2025-05-18 10:00:00+00:00,166.0,33.6,8.8,12.4
2025-05-18 11:00:00+00:00,292.0,61.9,7.9,11.1
2025-05-18 12:00:00+00:00,327.0,60.4,7.6,10.4
2025-05-18 13:00:00+00:00,347.0,54.5,6.5,8.8
2025-05-18 14:00:00+00:00,417.0,77.5,5.8,7.8
2025-05-18 15:00:00+00:00,414.0,75.2,5.2,6.9
2025-05-18 16:00:00+00:00,358.0,68.8,3.2,4.5
2025-05-18 17:00:00+00:00,356.0,110.6,3.2,4.5
2025-05-18 18:00:00+00:00,292.0,102.2,2.5,3.7
2025-05-18 19:00:00+00:00,224.0,180.5,4.3,6.1
2025-05-18 20:00:00+00:00,134.0,136.5,8.3,11.6
2025-05-18 21:00:00+00:00,42.0,52.9,11.5,17.7
2025-05-18 22:00:00+00:00,3.0,0.0,9.2,17.2
2025-05-18 23:00:00+00:00,0.0,0.0,6.9,16.9
2025-05-19 00:00:00+00:00,0.0,0.0,6.2,16.0
2025-05-19 01:00:00+00:00,0.0,0.0,5.2,15.0
2025-05-19 02:00:00+00:00,0.0,0.0,4.2,13.4
2025-05-19 03:00:00+00:00,0.0,0.0,5.2,15.5
2025-05-19 04:00:00+00:00,0.0,0.0,5.6,16.5
2025-05-19 05:00:00+00:00,0.0,0.0,5.9,16.5
2025-05-19 06:00:00+00:00,0.0,0.0,6.0,16.8
2025-05-19 07:00:00+00:00,48.0,232.3,7.3,16.7
2025-05-19 08:00:00+00:00,176.0,478.9,7.4,13.7
2025-05-19 09:00:00+00:00,335.0,640.1,7.1,10.6
2025-05-19 10:00:00+00:00,494.0,737.4,6.8,9.5
2025-05-19 11:00:00+00:00,638.0,797.8,7.5,10.1
2025-05-19 12:00:00+00:00,755.0,841.4,9.3,12.6
2025-05-19 13:00:00+00:00,755.0,699.5,11.5,15.9
2025-05-19 14:00:00+00:00,585.0,292.8,11.1,15.3
2025-05-19 15:00:00+00:00,620.0,420.2,10.1,13.8
2025-05-19 16:00:00+00:00,555.0,272.0,9.7,13.4
2025-05-19 17:00:00+00:00,615.0,638.8,10.7,14.7
2025-05-19 18:00:00+00:00,530.0,712.2,13.1,18.0
2025-05-19 19:00:00+00:00,312.0,411.2,9.0,13.4
2025-05-19 20:00:00+00:00,204.0,433.2,12.7,22.5
2025-05-19 21:00:00+00:00,80.0,280.8,11.6,23.0
2025-05-19 22:00:00+00:00,5.0,19.1,9.4,23.3
2025-05-19 23:00:00+00:00,0.0,0.0,8.3,22.6
2025-05-20 00:00:00+00:00,0.0,0.0,10.1,25.1
2025-05-20 01:00:00+00:00,0.0,0.0,9.7,24.7
2025-05-20 02:00:00+00:00,0.0,0.0,9.2,23.7
2025-05-20 03:00:00+00:00,0.0,0.0,7.0,20.6
2025-05-20 04:00:00+00:00,0.0,0.0,6.8,19.8
2025-05-20 05:00:00+00:00,0.0,0.0,6.5,18.7
2025-05-20 06:00:00+00:00,0.0,0.0,5.9,16.6
2025-05-20 07:00:00+00:00,51.0,250.1,7.0,16.5
2025-05-20 08:00:00+00:00,179.0,486.1,7.2,15.0
2025-05-20 09:00:00+00:00,338.0,646.3,6.1,9.6
2025-05-20 10:00:00+00:00,497.0,741.8,5.6,7.9
2025-05-20 11:00:00+00:00,638.0,787.8,6.4,8.7
2025-05-20 12:00:00+00:00,752.0,824.9,8.0,10.9
2025-05-20 13:00:00+00:00,790.0,760.6,7.0,9.5
2025-05-20 14:00:00+00:00,707.0,587.7,7.0,9.5
2025-05-20 15:00:00+00:00,552.0,255.4,9.8,13.2
2025-05-20 16:00:00+00:00,514.0,315.6,14.6,20.3
2025-05-20 17:00:00+00:00,461.0,309.8,20.6,29.9
2025-05-20 18:00:00+00:00,403.0,350.3,18.7,27.7
2025-05-20 19:00:00+00:00,389.0,657.2,16.9,25.2
2025-05-20 20:00:00+00:00,205.0,367.3,13.1,20.7
2025-05-20 21:00:00+00:00,73.0,130.1,10.3,19.5
2025-05-20 22:00:00+00:00,5.0,0.0,9.8,19.5
2025-05-20 23:00:00+00:00,0.0,0.0,8.9,18.9
2025-05-21 00:00:00+00:00,0.0,0.0,6.8,16.8
2025-05-21 01:00:00+00:00,0.0,0.0,5.1,13.8
2025-05-21 02:00:00+00:00,0.0,0.0,4.8,12.3
2025-05-21 03:00:00+00:00,0.0,0.0,3.6,9.7
2025-05-21 04:00:00+00:00,0.0,0.0,2.6,7.8
2025-05-21 05:00:00+00:00,0.0,0.0,1.9,6.1
2025-05-21 06:00:00+00:00,1.0,0.0,4.0,8.8
2025-05-21 07:00:00+00:00,44.0,102.9,5.8,11.6
2025-05-21 08:00:00+00:00,179.0,452.7,5.3,10.7
2025-05-21 09:00:00+00:00,314.0,476.9,4.2,6.1
2025-05-21 10:00:00+00:00,341.0,189.8,4.1,5.7
2025-05-21 11:00:00+00:00,327.0,35.9,5.5,7.5
2025-05-21 12:00:00+00:00,335.0,22.2,6.3,8.6
2025-05-21 13:00:00+00:00,312.0,12.0,5.6,7.8
2025-05-21 14:00:00+00:00,660.0,314.8,5.9,8.1
2025-05-21 15:00:00+00:00,771.0,730.0,7.4,9.9
2025-05-21 16:00:00+00:00,574.0,376.8,11.0,15.0
2025-05-21 17:00:00+00:00,479.0,348.8,12.8,18.0
2025-05-21 18:00:00+00:00,388.0,311.3,15.7,22.2
2025-05-21 19:00:00+00:00,222.0,155.0,16.9,24.8
2025-05-21 20:00:00+00:00,119.0,34.0,15.9,23.8
2025-05-21 21:00:00+00:00,50.0,0.0,13.7,21.5
2025-05-21 22:00:00+00:00,6.0,0.0,12.4,21.0
2025-05-21 23:00:00+00:00,0.0,0.0,9.5,18.4
2025-05-22 00:00:00+00:00,0.0,0.0,6.5,15.9
2025-05-22 01:00:00+00:00,0.0,0.0,5.2,14.4
2025-05-22 02:00:00+00:00,0.0,0.0,6.0,15.2
2025-05-22 03:00:00+00:00,0.0,0.0,8.1,15.0
2025-05-22 04:00:00+00:00,0.0,0.0,8.8,17.1
2025-05-22 05:00:00+00:00,0.0,0.0,9.7,18.0
2025-05-22 06:00:00+00:00,1.0,0.0,7.4,15.9
2025-05-22 07:00:00+00:00,48.0,183.1,6.9,14.2
2025-05-22 08:00:00+00:00,145.0,222.1,11.6,16.9
2025-05-22 09:00:00+00:00,213.0,144.8,15.5,22.5
2025-05-22 10:00:00+00:00,179.0,1.8,16.8,24.8
2025-05-22 11:00:00+00:00,128.0,0.0,15.5,22.9
2025-05-22 12:00:00+00:00,200.0,2.6,15.3,22.3
2025-05-22 13:00:00+00:00,291.0,30.0,15.8,23.0
2025-05-22 14:00:00+00:00,340.0,37.2,16.1,23.1
2025-05-22 15:00:00+00:00,430.0,101.7,16.4,23.5
2025-05-22 16:00:00+00:00,578.0,339.3,16.6,23.6
2025-05-22 17:00:00+00:00,651.0,647.2,16.8,24.0
2025-05-22 18:00:00+00:00,532.0,695.2,18.0,25.8
2025-05-22 19:00:00+00:00,379.0,616.4,16.3,23.8
2025-05-22 20:00:00+00:00,203.0,394.3,17.3,26.0
2025-05-22 21:00:00+00:00,78.0,229.1,15.0,24.1
2025-05-22 22:00:00+00:00,7.0,19.1,11.4,21.2
2025-05-22 23:00:00+00:00,0.0,0.0,8.0,17.8
2025-05-23 00:00:00+00:00,0.0,0.0,5.5,15.3
2025-05-23 01:00:00+00:00,0.0,0.0,5.4,14.6
2025-05-23 02:00:00+00:00,0.0,0.0,5.8,15.9
2025-05-23 03:00:00+00:00,0.0,0.0,6.7,18.3
2025-05-23 04:00:00+00:00,0.0,0.0,6.9,18.6
2025-05-23 05:00:00+00:00,0.0,0.0,7.3,19.0
2025-05-23 06:00:00+00:00,1.0,0.0,7.6,19.1
2025-05-23 07:00:00+00:00,46.0,150.9,9.2,20.9
2025-05-23 08:00:00+00:00,148.0,284.1,9.3,17.5
2025-05-23 09:00:00+00:00,270.0,347.7,13.7,19.8
2025-05-23 10:00:00+00:00,366.0,418.9,15.7,22.4
2025-05-23 11:00:00+00:00,450.0,364.6,15.4,21.8
2025-05-23 12:00:00+00:00,513.0,302.5,15.8,22.4
2025-05-23 13:00:00+00:00,491.0,218.0,17.0,24.1
2025-05-23 14:00:00+00:00,579.0,326.3,17.2,24.3
2025-05-23 15:00:00+00:00,547.0,253.7,18.3,26.2
2025-05-23 16:00:00+00:00,433.0,200.1,20.3,29.6
2025-05-23 17:00:00+00:00,342.0,155.7,17.7,25.5
2025-05-23 18:00:00+00:00,384.0,378.6,16.1,23.1
2025-05-23 19:00:00+00:00,302.0,395.4,10.2,14.7
2025-05-23 20:00:00+00:00,216.0,461.1,9.7,14.5
2025-05-23 21:00:00+00:00,80.0,245.2,3.7,9.9
2025-05-23 22:00:00+00:00,8.0,38.2,1.1,6.0
2025-05-23 23:00:00+00:00,0.0,0.0,1.4,1.8
2025-05-24 00:00:00+00:00,0.0,0.0,5.4,11.1
2025-05-24 01:00:00+00:00,0.0,0.0,6.3,16.9
2025-05-24 02:00:00+00:00,0.0,0.0,8.3,22.1
2025-05-24 03:00:00+00:00,0.0,0.0,11.3,25.7
2025-05-24 04:00:00+00:00,0.0,0.0,13.4,28.8
2025-05-24 05:00:00+00:00,0.0,0.0,14.8,30.7
2025-05-24 06:00:00+00:00,1.0,0.0,10.7,23.5
2025-05-24 07:00:00+00:00,27.0,9.9,12.3,24.5
2025-05-24 08:00:00+00:00,59.0,4.0,17.7,32.3
2025-05-24 09:00:00+00:00,71.0,2.5,20.1,34.9
2025-05-24 10:00:00+00:00,105.0,0.0,21.5,35.1
2025-05-24 11:00:00+00:00,117.0,1.5,19.1,32.8
2025-05-24 12:00:00+00:00,109.0,0.0,18.8,31.8
2025-05-24 13:00:00+00:00,109.0,0.0,20.0,35.1
2025-05-24 14:00:00+00:00,133.0,2.3,21.9,37.2
2025-05-24 15:00:00+00:00,115.0,5.9,23.8,39.2
2025-05-24 16:00:00+00:00,188.0,8.8,20.2,32.8
2025-05-24 17:00:00+00:00,163.0,0.0,16.0,26.9
2025-05-24 18:00:00+00:00,116.0,6.8,18.0,30.5
2025-05-24 19:00:00+00:00,87.0,2.2,17.8,30.3
2025-05-24 20:00:00+00:00,49.0,0.0,17.3,29.7
2025-05-24 21:00:00+00:00,26.0,0.0,17.0,29.1
2025-05-24 22:00:00+00:00,4.0,0.0,16.9,29.6
2025-05-24 23:00:00+00:00,0.0,0.0,18.1,31.1
2025-05-25 00:00:00+00:00,0.0,0.0,17.7,30.7
2025-05-25 01:00:00+00:00,0.0,0.0,17.6,30.7
2025-05-25 02:00:00+00:00,0.0,0.0,18.1,31.4
2025-05-25 03:00:00+00:00,0.0,0.0,17.4,30.5
2025-05-25 04:00:00+00:00,0.0,0.0,17.6,30.7
2025-05-25 05:00:00+00:00,0.0,0.0,18.1,31.6
2025-05-25 06:00:00+00:00,1.0,0.0,19.4,33.0
2025-05-25 07:00:00+00:00,14.0,0.0,18.3,31.2
2025-05-25 08:00:00+00:00,25.0,0.0,18.6,31.6
2025-05-25 09:00:00+00:00,166.0,83.6,21.1,34.2
2025-05-25 10:00:00+00:00,173.0,78.2,22.3,36.0
2025-05-25 11:00:00+00:00,134.0,0.0,20.1,33.9
2025-05-25 12:00:00+00:00,418.0,175.8,22.0,33.5
2025-05-25 13:00:00+00:00,796.0,748.3,28.1,41.8
2025-05-25 14:00:00+00:00,655.0,535.7,27.2,40.4
2025-05-25 15:00:00+00:00,681.0,584.2,24.2,35.6
2025-05-25 16:00:00+00:00,655.0,587.5,23.6,35.1
2025-05-25 17:00:00+00:00,486.0,363.2,22.9,34.3
2025-05-25 18:00:00+00:00,444.0,445.0,21.3,32.1
2025-05-25 19:00:00+00:00,360.0,569.6,19.6,28.8
2025-05-25 20:00:00+00:00,168.0,177.5,15.3,25.0
2025-05-25 21:00:00+00:00,44.0,6.6,12.8,22.6
2025-05-25 22:00:00+00:00,6.0,0.0,15.3,27.1
2025-05-25 23:00:00+00:00,0.0,0.0,14.4,26.5
2025-05-26 00:00:00+00:00,0.0,0.0,14.1,26.6
2025-05-26 01:00:00+00:00,0.0,0.0,14.3,27.4
2025-05-26 02:00:00+00:00,0.0,0.0,13.7,26.6
2025-05-26 03:00:00+00:00,0.0,0.0,13.3,25.9
2025-05-26 04:00:00+00:00,0.0,0.0,13.1,26.2
2025-05-26 05:00:00+00:00,0.0,0.0,12.7,26.0
2025-05-26 06:00:00+00:00,1.0,0.0,13.1,25.5
2025-05-26 07:00:00+00:00,56.0,217.9,14.3,25.6
2025-05-26 08:00:00+00:00,187.0,472.4,17.1,27.1
2025-05-26 09:00:00+00:00,315.0,514.3,19.1,28.5
2025-05-26 10:00:00+00:00,422.0,449.4,18.7,27.4
2025-05-26 11:00:00+00:00,537.0,520.0,19.2,27.7
2025-05-26 12:00:00+00:00,523.0,387.1,19.7,28.4
2025-05-26 13:00:00+00:00,660.0,525.4,18.7,27.0
2025-05-26 14:00:00+00:00,681.0,495.5,19.0,27.4
2025-05-26 15:00:00+00:00,559.0,395.4,20.8,30.4
2025-05-26 16:00:00+00:00,465.0,267.5,20.9,31.3
2025-05-26 17:00:00+00:00,363.0,231.7,23.1,35.1
2025-05-26 18:00:00+00:00,223.0,84.0,19.3,30.2
2025-05-26 19:00:00+00:00,250.0,216.7,18.9,29.7
2025-05-26 20:00:00+00:00,128.0,107.6,16.8,28.3
2025-05-26 21:00:00+00:00,72.0,194.0,15.0,27.2
2025-05-26 22:00:00+00:00,8.0,18.6,13.8,26.1
2025-05-26 23:00:00+00:00,0.0,0.0,14.8,28.0
2025-05-27 00:00:00+00:00,0.0,0.0,15.4,28.9
2025-05-27 01:00:00+00:00,0.0,0.0,16.5,30.2
2025-05-27 02:00:00+00:00,0.0,0.0,16.1,28.9
2025-05-27 03:00:00+00:00,0.0,0.0,15.4,28.3
2025-05-27 04:00:00+00:00,0.0,0.0,17.2,30.6
2025-05-27 05:00:00+00:00,0.0,0.0,19.3,34.0
2025-05-27 06:00:00+00:00,1.0,0.0,20.4,35.5
2025-05-27 07:00:00+00:00,49.0,148.7,19.6,33.5
2025-05-27 08:00:00+00:00,76.0,3.9,16.9,29.3
2025-05-27 09:00:00+00:00,175.0,80.5,22.4,35.6
2025-05-27 10:00:00+00:00,143.0,41.6,23.0,36.5
2025-05-27 11:00:00+00:00,134.0,5.9,21.5,34.2
2025-05-27 12:00:00+00:00,262.0,14.2,28.4,43.0
2025-05-27 13:00:00+00:00,206.0,3.6,25.6,39.4
2025-05-27 14:00:00+00:00,288.0,20.8,22.0,34.1
2025-05-27 15:00:00+00:00,338.0,8.2,26.1,39.8
2025-05-27 16:00:00+00:00,180.0,3.7,23.9,38.6
2025-05-27 17:00:00+00:00,111.0,0.0,23.2,38.0
2025-05-27 18:00:00+00:00,76.0,0.0,24.8,42.1
2025-05-27 19:00:00+00:00,34.0,0.0,25.9,44.2
2025-05-27 20:00:00+00:00,23.0,0.0,23.1,39.9
2025-05-27 21:00:00+00:00,12.0,0.0,26.9,45.3
2025-05-27 22:00:00+00:00,1.0,0.0,27.8,46.4
2025-05-27 23:00:00+00:00,0.0,0.0,26.8,44.6
2025-05-28 00:00:00+00:00,0.0,0.0,26.4,44.3
2025-05-28 01:00:00+00:00,0.0,0.0,24.6,41.2
2025-05-28 02:00:00+00:00,0.0,0.0,24.5,41.2
2025-05-28 03:00:00+00:00,0.0,0.0,24.4,41.2
2025-05-28 04:00:00+00:00,0.0,0.0,22.2,37.7
2025-05-28 05:00:00+00:00,0.0,0.0,20.8,35.4
2025-05-28 06:00:00+00:00,0.0,0.0,19.8,33.4
2025-05-28 07:00:00+00:00,19.0,0.0,21.1,35.0
2025-05-28 08:00:00+00:00,60.0,3.9,19.6,32.8
2025-05-28 09:00:00+00:00,159.0,48.6,22.5,36.1
2025-05-28 10:00:00+00:00,267.0,64.9,22.5,34.6
2025-05-28 11:00:00+00:00,505.0,404.6,22.1,33.2
2025-05-28 12:00:00+00:00,644.0,569.7,23.2,34.6
2025-05-28 13:00:00+00:00,631.0,519.0,22.9,34.2
2025-05-28 14:00:00+00:00,691.0,558.4,22.9,34.2
2025-05-28 15:00:00+00:00,647.0,526.2,22.7,33.6
2025-05-28 16:00:00+00:00,669.0,594.0,21.4,31.7
2025-05-28 17:00:00+00:00,571.0,581.2,19.8,29.3
2025-05-28 18:00:00+00:00,497.0,637.7,19.6,29.6
2025-05-28 19:00:00+00:00,354.0,535.7,17.2,26.7
2025-05-28 20:00:00+00:00,224.0,478.9,13.0,22.2
2025-05-28 21:00:00+00:00,90.0,269.6,9.3,18.6
2025-05-28 22:00:00+00:00,11.0,53.4,5.5,15.4
2025-05-28 23:00:00+00:00,0.0,0.0,4.2,11.5
2025-05-29 00:00:00+00:00,0.0,0.0,3.6,10.1
2025-05-29 01:00:00+00:00,0.0,0.0,2.1,6.6
2025-05-29 02:00:00+00:00,0.0,0.0,2.4,5.6
2025-05-29 03:00:00+00:00,0.0,0.0,3.9,8.2
2025-05-29 04:00:00+00:00,0.0,0.0,7.2,17.7
2025-05-29 05:00:00+00:00,0.0,0.0,8.5,19.4
2025-05-29 06:00:00+00:00,1.0,0.0,9.8,19.8
2025-05-29 07:00:00+00:00,25.0,9.0,11.0,20.4
2025-05-29 08:00:00+00:00,24.0,0.0,12.5,22.2
2025-05-29 09:00:00+00:00,66.0,0.0,9.5,27.0
2025-05-29 10:00:00+00:00,111.0,3.6,11.2,19.6
2025-05-29 11:00:00+00:00,159.0,16.2,11.9,18.7
2025-05-29 12:00:00+00:00,281.0,48.8,13.5,20.3
2025-05-29 13:00:00+00:00,158.0,11.9,15.1,23.8
2025-05-29 14:00:00+00:00,272.0,113.8,19.6,30.3
2025-05-29 15:00:00+00:00,333.0,31.5,23.0,34.8
2025-05-29 16:00:00+00:00,522.0,228.7,24.6,36.2
2025-05-29 17:00:00+00:00,185.0,0.0,21.6,31.9
2025-05-29 18:00:00+00:00,178.0,25.0,21.3,32.8
2025-05-29 19:00:00+00:00,168.0,45.3,18.7,28.3
2025-05-29 20:00:00+00:00,115.0,25.5,15.4,26.2
2025-05-29 21:00:00+00:00,70.0,49.4,15.9,28.5
2025-05-29 22:00:00+00:00,10.0,0.0,14.0,26.5
2025-05-29 23:00:00+00:00,0.0,0.0,12.9,26.2
2025-05-30 00:00:00+00:00,0.0,0.0,13.6,27.2
2025-05-30 01:00:00+00:00,0.0,0.0,13.2,26.9
2025-05-30 02:00:00+00:00,0.0,0.0,12.9,26.6
2025-05-30 03:00:00+00:00,0.0,0.0,13.0,26.5
2025-05-30 04:00:00+00:00,0.0,0.0,11.9,25.5
2025-05-30 05:00:00+00:00,0.0,0.0,11.3,24.6
2025-05-30 06:00:00+00:00,2.0,0.0,10.8,24.0
2025-05-30 07:00:00+00:00,63.0,256.5,12.3,24.0
2025-05-30 08:00:00+00:00,190.0,475.4,11.4,22.4
2025-05-30 09:00:00+00:00,343.0,617.6,12.8,19.6
2025-05-30 10:00:00+00:00,501.0,721.1,17.6,25.2
2025-05-30 11:00:00+00:00,540.0,475.0,19.4,28.3
2025-05-30 12:00:00+00:00,408.0,117.9,17.7,26.3
2025-05-30 13:00:00+00:00,489.0,170.5,15.8,23.1
2025-05-30 14:00:00+00:00,599.0,334.1,15.9,22.9
2025-05-30 15:00:00+00:00,709.0,489.6,15.8,22.6
2025-05-30 16:00:00+00:00,684.0,580.6,15.8,22.3
2025-05-30 17:00:00+00:00,622.0,631.4,14.8,21.2
2025-05-30 18:00:00+00:00,520.0,645.4,13.9,20.6
2025-05-30 19:00:00+00:00,370.0,559.0,12.8,20.6
2025-05-30 20:00:00+00:00,234.0,504.0,9.5,17.4
2025-05-30 21:00:00+00:00,102.0,341.2,7.1,14.4
2025-05-30 22:00:00+00:00,13.0,68.4,4.8,11.6
2025-05-30 23:00:00+00:00,0.0,0.0,1.8,6.8
2025-05-31 00:00:00+00:00,0.0,0.0,1.8,2.0
2025-05-31 01:00:00+00:00,0.0,0.0,2.7,3.1
2025-05-31 02:00:00+00:00,0.0,0.0,3.4,5.6
2025-05-31 03:00:00+00:00,0.0,0.0,0.4,2.2
2025-05-31 04:00:00+00:00,0.0,0.0,0.3,1.8
2025-05-31 05:00:00+00:00,0.0,0.0,1.5,2.7
2025-05-31 06:00:00+00:00,2.0,0.0,1.6,3.5
2025-05-31 07:00:00+00:00,43.0,26.2,4.1,5.9
2025-05-31 08:00:00+00:00,122.0,49.2,2.8,7.5
2025-05-31 09:00:00+00:00,289.0,343.9,1.2,2.4
2025-05-31 10:00:00+00:00,436.0,431.4,2.3,3.2
2025-05-31 11:00:00+00:00,474.0,316.1,3.1,4.3
2025-05-31 12:00:00+00:00,475.0,163.9,4.7,6.4
2025-05-31 13:00:00+00:00,453.0,153.7,11.2,16.6
2025-05-31 14:00:00+00:00,223.0,0.0,9.7,13.7
2025-05-31 15:00:00+00:00,664.0,545.9,8.7,11.9
2025-05-31 16:00:00+00:00,743.0,741.8,5.4,7.4
2025-05-31 17:00:00+00:00,657.0,743.8,7.6,10.2
2025-05-31 18:00:00+00:00,497.0,613.7,7.4,10.1
2025-05-31 19:00:00+00:00,254.0,252.7,7.5,11.4
2025-05-31 20:00:00+00:00,140.0,132.2,7.2,12.6
2025-05-31 21:00:00+00:00,34.0,0.0,12.0,18.8
2025-05-31 22:00:00+00:00,5.0,0.0,14.4,26.2
2025-05-31 23:00:00+00:00,0.0,0.0,13.5,26.5
2025-06-01 00:00:00+00:00,0.0,0.0,9.9,20.3
2025-06-01 01:00:00+00:00,0.0,0.0,8.3,17.9
2025-06-01 02:00:00+00:00,0.0,0.0,9.0,20.0
2025-06-01 03:00:00+00:00,0.0,0.0,12.0,24.6
2025-06-01 04:00:00+00:00,0.0,0.0,12.0,24.1
2025-06-01 05:00:00+00:00,0.0,0.0,11.2,23.0
2025-06-01 06:00:00+00:00,3.0,0.0,11.8,24.3
2025-06-01 07:00:00+00:00,67.0,284.0,13.0,23.3
2025-06-01 08:00:00+00:00,165.0,308.6,17.2,25.2
2025-06-01 09:00:00+00:00,174.0,76.7,16.2,23.4
2025-06-01 10:00:00+00:00,181.0,0.0,14.9,21.4
2025-06-01 11:00:00+00:00,249.0,23.4,14.6,21.4
2025-06-01 12:00:00+00:00,311.0,46.0,14.8,21.4
2025-06-01 13:00:00+00:00,445.0,118.1,15.1,21.9
2025-06-01 14:00:00+00:00,542.0,192.4,17.0,24.7
2025-06-01 15:00:00+00:00,549.0,226.6,19.2,28.0
2025-06-01 16:00:00+00:00,493.0,242.3,18.4,27.3
2025-06-01 17:00:00+00:00,401.0,181.4,18.4,27.0
2025-06-01 18:00:00+00:00,348.0,227.6,18.7,28.5
2025-06-01 19:00:00+00:00,250.0,123.7,14.7,23.8
2025-06-01 20:00:00+00:00,168.0,97.0,12.5,22.2
2025-06-01 21:00:00+00:00,82.0,83.1,12.2,23.2
2025-06-01 22:00:00+00:00,14.0,33.0,12.8,25.0
2025-06-01 23:00:00+00:00,0.0,0.0,12.3,24.5
2025-06-02 00:00:00+00:00,0.0,0.0,11.4,23.6
2025-06-02 01:00:00+00:00,0.0,0.0,10.7,22.8
2025-06-02 02:00:00+00:00,0.0,0.0,10.2,23.0
2025-06-02 03:00:00+00:00,0.0,0.0,10.5,23.6
2025-06-02 04:00:00+00:00,0.0,0.0,10.5,23.4
2025-06-02 05:00:00+00:00,0.0,0.0,10.4,23.4
2025-06-02 06:00:00+00:00,3.0,0.0,11.9,25.1
2025-06-02 07:00:00+00:00,66.0,263.6,12.2,23.5
2025-06-02 08:00:00+00:00,195.0,468.3,11.0,17.1
2025-06-02 09:00:00+00:00,349.0,607.5,14.0,20.2
2025-06-02 10:00:00+00:00,441.0,454.7,11.4,16.1
2025-06-02 11:00:00+00:00,529.0,497.6,11.0,15.3
2025-06-02 12:00:00+00:00,509.0,369.0,11.8,16.3
2025-06-02 13:00:00+00:00,619.0,487.3,14.7,20.3
2025-06-02 14:00:00+00:00,599.0,384.3,11.0,15.4
2025-06-02 15:00:00+00:00,601.0,472.4,9.3,13.2
2025-06-02 16:00:00+00:00,619.0,466.5,12.5,17.3
2025-06-02 17:00:00+00:00,456.0,334.4,11.6,16.5
2025-06-02 18:00:00+00:00,437.0,457.3,9.9,14.0
2025-06-02 19:00:00+00:00,393.0,616.0,11.3,15.8
2025-06-02 20:00:00+00:00,246.0,509.9,8.2,14.6
2025-06-02 21:00:00+00:00,104.0,310.5,4.4,11.9
2025-06-02 22:00:00+00:00,16.0,81.1,2.8,9.9
2025-06-02 23:00:00+00:00,0.0,0.0,3.6,9.7
2025-06-03 00:00:00+00:00,0.0,0.0,5.5,13.8
2025-06-03 01:00:00+00:00,0.0,0.0,6.2,16.3
2025-06-03 02:00:00+00:00,0.0,0.0,7.5,21.6
2025-06-03 03:00:00+00:00,0.0,0.0,6.8,19.2
2025-06-03 04:00:00+00:00,0.0,0.0,6.7,18.6
2025-06-03 05:00:00+00:00,0.0,0.0,6.7,18.9
2025-06-03 06:00:00+00:00,3.0,19.1,7.0,19.6
2025-06-03 07:00:00+00:00,71.0,302.7,8.8,20.7
2025-06-03 08:00:00+00:00,203.0,507.3,13.8,30.8
2025-06-03 09:00:00+00:00,351.0,613.2,12.6,24.6
2025-06-03 10:00:00+00:00,521.0,754.8,14.8,22.5
2025-06-03 11:00:00+00:00,663.0,814.7,23.4,34.8
2025-06-03 12:00:00+00:00,681.0,586.8,24.6,36.8
2025-06-03 13:00:00+00:00,694.0,491.4,23.7,35.5
2025-06-03 14:00:00+00:00,478.0,124.5,22.7,34.5
2025-06-03 15:00:00+00:00,635.0,344.2,22.6,34.0
2025-06-03 16:00:00+00:00,534.0,281.0,20.5,31.4
2025-06-03 17:00:00+00:00,537.0,397.2,21.7,33.4
2025-06-03 18:00:00+00:00,439.0,410.1,18.7,30.0
2025-06-03 19:00:00+00:00,278.0,232.8,17.3,29.6
2025-06-03 20:00:00+00:00,158.0,89.6,12.5,22.4
2025-06-03 21:00:00+00:00,111.0,341.5,5.6,15.7
2025-06-03 22:00:00+00:00,11.0,47.9,6.0,16.9
2025-06-03 23:00:00+00:00,0.0,0.0,6.4,17.7
2025-06-04 00:00:00+00:00,0.0,0.0,6.6,18.1
2025-06-04 01:00:00+00:00,0.0,0.0,5.2,15.1
2025-06-04 02:00:00+00:00,0.0,0.0,5.9,16.2
2025-06-04 03:00:00+00:00,0.0,0.0,5.2,15.7
2025-06-04 04:00:00+00:00,0.0,0.0,8.0,20.9
2025-06-04 05:00:00+00:00,0.0,0.0,11.9,25.4
2025-06-04 06:00:00+00:00,3.0,0.0,10.7,24.0
2025-06-04 07:00:00+00:00,42.0,66.6,10.2,20.3
2025-06-04 08:00:00+00:00,61.0,0.0,10.7,17.7
2025-06-04 09:00:00+00:00,123.0,0.0,14.0,21.3
2025-06-04 10:00:00+00:00,121.0,0.0,12.8,19.0
2025-06-04 11:00:00+00:00,70.0,0.0,11.3,17.7
2025-06-04 12:00:00+00:00,178.0,5.1,11.7,17.1
2025-06-04 13:00:00+00:00,359.0,85.9,14.7,20.9
2025-06-04 14:00:00+00:00,352.0,78.7,17.4,25.2
2025-06-04 15:00:00+00:00,398.0,176.0,18.2,26.5
2025-06-04 16:00:00+00:00,410.0,147.6,17.7,26.1
2025-06-04 17:00:00+00:00,454.0,271.1,17.3,25.6
2025-06-04 18:00:00+00:00,450.0,454.9,17.6,25.7
2025-06-04 19:00:00+00:00,295.0,328.9,15.4,24.1
2025-06-04 20:00:00+00:00,216.0,393.3,13.0,22.7
2025-06-04 21:00:00+00:00,105.0,314.7,10.2,21.0
2025-06-04 22:00:00+00:00,16.0,78.6,7.0,19.3
2025-06-04 23:00:00+00:00,0.0,0.0,6.7,18.3
2025-06-05 00:00:00+00:00,0.0,0.0,7.0,19.7
2025-06-05 01:00:00+00:00,0.0,0.0,7.3,20.5
2025-06-05 02:00:00+00:00,0.0,0.0,9.2,22.3
2025-06-05 03:00:00+00:00,0.0,0.0,10.0,22.0
2025-06-05 04:00:00+00:00,0.0,0.0,8.4,19.2
2025-06-05 05:00:00+00:00,0.0,0.0,9.1,20.7
2025-06-05 06:00:00+00:00,1.0,0.0,10.5,22.2
2025-06-05 07:00:00+00:00,11.0,0.0,13.0,24.2
2025-06-05 08:00:00+00:00,107.0,140.7,11.9,22.4
2025-06-05 09:00:00+00:00,328.0,506.1,18.2,27.7
2025-06-05 10:00:00+00:00,306.0,161.5,19.9,30.3
2025-06-05 11:00:00+00:00,129.0,0.0,19.7,31.7
2025-06-05 12:00:00+00:00,212.0,10.2,22.0,35.3
2025-06-05 13:00:00+00:00,228.0,2.4,18.8,28.3
2025-06-05 14:00:00+00:00,314.0,37.6,22.4,34.3
2025-06-05 15:00:00+00:00,337.0,57.8,18.6,27.9
2025-06-05 16:00:00+00:00,299.0,55.3,20.9,32.3
2025-06-05 17:00:00+00:00,532.0,419.0,26.2,40.0
2025-06-05 18:00:00+00:00,392.0,253.0,23.8,36.2
2025-06-05 19:00:00+00:00,202.0,84.0,18.4,29.1
2025-06-05 20:00:00+00:00,114.0,24.4,21.5,35.5
2025-06-05 21:00:00+00:00,39.0,0.0,22.8,38.3
2025-06-05 22:00:00+00:00,4.0,0.0,23.1,38.9
2025-06-05 23:00:00+00:00,0.0,0.0,22.7,39.7
2025-06-06 00:00:00+00:00,0.0,0.0,25.1,42.7
2025-06-06 01:00:00+00:00,0.0,0.0,21.0,35.6
2025-06-06 02:00:00+00:00,0.0,0.0,18.6,31.9
2025-06-06 03:00:00+00:00,0.0,0.0,19.4,32.8
2025-06-06 04:00:00+00:00,0.0,0.0,20.1,34.5
2025-06-06 05:00:00+00:00,0.0,0.0,20.3,34.3
2025-06-06 06:00:00+00:00,3.0,0.0,18.7,32.4
2025-06-06 07:00:00+00:00,47.0,57.3,19.4,32.2
2025-06-06 08:00:00+00:00,179.0,361.7,20.9,33.0
2025-06-06 09:00:00+00:00,324.0,547.9,20.6,31.3
2025-06-06 10:00:00+00:00,481.0,631.2,20.9,31.1
2025-06-06 11:00:00+00:00,571.0,611.6,21.5,31.8
2025-06-06 12:00:00+00:00,666.0,648.7,22.5,33.4
2025-06-06 13:00:00+00:00,565.0,412.5,22.9,34.2
2025-06-06 14:00:00+00:00,656.0,505.6,20.2,30.0
2025-06-06 15:00:00+00:00,665.0,541.7,23.7,35.4
2025-06-06 16:00:00+00:00,556.0,440.5,21.3,32.3
2025-06-06 17:00:00+00:00,492.0,437.5,19.5,29.7
2025-06-06 18:00:00+00:00,360.0,322.4,17.4,26.8
2025-06-06 19:00:00+00:00,317.0,332.9,16.9,27.0
2025-06-06 20:00:00+00:00,158.0,191.5,13.6,23.3
2025-06-06 21:00:00+00:00,60.0,78.4,12.7,22.9
2025-06-06 22:00:00+00:00,8.0,0.0,13.3,24.0
2025-06-06 23:00:00+00:00,0.0,0.0,14.0,25.4
2025-06-07 00:00:00+00:00,0.0,0.0,12.9,23.6
2025-06-07 01:00:00+00:00,0.0,0.0,13.3,25.2
2025-06-07 02:00:00+00:00,0.0,0.0,12.4,23.7
2025-06-07 03:00:00+00:00,0.0,0.0,10.4,21.6
2025-06-07 04:00:00+00:00,0.0,0.0,7.6,18.0
2025-06-07 05:00:00+00:00,0.0,0.0,8.5,17.7
2025-06-07 06:00:00+00:00,0.0,0.0,13.2,25.8
2025-06-07 07:00:00+00:00,10.0,0.0,18.2,32.3
2025-06-07 08:00:00+00:00,63.0,0.0,19.7,32.9
2025-06-07 09:00:00+00:00,132.0,18.9,20.0,31.9
2025-06-07 10:00:00+00:00,140.0,1.8,18.2,29.9
2025-06-07 11:00:00+00:00,405.0,146.6,19.3,28.7
2025-06-07 12:00:00+00:00,570.0,313.9,23.3,34.5
2025-06-07 13:00:00+00:00,258.0,11.7,20.4,33.0
2025-06-07 14:00:00+00:00,426.0,289.0,23.0,34.5
2025-06-07 15:00:00+00:00,599.0,386.5,22.6,34.0
2025-06-07 16:00:00+00:00,375.0,151.9,20.0,30.4
2025-06-07 17:00:00+00:00,583.0,562.7,21.6,32.6
2025-06-07 18:00:00+00:00,495.0,578.4,20.3,29.9
2025-06-07 19:00:00+00:00,280.0,311.0,16.9,26.4
2025-06-07 20:00:00+00:00,165.0,223.8,11.8,20.2
2025-06-07 21:00:00+00:00,82.0,188.6,15.3,27.2
2025-06-07 22:00:00+00:00,16.0,60.4,14.0,26.5
2025-06-07 23:00:00+00:00,0.0,0.0,15.0,27.2
2025-06-08 00:00:00+00:00,0.0,0.0,19.6,34.0
2025-06-08 01:00:00+00:00,0.0,0.0,19.7,34.2
2025-06-08 02:00:00+00:00,0.0,0.0,21.5,35.9
2025-06-08 03:00:00+00:00,0.0,0.0,18.5,32.1
2025-06-08 04:00:00+00:00,0.0,0.0,19.8,33.9
2025-06-08 05:00:00+00:00,0.0,0.0,20.6,35.1
2025-06-08 06:00:00+00:00,3.0,0.0,19.4,33.2
2025-06-08 07:00:00+00:00,58.0,161.4,19.6,32.8
2025-06-08 08:00:00+00:00,159.0,304.7,17.3,27.3
2025-06-08 09:00:00+00:00,258.0,279.0,20.7,31.7
2025-06-08 10:00:00+00:00,310.0,281.3,20.5,31.1
2025-06-08 11:00:00+00:00,351.0,198.7,22.2,34.1
2025-06-08 12:00:00+00:00,638.0,511.8,23.1,34.0
2025-06-08 13:00:00+00:00,734.0,619.6,23.8,35.1
2025-06-08 14:00:00+00:00,841.0,779.9,24.8,36.7
2025-06-08 15:00:00+00:00,847.0,805.6,26.1,38.7
2025-06-08 16:00:00+00:00,653.0,580.1,26.5,39.7
2025-06-08 17:00:00+00:00,514.0,445.6,23.4,35.2
2025-06-08 18:00:00+00:00,450.0,488.0,21.3,32.2
2025-06-08 19:00:00+00:00,331.0,441.1,17.3,26.8
2025-06-08 20:00:00+00:00,234.0,478.5,11.0,20.1
2025-06-08 21:00:00+00:00,111.0,340.7,7.2,17.2
2025-06-08 22:00:00+00:00,19.0,89.5,6.7,18.3
2025-06-08 23:00:00+00:00,0.0,0.0,10.3,24.4
2025-06-09 00:00:00+00:00,0.0,0.0,11.4,24.9
2025-06-09 01:00:00+00:00,0.0,0.0,12.5,26.3
2025-06-09 02:00:00+00:00,0.0,0.0,12.5,26.7
2025-06-09 03:00:00+00:00,0.0,0.0,11.9,25.6
2025-06-09 04:00:00+00:00,0.0,0.0,10.8,24.2
2025-06-09 05:00:00+00:00,0.0,0.0,10.6,23.8
2025-06-09 06:00:00+00:00,4.0,19.1,10.8,23.6
2025-06-09 07:00:00+00:00,71.0,264.7,10.7,23.6
2025-06-09 08:00:00+00:00,198.0,457.9,9.8,18.5
2025-06-09 09:00:00+00:00,351.0,604.6,9.6,14.4
2025-06-09 10:00:00+00:00,481.0,620.6,10.6,15.2
2025-06-09 11:00:00+00:00,557.0,530.5,10.5,14.6
2025-06-09 12:00:00+00:00,643.0,569.9,13.9,19.4
2025-06-09 13:00:00+00:00,543.0,290.8,15.7,22.4
2025-06-09 14:00:00+00:00,480.0,203.4,15.1,21.9
2025-06-09 15:00:00+00:00,425.0,175.0,14.0,20.1
2025-06-09 16:00:00+00:00,537.0,294.6,13.3,18.8
2025-06-09 17:00:00+00:00,440.0,259.3,12.5,18.3
2025-06-09 18:00:00+00:00,304.0,114.9,12.0,17.9
2025-06-09 19:00:00+00:00,239.0,180.5,10.6,16.9
2025-06-09 20:00:00+00:00,158.0,149.8,6.9,13.3
2025-06-09 21:00:00+00:00,77.0,32.7,6.0,14.3
2025-06-09 22:00:00+00:00,16.0,44.3,8.7,21.0
2025-06-09 23:00:00+00:00,0.0,0.0,8.0,21.1
2025-06-10 00:00:00+00:00,0.0,0.0,7.8,20.4
2025-06-10 01:00:00+00:00,0.0,0.0,7.8,20.3
2025-06-10 02:00:00+00:00,0.0,0.0,9.0,22.0
2025-06-10 03:00:00+00:00,0.0,0.0,10.3,22.6
2025-06-10 04:00:00+00:00,0.0,0.0,12.0,25.2
2025-06-10 05:00:00+00:00,0.0,0.0,14.1,27.8
2025-06-10 06:00:00+00:00,3.0,0.0,15.4,28.9
2025-06-10 07:00:00+00:00,54.0,31.9,16.0,29.1
2025-06-10 08:00:00+00:00,136.0,98.7,13.1,24.2
2025-06-10 09:00:00+00:00,366.0,667.7,17.4,26.7
2025-06-10 10:00:00+00:00,458.0,503.6,19.5,29.2
2025-06-10 11:00:00+00:00,586.0,547.6,22.4,32.9
2025-06-10 12:00:00+00:00,403.0,76.1,21.8,32.0
2025-06-10 13:00:00+00:00,294.0,39.8,18.9,28.8
2025-06-10 14:00:00+00:00,241.0,19.3,19.8,30.5
2025-06-10 15:00:00+00:00,164.0,13.8,15.8,24.9
2025-06-10 16:00:00+00:00,191.0,13.4,18.6,28.8
2025-06-10 17:00:00+00:00,265.0,49.1,16.7,26.1
2025-06-10 18:00:00+00:00,211.0,61.4,15.5,24.3
2025-06-10 19:00:00+00:00,276.0,268.9,16.7,25.8
2025-06-10 20:00:00+00:00,170.0,205.8,15.4,24.6
2025-06-10 21:00:00+00:00,79.0,129.7,7.7,14.7
2025-06-10 22:00:00+00:00,16.0,43.8,5.5,14.4
2025-06-10 23:00:00+00:00,0.0,0.0,4.4,12.3
2025-06-11 00:00:00+00:00,0.0,0.0,3.3,9.7
2025-06-11 01:00:00+00:00,0.0,0.0,2.2,6.9
2025-06-11 02:00:00+00:00,0.0,0.0,1.3,4.7
2025-06-11 03:00:00+00:00,0.0,0.0,0.9,4.4
2025-06-11 04:00:00+00:00,0.0,0.0,0.8,4.5
2025-06-11 05:00:00+00:00,0.0,0.0,1.1,5.2
2025-06-11 06:00:00+00:00,5.0,19.1,3.1,8.7
2025-06-11 07:00:00+00:00,74.0,294.2,6.6,12.6
2025-06-11 08:00:00+00:00,206.0,511.1,5.8,12.9
2025-06-11 09:00:00+00:00,362.0,650.7,7.2,10.4
2025-06-11 10:00:00+00:00,507.0,676.4,7.5,10.4
2025-06-11 11:00:00+00:00,664.0,810.9,7.7,10.4
2025-06-11 12:00:00+00:00,778.0,847.1,6.9,9.2
2025-06-11 13:00:00+00:00,853.0,865.6,6.4,8.6
2025-06-11 14:00:00+00:00,885.0,872.5,7.2,9.6
2025-06-11 15:00:00+00:00,872.0,869.1,7.6,10.1
2025-06-11 16:00:00+00:00,812.0,853.8,9.6,12.9
2025-06-11 17:00:00+00:00,713.0,826.1,10.2,14.0
2025-06-11 18:00:00+00:00,581.0,778.5,10.5,14.8
2025-06-11 19:00:00+00:00,428.0,703.6,12.0,17.8
2025-06-11 20:00:00+00:00,270.0,588.2,11.3,20.3
2025-06-11 21:00:00+00:00,125.0,407.5,10.4,22.2
2025-06-11 22:00:00+00:00,22.0,130.1,11.8,25.5
2025-06-11 23:00:00+00:00,0.0,0.0,11.8,25.9
2025-06-12 00:00:00+00:00,0.0,0.0,11.9,26.5
2025-06-12 01:00:00+00:00,0.0,0.0,13.4,28.3
2025-06-12 02:00:00+00:00,0.0,0.0,12.4,27.3
2025-06-12 03:00:00+00:00,0.0,0.0,11.7,26.6
2025-06-12 04:00:00+00:00,0.0,0.0,9.2,23.3
2025-06-12 05:00:00+00:00,0.0,0.0,8.3,22.1
2025-06-12 06:00:00+00:00,5.0,19.1,9.0,22.7
2025-06-12 07:00:00+00:00,76.0,317.0,11.7,23.6
2025-06-12 08:00:00+00:00,210.0,536.0,11.7,29.9
2025-06-12 09:00:00+00:00,368.0,676.2,11.2,17.8
2025-06-12 10:00:00+00:00,524.0,760.8,12.9,19.4
2025-06-12 11:00:00+00:00,664.0,813.5,14.7,21.5
2025-06-12 12:00:00+00:00,776.0,846.8,16.9,24.7
2025-06-12 13:00:00+00:00,848.0,861.8,16.4,23.5
2025-06-12 14:00:00+00:00,878.0,866.3,16.7,24.1
2025-06-12 15:00:00+00:00,859.0,846.6,15.4,22.2
2025-06-12 16:00:00+00:00,791.0,817.7,14.3,20.6
2025-06-12 17:00:00+00:00,640.0,636.1,14.0,20.7
2025-06-12 18:00:00+00:00,554.0,703.1,13.4,20.9
2025-06-12 19:00:00+00:00,415.0,671.0,10.4,18.4
2025-06-12 20:00:00+00:00,260.0,553.4,6.7,16.6
2025-06-12 21:00:00+00:00,118.0,367.4,4.5,12.4
2025-06-12 22:00:00+00:00,21.0,114.6,3.9,11.6
2025-06-12 23:00:00+00:00,0.0,0.0,4.0,10.9
2025-06-13 00:00:00+00:00,0.0,0.0,0.7,3.5
2025-06-13 01:00:00+00:00,0.0,0.0,0.9,1.2
2025-06-13 02:00:00+00:00,0.0,0.0,2.4,4.4
2025-06-13 03:00:00+00:00,0.0,0.0,1.8,4.3
2025-06-13 04:00:00+00:00,0.0,0.0,8.7,13.5
2025-06-13 05:00:00+00:00,0.0,0.0,6.2,16.4
2025-06-13 06:00:00+00:00,4.0,19.1,4.8,14.5
2025-06-13 07:00:00+00:00,62.0,197.6,5.7,11.7
2025-06-13 08:00:00+00:00,116.0,149.4,5.6,11.5
2025-06-13 09:00:00+00:00,134.0,0.0,6.7,11.7
2025-06-13 10:00:00+00:00,312.0,285.9,6.4,9.2
2025-06-13 11:00:00+00:00,609.0,670.1,7.4,10.1
2025-06-13 12:00:00+00:00,488.0,448.6,9.2,12.8
2025-06-13 13:00:00+00:00,692.0,536.1,6.7,8.9
2025-06-13 14:00:00+00:00,697.0,529.3,6.1,8.0
2025-06-13 15:00:00+00:00,775.0,672.7,5.6,7.6
2025-06-13 16:00:00+00:00,695.0,635.6,9.0,12.3
2025-06-13 17:00:00+00:00,630.0,627.3,10.1,14.1
2025-06-13 18:00:00+00:00,351.0,319.7,10.3,16.2
2025-06-13 19:00:00+00:00,334.0,423.1,7.8,13.5
2025-06-13 20:00:00+00:00,232.0,468.9,4.5,11.5
2025-06-13 21:00:00+00:00,112.0,322.7,6.1,16.2
2025-06-13 22:00:00+00:00,20.0,99.4,9.5,24.4
2025-06-13 23:00:00+00:00,0.0,0.0,10.1,25.2
2025-06-14 00:00:00+00:00,0.0,0.0,9.6,24.9
2025-06-14 01:00:00+00:00,0.0,0.0,11.5,27.0
2025-06-14 02:00:00+00:00,0.0,0.0,13.0,28.9
2025-06-14 03:00:00+00:00,0.0,0.0,9.6,21.1
2025-06-14 04:00:00+00:00,0.0,0.0,3.3,13.1
2025-06-14 05:00:00+00:00,0.0,0.0,1.2,1.5
2025-06-14 06:00:00+00:00,3.0,0.0,8.4,17.4
2025-06-14 07:00:00+00:00,51.0,55.2,9.8,21.0
2025-06-14 08:00:00+00:00,187.0,389.6,8.7,23.7
2025-06-14 09:00:00+00:00,340.0,574.6,6.9,12.4
2025-06-14 10:00:00+00:00,430.0,432.3,6.2,9.3
2025-06-14 11:00:00+00:00,542.0,415.3,12.9,18.2
2025-06-14 12:00:00+00:00,618.0,454.8,13.8,19.5
2025-06-14 13:00:00+00:00,625.0,351.0,15.5,22.4
2025-06-14 14:00:00+00:00,512.0,149.5,16.0,22.9
2025-06-14 15:00:00+00:00,323.0,107.9,9.4,13.3
2025-06-14 16:00:00+00:00,555.0,312.7,10.3,14.2
2025-06-14 17:00:00+00:00,598.0,547.9,13.2,18.1
2025-06-14 18:00:00+00:00,359.0,287.1,11.0,16.1
2025-06-14 19:00:00+00:00,333.0,379.2,11.0,15.8
2025-06-14 20:00:00+00:00,244.0,485.1,12.1,18.4
2025-06-14 21:00:00+00:00,118.0,352.4,13.2,23.4
2025-06-14 22:00:00+00:00,21.0,70.5,14.4,25.7
2025-06-14 23:00:00+00:00,0.0,0.0,10.3,20.3
2025-06-15 00:00:00+00:00,0.0,0.0,12.1,21.6
2025-06-15 01:00:00+00:00,0.0,0.0,6.1,11.0
2025-06-15 02:00:00+00:00,0.0,0.0,3.5,8.0
2025-06-15 03:00:00+00:00,0.0,0.0,6.1,13.2
2025-06-15 04:00:00+00:00,0.0,0.0,8.1,18.5
2025-06-15 05:00:00+00:00,0.0,0.0,7.7,18.9
2025-06-15 06:00:00+00:00,4.0,0.0,7.9,17.5
2025-06-15 07:00:00+00:00,41.0,86.7,8.2,17.2
2025-06-15 08:00:00+00:00,59.0,0.0,7.7,13.0
2025-06-15 09:00:00+00:00,131.0,30.6,7.8,11.7
2025-06-15 10:00:00+00:00,307.0,204.7,8.6,12.2
2025-06-15 11:00:00+00:00,471.0,358.8,9.1,12.6
2025-06-15 12:00:00+00:00,681.0,604.3,11.0,15.3
2025-06-15 13:00:00+00:00,749.0,651.6,14.3,19.9
2025-06-15 14:00:00+00:00,783.0,688.5,15.5,21.6
2025-06-15 15:00:00+00:00,509.0,251.1,14.9,21.2
2025-06-15 16:00:00+00:00,653.0,564.1,15.4,21.6
2025-06-15 17:00:00+00:00,553.0,478.3,14.5,20.8
2025-06-15 18:00:00+00:00,514.0,581.6,12.5,17.7
2025-06-15 19:00:00+00:00,408.0,621.9,13.9,20.5
2025-06-15 20:00:00+00:00,267.0,557.0,12.0,20.1
2025-06-15 21:00:00+00:00,118.0,324.4,7.1,16.4
2025-06-15 22:00:00+00:00,24.0,126.0,5.8,16.0
2025-06-15 23:00:00+00:00,0.0,0.0,3.3,12.7
2025-06-16 00:00:00+00:00,0.0,0.0,2.9,10.4
2025-06-16 01:00:00+00:00,0.0,0.0,6.2,16.8
2025-06-16 02:00:00+00:00,0.0,0.0,6.5,18.7
2025-06-16 03:00:00+00:00,0.0,0.0,6.9,18.9
2025-06-16 04:00:00+00:00,0.0,0.0,6.9,18.6
2025-06-16 05:00:00+00:00,0.0,0.0,7.1,18.8
2025-06-16 06:00:00+00:00,5.0,19.1,7.0,17.8
2025-06-16 07:00:00+00:00,72.0,275.7,7.8,17.9
2025-06-16 08:00:00+00:00,201.0,484.2,7.4,12.0
2025-06-16 09:00:00+00:00,354.0,631.1,6.8,9.6
2025-06-16 10:00:00+00:00,509.0,723.5,5.9,8.1
2025-06-16 11:00:00+00:00,648.0,781.3,5.7,7.8
2025-06-16 12:00:00+00:00,757.0,810.7,5.8,8.1
2025-06-16 13:00:00+00:00,809.0,786.0,7.8,10.8
2025-06-16 14:00:00+00:00,723.0,560.4,7.9,10.8
2025-06-16 15:00:00+00:00,522.0,194.9,7.8,10.7
2025-06-16 16:00:00+00:00,617.0,435.0,9.0,12.4
2025-06-16 17:00:00+00:00,537.0,490.1,12.0,16.4
2025-06-16 18:00:00+00:00,549.0,675.3,10.3,14.2
2025-06-16 19:00:00+00:00,428.0,690.3,9.7,13.6
2025-06-16 20:00:00+00:00,273.0,581.9,10.5,16.9
2025-06-16 21:00:00+00:00,126.0,385.3,7.5,16.4
2025-06-16 22:00:00+00:00,25.0,139.2,4.9,14.1
2025-06-16 23:00:00+00:00,0.0,0.0,5.3,14.4
2025-06-17 00:00:00+00:00,0.0,0.0,4.0,12.2
2025-06-17 01:00:00+00:00,0.0,0.0,1.5,7.8
2025-06-17 02:00:00+00:00,0.0,0.0,1.5,6.8
2025-06-17 03:00:00+00:00,0.0,0.0,1.5,6.6
2025-06-17 04:00:00+00:00,0.0,0.0,1.9,7.0
2025-06-17 05:00:00+00:00,0.0,0.0,1.7,6.6
2025-06-17 06:00:00+00:00,5.0,19.1,2.6,7.7
2025-06-17 07:00:00+00:00,74.0,299.5,3.4,7.6
2025-06-17 08:00:00+00:00,205.0,506.3,0.9,6.3
2025-06-17 09:00:00+00:00,359.0,647.8,1.1,2.6
2025-06-17 10:00:00+00:00,515.0,739.6,1.8,2.8
2025-06-17 11:00:00+00:00,646.0,754.0,2.5,3.6
2025-06-17 12:00:00+00:00,745.0,734.7,3.4,4.7
2025-06-17 13:00:00+00:00,832.0,804.6,4.5,6.1
2025-06-17 14:00:00+00:00,787.0,646.3,4.9,6.7
2025-06-17 15:00:00+00:00,647.0,386.2,5.7,7.6
2025-06-17 16:00:00+00:00,601.0,398.3,6.0,8.1
2025-06-17 17:00:00+00:00,463.0,213.7,5.0,6.9
2025-06-17 18:00:00+00:00,343.0,140.7,8.6,12.3
2025-06-17 19:00:00+00:00,297.0,283.4,7.9,11.9
2025-06-17 20:00:00+00:00,207.0,285.9,13.7,22.6
2025-06-17 21:00:00+00:00,91.0,114.1,6.2,15.9
2025-06-17 22:00:00+00:00,21.0,27.7,9.1,20.5
2025-06-17 23:00:00+00:00,0.0,0.0,6.0,16.8
2025-06-18 00:00:00+00:00,0.0,0.0,3.9,12.8
2025-06-18 01:00:00+00:00,0.0,0.0,3.1,11.3
2025-06-18 02:00:00+00:00,0.0,0.0,2.3,10.0
2025-06-18 03:00:00+00:00,0.0,0.0,2.9,10.0
2025-06-18 04:00:00+00:00,0.0,0.0,3.9,9.9
2025-06-18 05:00:00+00:00,0.0,0.0,5.0,14.0
2025-06-18 06:00:00+00:00,5.0,19.1,6.0,15.6
2025-06-18 07:00:00+00:00,71.0,228.9,6.9,15.8
2025-06-18 08:00:00+00:00,192.0,393.7,5.4,14.7
2025-06-18 09:00:00+00:00,339.0,539.8,5.2,8.1
2025-06-18 10:00:00+00:00,494.0,648.1,5.0,7.0
2025-06-18 11:00:00+00:00,635.0,732.5,5.4,7.4
2025-06-18 12:00:00+00:00,735.0,715.8,5.6,7.6
2025-06-18 13:00:00+00:00,809.0,746.1,5.4,7.1
2025-06-18 14:00:00+00:00,857.0,810.3,5.6,7.8
2025-06-18 15:00:00+00:00,646.0,412.4,4.6,6.3
2025-06-18 16:00:00+00:00,492.0,222.1,6.5,9.1
2025-06-18 17:00:00+00:00,466.0,305.5,13.4,18.8
2025-06-18 18:00:00+00:00,481.0,527.0,15.4,22.5
2025-06-18 19:00:00+00:00,426.0,686.2,15.1,22.1
2025-06-18 20:00:00+00:00,272.0,579.2,12.6,19.9
2025-06-18 21:00:00+00:00,126.0,387.3,11.2,21.0
2025-06-18 22:00:00+00:00,25.0,137.8,6.2,16.9
2025-06-18 23:00:00+00:00,0.0,0.0,5.9,16.2
2025-06-19 00:00:00+00:00,0.0,0.0,5.4,15.7
2025-06-19 01:00:00+00:00,0.0,0.0,4.5,14.0
2025-06-19 02:00:00+00:00,0.0,0.0,4.5,13.4
2025-06-19 03:00:00+00:00,0.0,0.0,3.6,11.8
2025-06-19 04:00:00+00:00,0.0,0.0,4.0,12.1
2025-06-19 05:00:00+00:00,0.0,0.0,4.2,12.6
2025-06-19 06:00:00+00:00,5.0,19.1,4.9,13.6
2025-06-19 07:00:00+00:00,73.0,284.8,7.0,15.2
2025-06-19 08:00:00+00:00,201.0,496.4,6.3,12.6
2025-06-19 09:00:00+00:00,354.0,639.3,6.9,10.2
2025-06-19 10:00:00+00:00,508.0,729.7,7.8,11.0
2025-06-19 11:00:00+00:00,649.0,787.8,8.5,11.7
2025-06-19 12:00:00+00:00,761.0,824.9,8.3,11.3
2025-06-19 13:00:00+00:00,837.0,844.4,8.2,11.0
2025-06-19 14:00:00+00:00,870.0,853.3,8.5,11.4
2025-06-19 15:00:00+00:00,778.0,601.2,10.2,13.6
2025-06-19 16:00:00+00:00,688.0,491.4,10.7,14.5
2025-06-19 17:00:00+00:00,459.0,197.2,8.5,11.9
2025-06-19 18:00:00+00:00,501.0,523.3,11.8,16.5
2025-06-19 19:00:00+00:00,315.0,404.7,15.0,22.0
2025-06-19 20:00:00+00:00,260.0,522.9,9.8,16.5
2025-06-19 21:00:00+00:00,128.0,396.3,7.7,17.4
2025-06-19 22:00:00+00:00,25.0,137.2,6.7,18.9
2025-06-19 23:00:00+00:00,0.0,0.0,9.7,23.9
2025-06-20 00:00:00+00:00,0.0,0.0,9.8,23.7
2025-06-20 01:00:00+00:00,0.0,0.0,7.5,21.2
2025-06-20 02:00:00+00:00,0.0,0.0,6.4,18.3
2025-06-20 03:00:00+00:00,0.0,0.0,6.4,17.6
2025-06-20 04:00:00+00:00,0.0,0.0,6.7,19.0
2025-06-20 05:00:00+00:00,0.0,0.0,6.6,19.1
2025-06-20 06:00:00+00:00,5.0,19.1,6.4,18.4
2025-06-20 07:00:00+00:00,74.0,293.6,8.1,19.4
2025-06-20 08:00:00+00:00,201.0,486.2,8.7,15.7
2025-06-20 09:00:00+00:00,358.0,651.8,8.3,12.4
2025-06-20 10:00:00+00:00,514.0,742.6,8.5,12.1
2025-06-20 11:00:00+00:00,654.0,798.3,10.3,14.4
2025-06-20 12:00:00+00:00,764.0,822.7,10.6,14.6
2025-06-20 13:00:00+00:00,842.0,848.1,10.7,14.6
2025-06-20 14:00:00+00:00,878.0,864.5,10.5,14.3
2025-06-20 15:00:00+00:00,855.0,813.0,11.7,16.1
2025-06-20 16:00:00+00:00,781.0,734.9,12.2,16.9
2025-06-20 17:00:00+00:00,688.0,700.7,13.0,18.3
2025-06-20 18:00:00+00:00,526.0,522.9,13.6,19.6
2025-06-20 19:00:00+00:00,318.0,209.2,11.2,18.3
2025-06-20 20:00:00+00:00,186.0,113.1,8.4,17.8
2025-06-20 21:00:00+00:00,96.0,92.3,7.6,19.3
2025-06-20 22:00:00+00:00,21.0,13.7,7.8,20.7
2025-06-20 23:00:00+00:00,0.0,0.0,9.6,23.4
2025-06-21 00:00:00+00:00,0.0,0.0,8.2,22.2
2025-06-21 01:00:00+00:00,0.0,0.0,8.1,22.3
2025-06-21 02:00:00+00:00,0.0,0.0,7.6,21.8
2025-06-21 03:00:00+00:00,0.0,0.0,7.0,20.1
2025-06-21 04:00:00+00:00,0.0,0.0,6.8,19.4
2025-06-21 05:00:00+00:00,0.0,0.0,6.7,19.1
2025-06-21 06:00:00+00:00,5.0,19.1,6.3,17.8
2025-06-21 07:00:00+00:00,76.0,326.6,7.5,18.7
2025-06-21 08:00:00+00:00,209.0,538.5,6.5,20.4
2025-06-21 09:00:00+00:00,366.0,678.6,5.1,9.4
2025-06-21 10:00:00+00:00,523.0,766.2,5.8,8.4
2025-06-21 11:00:00+00:00,665.0,822.0,6.2,8.7
2025-06-21 12:00:00+00:00,779.0,855.9,6.7,9.1
2025-06-21 13:00:00+00:00,856.0,876.3,8.3,11.3
2025-06-21 14:00:00+00:00,889.0,883.8,8.3,11.3
2025-06-21 15:00:00+00:00,877.0,880.4,8.8,11.9
2025-06-21 16:00:00+00:00,818.0,864.5,7.9,10.7
2025-06-21 17:00:00+00:00,720.0,835.4,6.9,9.3
2025-06-21 18:00:00+00:00,589.0,788.5,5.2,7.2
2025-06-21 19:00:00+00:00,437.0,716.3,3.9,6.0
2025-06-21 20:00:00+00:00,280.0,608.1,2.3,5.2
2025-06-21 21:00:00+00:00,134.0,434.9,1.3,5.5
2025-06-21 22:00:00+00:00,27.0,163.4,4.2,12.9
2025-06-21 23:00:00+00:00,0.0,0.0,4.5,13.2
2025-06-22 00:00:00+00:00,0.0,0.0,4.9,14.5
2025-06-22 01:00:00+00:00,0.0,0.0,7.4,19.9
2025-06-22 02:00:00+00:00,0.0,0.0,8.3,23.6
2025-06-22 03:00:00+00:00,0.0,0.0,8.2,23.5
2025-06-22 04:00:00+00:00,0.0,0.0,9.2,25.2
2025-06-22 05:00:00+00:00,0.0,0.0,8.3,24.5
2025-06-22 06:00:00+00:00,5.0,19.1,9.6,26.2
2025-06-22 07:00:00+00:00,74.0,312.2,10.3,25.3
2025-06-22 08:00:00+00:00,201.0,503.0,10.0,27.1
2025-06-22 09:00:00+00:00,352.0,627.5,12.7,20.2
2025-06-22 10:00:00+00:00,496.0,685.5,13.9,20.5
2025-06-22 11:00:00+00:00,546.0,499.0,12.5,17.7
2025-06-22 12:00:00+00:00,624.0,423.7,11.4,15.8
2025-06-22 13:00:00+00:00,556.0,255.1,10.9,15.1
2025-06-22 14:00:00+00:00,453.0,99.6,12.5,17.4
2025-06-22 15:00:00+00:00,300.0,25.2,15.1,21.4
2025-06-22 16:00:00+00:00,591.0,441.2,14.3,20.4
2025-06-22 17:00:00+00:00,680.0,751.4,13.7,19.4
2025-06-22 18:00:00+00:00,530.0,644.7,15.4,22.0
2025-06-22 19:00:00+00:00,419.0,660.9,19.9,29.3
2025-06-22 20:00:00+00:00,263.0,520.5,19.3,29.7
2025-06-22 21:00:00+00:00,126.0,326.8,17.1,28.0
2025-06-22 22:00:00+00:00,21.0,27.2,15.8,27.5
2025-06-22 23:00:00+00:00,0.0,0.0,14.2,26.0
2025-06-23 00:00:00+00:00,0.0,0.0,13.1,23.9
2025-06-23 01:00:00+00:00,0.0,0.0,14.5,26.2
2025-06-23 02:00:00+00:00,0.0,0.0,16.0,28.8
2025-06-23 03:00:00+00:00,0.0,0.0,16.5,29.5
2025-06-23 04:00:00+00:00,0.0,0.0,17.8,30.5
2025-06-23 05:00:00+00:00,0.0,0.0,18.0,30.8
2025-06-23 06:00:00+00:00,3.0,0.0,18.5,31.6
2025-06-23 07:00:00+00:00,50.0,80.5,18.7,30.7
2025-06-23 08:00:00+00:00,68.0,0.0,24.8,38.3
2025-06-23 09:00:00+00:00,79.0,0.0,25.6,39.6
2025-06-23 10:00:00+00:00,173.0,28.4,22.0,34.0
2025-06-23 11:00:00+00:00,409.0,226.5,28.5,42.7
2025-06-23 12:00:00+00:00,403.0,147.2,24.9,37.2
2025-06-23 13:00:00+00:00,677.0,496.4,24.4,35.7
2025-06-23 14:00:00+00:00,750.0,575.0,23.6,34.4
2025-06-23 15:00:00+00:00,699.0,504.9,21.5,31.2
2025-06-23 16:00:00+00:00,584.0,343.0,19.9,28.8
2025-06-23 17:00:00+00:00,455.0,227.9,17.9,26.1
2025-06-23 18:00:00+00:00,384.0,232.3,17.8,25.9
2025-06-23 19:00:00+00:00,336.0,389.0,15.3,22.4
2025-06-23 20:00:00+00:00,139.0,37.6,13.7,21.1
2025-06-23 21:00:00+00:00,81.0,96.8,13.5,21.8
2025-06-23 22:00:00+00:00,23.0,108.4,15.2,27.3
2025-06-23 23:00:00+00:00,0.0,0.0,14.6,26.9
2025-06-24 00:00:00+00:00,0.0,0.0,13.9,26.2
2025-06-24 01:00:00+00:00,0.0,0.0,14.0,26.7
2025-06-24 02:00:00+00:00,0.0,0.0,14.5,27.5
2025-06-24 03:00:00+00:00,0.0,0.0,14.4,27.5
2025-06-24 04:00:00+00:00,0.0,0.0,13.3,26.1
2025-06-24 05:00:00+00:00,0.0,0.0,12.6,25.4
2025-06-24 06:00:00+00:00,4.0,19.1,13.7,26.7
2025-06-24 07:00:00+00:00,72.0,291.7,12.1,25.6
2025-06-24 08:00:00+00:00,199.0,494.8,14.8,23.2
2025-06-24 09:00:00+00:00,349.0,627.3,18.9,27.7
2025-06-24 10:00:00+00:00,361.0,296.5,21.3,31.3
2025-06-24 11:00:00+00:00,386.0,191.8,20.9,30.5
2025-06-24 12:00:00+00:00,373.0,104.2,20.7,30.5
2025-06-24 13:00:00+00:00,311.0,34.0,22.1,32.9
2025-06-24 14:00:00+00:00,281.0,35.1,23.1,34.9
2025-06-24 15:00:00+00:00,342.0,85.9,17.2,26.0
2025-06-24 16:00:00+00:00,324.0,38.8,23.5,35.2
2025-06-24 17:00:00+00:00,314.0,58.0,24.1,36.1
2025-06-24 18:00:00+00:00,166.0,11.1,20.9,32.1
2025-06-24 19:00:00+00:00,274.0,162.0,22.3,34.2
2025-06-24 20:00:00+00:00,171.0,144.3,20.7,32.7
2025-06-24 21:00:00+00:00,62.0,10.2,16.0,27.6
2025-06-24 22:00:00+00:00,23.0,108.3,14.9,27.4
2025-06-24 23:00:00+00:00,0.0,0.0,15.4,27.9
2025-06-25 00:00:00+00:00,0.0,0.0,15.9,28.7
2025-06-25 01:00:00+00:00,0.0,0.0,15.4,28.5
2025-06-25 02:00:00+00:00,0.0,0.0,13.7,26.3
2025-06-25 03:00:00+00:00,0.0,0.0,13.3,26.1
2025-06-25 04:00:00+00:00,0.0,0.0,11.5,23.6
2025-06-25 05:00:00+00:00,0.0,0.0,8.9,20.3
2025-06-25 06:00:00+00:00,4.0,19.1,9.2,20.5
2025-06-25 07:00:00+00:00,68.0,261.1,10.5,18.9
2025-06-25 08:00:00+00:00,193.0,474.2,9.3,14.1
2025-06-25 09:00:00+00:00,340.0,590.5,9.8,13.5
2025-06-25 10:00:00+00:00,460.0,569.0,9.7,13.2
2025-06-25 11:00:00+00:00,436.0,270.5,11.2,15.5
2025-06-25 12:00:00+00:00,626.0,484.3,10.6,14.2
2025-06-25 13:00:00+00:00,769.0,693.7,10.1,14.0
2025-06-25 14:00:00+00:00,781.0,685.2,9.3,12.7
2025-06-25 15:00:00+00:00,547.0,309.2,9.7,13.4
2025-06-25 16:00:00+00:00,347.0,23.0,8.4,12.1
2025-06-25 17:00:00+00:00,642.0,617.4,6.4,8.8
2025-06-25 18:00:00+00:00,449.0,343.5,5.1,7.3
2025-06-25 19:00:00+00:00,420.0,661.8,3.3,4.3
2025-06-25 20:00:00+00:00,267.0,556.7,2.3,2.8
2025-06-25 21:00:00+00:00,124.0,361.1,1.8,3.2
2025-06-25 22:00:00+00:00,24.0,94.6,5.6,10.8
2025-06-25 23:00:00+00:00,0.0,0.0,6.8,18.0
2025-06-26 00:00:00+00:00,0.0,0.0,5.0,13.1
2025-06-26 01:00:00+00:00,0.0,0.0,7.6,10.1
2025-06-26 02:00:00+00:00,0.0,0.0,9.2,20.4
2025-06-26 03:00:00+00:00,0.0,0.0,2.4,7.2
2025-06-26 04:00:00+00:00,0.0,0.0,9.3,16.8
2025-06-26 05:00:00+00:00,0.0,0.0,10.1,19.7
2025-06-26 06:00:00+00:00,1.0,0.0,9.8,20.3
2025-06-26 07:00:00+00:00,15.0,0.0,13.6,25.6
2025-06-26 08:00:00+00:00,81.0,3.7,14.1,24.0
2025-06-26 09:00:00+00:00,220.0,181.4,17.6,26.7
2025-06-26 10:00:00+00:00,220.0,81.9,15.5,23.5
2025-06-26 11:00:00+00:00,530.0,474.7,18.0,26.1
2025-06-26 12:00:00+00:00,649.0,535.5,19.3,28.0
2025-06-26 13:00:00+00:00,799.0,745.6,20.0,29.0
2025-06-26 14:00:00+00:00,608.0,411.3,24.6,36.4
2025-06-26 15:00:00+00:00,576.0,355.0,24.4,36.0
2025-06-26 16:00:00+00:00,577.0,389.0,28.1,41.9
2025-06-26 17:00:00+00:00,264.0,40.4,23.5,36.0
2025-06-26 18:00:00+00:00,502.0,480.1,25.9,39.1
2025-06-26 19:00:00+00:00,151.0,0.0,18.5,29.1
2025-06-26 20:00:00+00:00,252.0,481.5,19.8,31.6
2025-06-26 21:00:00+00:00,124.0,310.1,21.5,36.6
2025-06-26 22:00:00+00:00,24.0,67.6,19.4,34.2
2025-06-26 23:00:00+00:00,0.0,0.0,16.9,31.0
2025-06-27 00:00:00+00:00,0.0,0.0,16.4,30.4
2025-06-27 01:00:00+00:00,0.0,0.0,16.1,30.0
2025-06-27 02:00:00+00:00,0.0,0.0,14.7,28.1
2025-06-27 03:00:00+00:00,0.0,0.0,14.1,27.1
2025-06-27 04:00:00+00:00,0.0,0.0,14.6,28.0
2025-06-27 05:00:00+00:00,0.0,0.0,14.0,26.3
2025-06-27 06:00:00+00:00,2.0,0.0,12.0,22.4
2025-06-27 07:00:00+00:00,14.0,0.0,10.6,18.8
2025-06-27 08:00:00+00:00,51.0,0.0,9.0,15.2
2025-06-27 09:00:00+00:00,220.0,167.4,9.8,14.4
2025-06-27 10:00:00+00:00,485.0,638.6,13.8,19.3
2025-06-27 11:00:00+00:00,272.0,70.0,14.5,20.4
2025-06-27 12:00:00+00:00,269.0,31.8,11.2,15.9
2025-06-27 13:00:00+00:00,486.0,207.6,9.7,13.5
2025-06-27 14:00:00+00:00,773.0,599.6,14.4,19.9
2025-06-27 15:00:00+00:00,532.0,195.9,14.8,21.2
2025-06-27 16:00:00+00:00,346.0,38.8,13.2,18.6
2025-06-27 17:00:00+00:00,412.0,171.2,13.0,18.8
2025-06-27 18:00:00+00:00,241.0,11.1,12.1,18.0
2025-06-27 19:00:00+00:00,257.0,165.9,11.4,17.4
2025-06-27 20:00:00+00:00,187.0,152.8,15.8,26.4
2025-06-27 21:00:00+00:00,96.0,111.9,10.5,19.7
2025-06-27 22:00:00+00:00,24.0,108.1,10.2,20.9
2025-06-27 23:00:00+00:00,0.0,0.0,10.1,21.6
2025-06-28 00:00:00+00:00,0.0,0.0,11.4,23.4
2025-06-28 01:00:00+00:00,0.0,0.0,12.1,24.5
2025-06-28 02:00:00+00:00,0.0,0.0,12.9,25.7
2025-06-28 03:00:00+00:00,0.0,0.0,15.2,28.7
2025-06-28 04:00:00+00:00,0.0,0.0,15.1,28.4
2025-06-28 05:00:00+00:00,0.0,0.0,14.2,27.4
2025-06-28 06:00:00+00:00,4.0,19.1,13.3,26.2
2025-06-28 07:00:00+00:00,67.0,276.5,14.8,25.5
2025-06-28 08:00:00+00:00,190.0,464.8,19.0,28.5
2025-06-28 09:00:00+00:00,313.0,489.2,19.3,28.4
2025-06-28 10:00:00+00:00,308.0,123.3,19.8,29.1
2025-06-28 11:00:00+00:00,331.0,81.7,18.2,26.7
2025-06-28 12:00:00+00:00,393.0,108.3,16.4,23.9
2025-06-28 13:00:00+00:00,461.0,143.2,15.7,22.8
2025-06-28 14:00:00+00:00,414.0,97.5,15.1,21.6
2025-06-28 15:00:00+00:00,407.0,96.3,14.1,20.1
2025-06-28 16:00:00+00:00,373.0,97.0,13.6,19.5
2025-06-28 17:00:00+00:00,350.0,107.9,13.9,20.0
2025-06-28 18:00:00+00:00,277.0,87.4,13.7,19.8
2025-06-28 19:00:00+00:00,316.0,317.6,14.0,20.5
2025-06-28 20:00:00+00:00,156.0,126.9,13.4,20.6
2025-06-28 21:00:00+00:00,98.0,188.3,10.5,18.6
2025-06-28 22:00:00+00:00,25.0,121.8,8.3,18.7
2025-06-28 23:00:00+00:00,0.0,0.0,8.7,20.4
2025-06-29 00:00:00+00:00,0.0,0.0,9.4,21.4
2025-06-29 01:00:00+00:00,0.0,0.0,9.5,21.7
2025-06-29 02:00:00+00:00,0.0,0.0,9.7,21.8
2025-06-29 03:00:00+00:00,0.0,0.0,8.9,20.5
2025-06-29 04:00:00+00:00,0.0,0.0,7.7,18.5
2025-06-29 05:00:00+00:00,0.0,0.0,7.2,17.5
2025-06-29 06:00:00+00:00,3.0,0.0,7.0,16.7
2025-06-29 07:00:00+00:00,65.0,262.4,7.4,17.3
2025-06-29 08:00:00+00:00,189.0,470.6,6.8,10.8
2025-06-29 09:00:00+00:00,339.0,615.6,5.6,8.0
2025-06-29 10:00:00+00:00,491.0,707.1,4.0,5.5
2025-06-29 11:00:00+00:00,629.0,765.9,3.3,4.6
2025-06-29 12:00:00+00:00,717.0,729.6,5.2,7.0
2025-06-29 13:00:00+00:00,607.0,370.0,7.2,9.5
2025-06-29 14:00:00+00:00,498.0,184.9,7.8,10.6
2025-06-29 15:00:00+00:00,517.0,205.2,6.6,9.0
2025-06-29 16:00:00+00:00,564.0,359.0,6.5,8.8
2025-06-29 17:00:00+00:00,547.0,490.8,6.8,9.3
2025-06-29 18:00:00+00:00,494.0,521.5,8.1,11.1
2025-06-29 19:00:00+00:00,393.0,566.6,13.2,18.4
2025-06-29 20:00:00+00:00,269.0,556.8,14.4,21.3
2025-06-29 21:00:00+00:00,128.0,392.2,13.1,21.0
2025-06-29 22:00:00+00:00,26.0,135.5,9.1,18.6
2025-06-29 23:00:00+00:00,0.0,0.0,6.5,17.2
2025-06-30 00:00:00+00:00,0.0,0.0,6.4,17.8
2025-06-30 01:00:00+00:00,0.0,0.0,7.5,18.8
2025-06-30 02:00:00+00:00,0.0,0.0,6.7,18.4
2025-06-30 03:00:00+00:00,0.0,0.0,6.8,18.0
2025-06-30 04:00:00+00:00,0.0,0.0,7.1,18.6
2025-06-30 05:00:00+00:00,0.0,0.0,6.8,18.2
2025-06-30 06:00:00+00:00,3.0,19.1,7.0,18.0
2025-06-30 07:00:00+00:00,66.0,282.5,8.1,20.0
2025-06-30 08:00:00+00:00,192.0,488.0,8.1,14.0
2025-06-30 09:00:00+00:00,340.0,615.0,8.2,11.9
2025-06-30 10:00:00+00:00,496.0,724.6,8.4,11.7
2025-06-30 11:00:00+00:00,636.0,784.5,8.6,11.9
2025-06-30 12:00:00+00:00,747.0,813.4,9.4,13.0
2025-06-30 13:00:00+00:00,821.0,820.6,9.9,13.4
2025-06-30 14:00:00+00:00,860.0,850.3,8.5,11.4
2025-06-30 15:00:00+00:00,847.0,823.5,6.9,9.0
2025-06-30 16:00:00+00:00,771.0,763.1,7.0,8.9
2025-06-30 17:00:00+00:00,695.0,764.8,6.9,8.9
2025-06-30 18:00:00+00:00,561.0,726.9,7.3,9.6
2025-06-30 19:00:00+00:00,419.0,672.1,8.3,11.5
2025-06-30 20:00:00+00:00,267.0,565.8,6.3,11.7
2025-06-30 21:00:00+00:00,126.0,398.0,4.2,11.0
2025-06-30 22:00:00+00:00,26.0,149.4,2.7,9.7
2025-06-30 23:00:00+00:00,0.0,0.0,0.9,4.6
2025-07-01 00:00:00+00:00,0.0,0.0,2.4,5.0
2025-07-01 01:00:00+00:00,0.0,0.0,4.4,11.7
2025-07-01 02:00:00+00:00,0.0,0.0,4.9,14.2
2025-07-01 03:00:00+00:00,0.0,0.0,6.6,18.4
2025-07-01 04:00:00+00:00,0.0,0.0,6.5,18.8
2025-07-01 05:00:00+00:00,0.0,0.0,4.5,14.3
2025-07-01 06:00:00+00:00,3.0,19.1,3.4,9.5
2025-07-01 07:00:00+00:00,67.0,303.2,3.9,8.0
2025-07-01 08:00:00+00:00,195.0,513.3,3.2,8.9
2025-07-01 09:00:00+00:00,348.0,655.6,1.3,5.8
2025-07-01 10:00:00+00:00,502.0,744.1,1.7,2.9
2025-07-01 11:00:00+00:00,642.0,800.4,2.3,3.4
2025-07-01 12:00:00+00:00,754.0,833.4,4.5,6.1
2025-07-01 13:00:00+00:00,798.0,803.7,7.7,10.5
2025-07-01 14:00:00+00:00,770.0,716.8,10.1,13.8
2025-07-01 15:00:00+00:00,780.0,729.8,11.4,15.6
2025-07-01 16:00:00+00:00,761.0,779.2,11.6,16.1
2025-07-01 17:00:00+00:00,663.0,744.9,11.5,15.9
2025-07-01 18:00:00+00:00,530.0,671.5,10.4,14.8
2025-07-01 19:00:00+00:00,411.0,654.2,8.0,12.5
2025-07-01 20:00:00+00:00,251.0,511.5,7.4,13.8
2025-07-01 21:00:00+00:00,118.0,357.9,4.6,12.1
2025-07-01 22:00:00+00:00,24.0,136.2,5.9,13.0
2025-07-01 23:00:00+00:00,0.0,0.0,9.2,18.1
2025-07-02 00:00:00+00:00,0.0,0.0,4.0,10.7
2025-07-02 01:00:00+00:00,0.0,0.0,1.9,8.2
2025-07-02 02:00:00+00:00,0.0,0.0,0.8,5.6
2025-07-02 03:00:00+00:00,0.0,0.0,0.6,2.7
2025-07-02 04:00:00+00:00,0.0,0.0,5.2,9.0
2025-07-02 05:00:00+00:00,0.0,0.0,4.1,10.5
2025-07-02 06:00:00+00:00,3.0,0.0,3.5,10.2
2025-07-02 07:00:00+00:00,64.0,280.7,3.4,9.2
2025-07-02 08:00:00+00:00,189.0,493.1,1.7,0.6
2025-07-02 09:00:00+00:00,338.0,633.4,1.8,2.7
2025-07-02 10:00:00+00:00,491.0,724.1,2.6,3.1
2025-07-02 11:00:00+00:00,630.0,782.5,2.4,3.0
2025-07-02 12:00:00+00:00,745.0,821.6,0.7,1.2
2025-07-02 13:00:00+00:00,820.0,840.9,5.4,7.0
2025-07-02 14:00:00+00:00,845.0,825.4,11.2,15.2
2025-07-02 15:00:00+00:00,793.0,770.5,20.1,28.9
2025-07-02 16:00:00+00:00,667.0,592.6,18.7,27.4
2025-07-02 17:00:00+00:00,658.0,734.4,20.9,30.7
2025-07-02 18:00:00+00:00,466.0,482.4,23.7,34.6
2025-07-02 19:00:00+00:00,294.0,362.8,14.4,21.1
2025-07-02 20:00:00+00:00,80.0,46.3,16.2,24.3
2025-07-02 21:00:00+00:00,37.0,5.1,14.3,21.1
2025-07-02 22:00:00+00:00,10.0,0.0,12.0,18.6
2025-07-02 23:00:00+00:00,0.0,0.0,12.3,20.9
2025-07-03 00:00:00+00:00,0.0,0.0,14.2,22.9
2025-07-03 01:00:00+00:00,0.0,0.0,12.6,21.5
2025-07-03 02:00:00+00:00,0.0,0.0,10.5,20.5
2025-07-03 03:00:00+00:00,0.0,0.0,8.8,18.9
2025-07-03 04:00:00+00:00,0.0,0.0,6.4,16.4
2025-07-03 05:00:00+00:00,0.0,0.0,5.8,16.5
2025-07-03 06:00:00+00:00,3.0,0.0,6.4,17.1
2025-07-03 07:00:00+00:00,67.0,302.3,9.6,17.6
2025-07-03 08:00:00+00:00,198.0,515.1,11.2,17.1
2025-07-03 09:00:00+00:00,356.0,674.5,11.1,16.1
2025-07-03 10:00:00+00:00,513.0,752.8,11.7,16.5
2025-07-03 11:00:00+00:00,650.0,791.2,12.0,16.9
2025-07-03 12:00:00+00:00,756.0,803.4,11.4,16.0
2025-07-03 13:00:00+00:00,835.0,820.5,11.2,15.5
2025-07-03 14:00:00+00:00,869.0,835.1,10.7,14.7
2025-07-03 15:00:00+00:00,856.0,829.6,11.2,15.4
2025-07-03 16:00:00+00:00,762.0,720.5,11.4,15.5
2025-07-03 17:00:00+00:00,682.0,730.8,11.5,16.0
2025-07-03 18:00:00+00:00,578.0,744.0,12.0,16.8
2025-07-03 19:00:00+00:00,439.0,714.2,12.3,17.5
2025-07-03 20:00:00+00:00,281.0,605.6,12.6,18.8
2025-07-03 21:00:00+00:00,133.0,427.0,10.4,19.2
2025-07-03 22:00:00+00:00,26.0,150.9,6.6,17.2
2025-07-03 23:00:00+00:00,0.0,0.0,5.6,15.3
2025-07-04 00:00:00+00:00,0.0,0.0,5.3,14.4
2025-07-04 01:00:00+00:00,0.0,0.0,4.7,13.0
2025-07-04 02:00:00+00:00,0.0,0.0,2.0,9.1
2025-07-04 03:00:00+00:00,0.0,0.0,0.2,3.2
2025-07-04 04:00:00+00:00,0.0,0.0,5.5,9.7
2025-07-04 05:00:00+00:00,0.0,0.0,2.6,9.2
2025-07-04 06:00:00+00:00,2.0,0.0,0.5,4.4
2025-07-04 07:00:00+00:00,64.0,288.6,2.3,1.6
2025-07-04 08:00:00+00:00,189.0,464.0,2.4,4.1
2025-07-04 09:00:00+00:00,353.0,681.7,3.8,5.7
2025-07-04 10:00:00+00:00,508.0,758.2,3.2,4.7
2025-07-04 11:00:00+00:00,648.0,804.3,3.8,5.2
2025-07-04 12:00:00+00:00,730.0,710.8,4.6,6.1
2025-07-04 13:00:00+00:00,818.0,763.5,3.6,5.3
2025-07-04 14:00:00+00:00,873.0,858.6,4.5,6.4
2025-07-04 15:00:00+00:00,834.0,775.0,7.0,9.6
2025-07-04 16:00:00+00:00,574.0,274.8,7.8,10.8
2025-07-04 17:00:00+00:00,425.0,178.4,8.1,11.2
2025-07-04 18:00:00+00:00,393.0,159.5,8.3,11.6
2025-07-04 19:00:00+00:00,407.0,572.8,8.3,12.0
2025-07-04 20:00:00+00:00,276.0,592.2,7.8,13.6
2025-07-04 21:00:00+00:00,129.0,392.5,3.8,10.2
2025-07-04 22:00:00+00:00,25.0,151.7,5.4,11.5
2025-07-04 23:00:00+00:00,0.0,0.0,6.1,15.9
2025-07-05 00:00:00+00:00,0.0,0.0,5.3,15.8
2025-07-05 01:00:00+00:00,0.0,0.0,7.2,19.8
2025-07-05 02:00:00+00:00,0.0,0.0,8.7,21.7
2025-07-05 03:00:00+00:00,0.0,0.0,11.1,25.1
2025-07-05 04:00:00+00:00,0.0,0.0,11.6,26.1
2025-07-05 05:00:00+00:00,0.0,0.0,11.6,25.8
2025-07-05 06:00:00+00:00,2.0,0.0,12.5,26.3
2025-07-05 07:00:00+00:00,47.0,45.8,13.5,26.0
2025-07-05 08:00:00+00:00,187.0,443.5,11.1,24.2
2025-07-05 09:00:00+00:00,334.0,588.5,12.8,19.8
2025-07-05 10:00:00+00:00,420.0,415.4,13.3,19.6
2025-07-05 11:00:00+00:00,532.0,405.8,13.6,19.6
2025-07-05 12:00:00+00:00,768.0,854.4,16.1,23.0
2025-07-05 13:00:00+00:00,844.0,869.5,17.8,25.9
2025-07-05 14:00:00+00:00,740.0,589.2,18.4,26.6
2025-07-05 15:00:00+00:00,498.0,192.2,20.0,29.6
2025-07-05 16:00:00+00:00,363.0,96.1,20.4,30.6
2025-07-05 17:00:00+00:00,549.0,351.8,20.4,30.2
2025-07-05 18:00:00+00:00,265.0,79.8,19.4,29.7
2025-07-05 19:00:00+00:00,221.0,69.2,20.4,31.2
2025-07-05 20:00:00+00:00,218.0,285.1,21.7,34.3
2025-07-05 21:00:00+00:00,67.0,119.3,19.4,32.0
2025-07-05 22:00:00+00:00,15.0,13.9,17.2,28.7
2025-07-05 23:00:00+00:00,0.0,0.0,18.1,31.1
2025-07-06 00:00:00+00:00,0.0,0.0,15.9,28.6
2025-07-06 01:00:00+00:00,0.0,0.0,15.7,27.0
2025-07-06 02:00:00+00:00,0.0,0.0,15.8,27.2
2025-07-06 03:00:00+00:00,0.0,0.0,15.9,26.4
2025-07-06 04:00:00+00:00,0.0,0.0,14.7,24.9
2025-07-06 05:00:00+00:00,0.0,0.0,15.0,25.5
2025-07-06 06:00:00+00:00,0.0,0.0,14.5,25.3
2025-07-06 07:00:00+00:00,13.0,0.0,16.2,27.5
2025-07-06 08:00:00+00:00,51.0,0.0,15.8,26.0
2025-07-06 09:00:00+00:00,52.0,0.0,14.2,23.0
2025-07-06 10:00:00+00:00,190.0,21.8,19.4,29.9
2025-07-06 11:00:00+00:00,224.0,47.3,17.3,26.2
2025-07-06 12:00:00+00:00,251.0,24.4,16.9,24.7
2025-07-06 13:00:00+00:00,80.0,0.0,16.4,27.7
2025-07-06 14:00:00+00:00,92.0,0.0,16.1,27.1
2025-07-06 15:00:00+00:00,210.0,5.8,18.9,27.9
2025-07-06 16:00:00+00:00,254.0,7.3,15.7,23.2
2025-07-06 17:00:00+00:00,193.0,17.6,7.4,11.1
2025-07-06 18:00:00+00:00,126.0,20.8,6.2,8.9
2025-07-06 19:00:00+00:00,121.0,16.3,7.4,11.1
2025-07-06 20:00:00+00:00,151.0,122.5,8.9,14.1
2025-07-06 21:00:00+00:00,82.0,57.3,7.8,14.2
2025-07-06 22:00:00+00:00,13.0,14.0,8.1,17.0
2025-07-06 23:00:00+00:00,0.0,0.0,8.8,18.6
2025-07-07 00:00:00+00:00,0.0,0.0,9.1,18.8
2025-07-07 01:00:00+00:00,0.0,0.0,7.8,16.6
2025-07-07 02:00:00+00:00,0.0,0.0,8.1,16.5
2025-07-07 03:00:00+00:00,0.0,0.0,7.4,15.5
2025-07-07 04:00:00+00:00,0.0,0.0,9.2,17.9
2025-07-07 05:00:00+00:00,0.0,0.0,7.4,15.0
2025-07-07 06:00:00+00:00,2.0,0.0,6.2,14.6
2025-07-07 07:00:00+00:00,44.0,132.4,6.7,14.1
2025-07-07 08:00:00+00:00,82.0,47.3,6.7,10.8
2025-07-07 09:00:00+00:00,160.0,54.4,5.9,8.8
2025-07-07 10:00:00+00:00,317.0,186.0,9.5,13.4
2025-07-07 11:00:00+00:00,404.0,140.7,12.0,16.8
2025-07-07 12:00:00+00:00,321.0,47.7,16.6,24.5
2025-07-07 13:00:00+00:00,415.0,159.9,16.8,24.1
2025-07-07 14:00:00+00:00,569.0,266.1,19.5,28.4
2025-07-07 15:00:00+00:00,703.0,528.0,21.6,32.0
2025-07-07 16:00:00+00:00,659.0,533.9,20.8,31.0
2025-07-07 17:00:00+00:00,664.0,710.3,22.3,32.9
2025-07-07 18:00:00+00:00,473.0,542.4,21.9,32.9
2025-07-07 19:00:00+00:00,380.0,536.7,20.2,30.8
2025-07-07 20:00:00+00:00,271.0,576.2,19.8,30.8
2025-07-07 21:00:00+00:00,115.0,325.0,15.7,26.8
2025-07-07 22:00:00+00:00,18.0,84.4,10.0,19.7
2025-07-07 23:00:00+00:00,0.0,0.0,7.7,18.5
2025-07-08 00:00:00+00:00,0.0,0.0,7.7,19.5
2025-07-08 01:00:00+00:00,0.0,0.0,9.2,21.9
2025-07-08 02:00:00+00:00,0.0,0.0,10.5,23.7
2025-07-08 03:00:00+00:00,0.0,0.0,11.2,24.2
2025-07-08 04:00:00+00:00,0.0,0.0,13.4,25.2
2025-07-08 05:00:00+00:00,0.0,0.0,12.6,23.4
2025-07-08 06:00:00+00:00,1.0,0.0,11.7,22.7
2025-07-08 07:00:00+00:00,36.0,86.6,12.6,22.2
2025-07-08 08:00:00+00:00,110.0,115.1,14.7,22.6
2025-07-08 09:00:00+00:00,175.0,178.6,10.5,15.1
2025-07-08 10:00:00+00:00,305.0,199.3,12.0,16.9
2025-07-08 11:00:00+00:00,580.0,660.5,11.4,15.9
2025-07-08 12:00:00+00:00,617.0,521.4,12.3,17.4
2025-07-08 13:00:00+00:00,678.0,541.8,14.7,20.9
2025-07-08 14:00:00+00:00,614.0,347.6,15.0,21.4
2025-07-08 15:00:00+00:00,791.0,734.0,17.7,25.2
2025-07-08 16:00:00+00:00,628.0,533.2,17.7,25.7
2025-07-08 17:00:00+00:00,515.0,446.5,19.6,28.8
2025-07-08 18:00:00+00:00,341.0,248.3,18.6,27.8
2025-07-08 19:00:00+00:00,275.0,300.5,15.7,24.0
2025-07-08 20:00:00+00:00,160.0,146.7,11.0,16.8
2025-07-08 21:00:00+00:00,103.0,258.5,7.3,14.9
2025-07-08 22:00:00+00:00,22.0,113.4,7.7,18.8
2025-07-08 23:00:00+00:00,0.0,0.0,7.5,19.8
2025-07-09 00:00:00+00:00,0.0,0.0,7.6,20.1
2025-07-09 01:00:00+00:00,0.0,0.0,6.6,18.9
2025-07-09 02:00:00+00:00,0.0,0.0,6.2,17.6
2025-07-09 03:00:00+00:00,0.0,0.0,6.1,17.5
2025-07-09 04:00:00+00:00,0.0,0.0,7.0,20.2
2025-07-09 05:00:00+00:00,0.0,0.0,7.3,20.1
2025-07-09 06:00:00+00:00,1.0,0.0,6.5,18.5
2025-07-09 07:00:00+00:00,57.0,265.0,7.6,16.3
2025-07-09 08:00:00+00:00,182.0,487.9,6.9,14.4
2025-07-09 09:00:00+00:00,337.0,642.9,6.3,9.7
2025-07-09 10:00:00+00:00,497.0,748.2,5.5,7.8
2025-07-09 11:00:00+00:00,636.0,795.8,5.3,7.5
2025-07-09 12:00:00+00:00,732.0,788.5,6.6,9.3
2025-07-09 13:00:00+00:00,783.0,748.0,10.7,14.9
2025-07-09 14:00:00+00:00,766.0,654.7,10.7,14.9
2025-07-09 15:00:00+00:00,790.0,667.8,8.8,12.1
2025-07-09 16:00:00+00:00,679.0,568.0,8.8,12.1
2025-07-09 17:00:00+00:00,544.0,418.5,8.2,11.6
2025-07-09 18:00:00+00:00,452.0,397.9,9.6,13.3
2025-07-09 19:00:00+00:00,298.0,247.9,12.0,18.9
2025-07-09 20:00:00+00:00,264.0,559.3,9.4,17.2
2025-07-09 21:00:00+00:00,126.0,419.6,5.1,14.2
2025-07-09 22:00:00+00:00,22.0,128.7,4.9,14.5
2025-07-09 23:00:00+00:00,0.0,0.0,4.0,13.1
2025-07-10 00:00:00+00:00,0.0,0.0,5.4,14.8
2025-07-10 01:00:00+00:00,0.0,0.0,3.6,12.2
2025-07-10 02:00:00+00:00,0.0,0.0,2.7,8.7
2025-07-10 03:00:00+00:00,0.0,0.0,3.8,8.6
2025-07-10 04:00:00+00:00,0.0,0.0,4.2,10.1
2025-07-10 05:00:00+00:00,0.0,0.0,2.9,8.9
2025-07-10 06:00:00+00:00,1.0,0.0,2.7,8.6
2025-07-10 07:00:00+00:00,55.0,270.5,4.2,9.3
2025-07-10 08:00:00+00:00,180.0,487.7,3.9,8.9
2025-07-10 09:00:00+00:00,331.0,633.3,2.5,4.5
2025-07-10 10:00:00+00:00,480.0,706.3,1.6,2.3
2025-07-10 11:00:00+00:00,606.0,721.5,1.4,2.1
2025-07-10 12:00:00+00:00,699.0,705.7,2.2,3.1
2025-07-10 13:00:00+00:00,801.0,791.9,3.4,4.7
2025-07-10 14:00:00+00:00,832.0,785.1,7.6,10.5
2025-07-10 15:00:00+00:00,674.0,518.2,8.4,11.6
2025-07-10 16:00:00+00:00,556.0,421.9,10.4,14.4
2025-07-10 17:00:00+00:00,488.0,329.3,10.4,14.6
2025-07-10 18:00:00+00:00,458.0,469.3,10.7,15.0
2025-07-10 19:00:00+00:00,363.0,482.6,10.9,15.6
2025-07-10 20:00:00+00:00,240.0,460.9,10.5,17.3
2025-07-10 21:00:00+00:00,120.0,390.6,10.8,21.2
2025-07-10 22:00:00+00:00,21.0,115.6,8.4,20.3
2025-07-10 23:00:00+00:00,0.0,0.0,7.4,20.4
2025-07-11 00:00:00+00:00,0.0,0.0,7.1,19.6
2025-07-11 01:00:00+00:00,0.0,0.0,6.2,18.3
2025-07-11 02:00:00+00:00,0.0,0.0,5.9,16.7
2025-07-11 03:00:00+00:00,0.0,0.0,5.7,15.9
2025-07-11 04:00:00+00:00,0.0,0.0,5.5,15.4
2025-07-11 05:00:00+00:00,0.0,0.0,5.3,15.0
2025-07-11 06:00:00+00:00,1.0,0.0,5.3,14.9
2025-07-11 07:00:00+00:00,52.0,245.7,6.1,13.0
2025-07-11 08:00:00+00:00,158.0,321.1,5.2,8.7
2025-07-11 09:00:00+00:00,312.0,553.3,5.3,7.4
2025-07-11 10:00:00+00:00,470.0,677.2,5.4,7.3
2025-07-11 11:00:00+00:00,597.0,696.3,6.1,8.5
2025-07-11 12:00:00+00:00,720.0,774.5,7.1,9.9
2025-07-11 13:00:00+00:00,828.0,871.7,9.9,13.6
2025-07-11 14:00:00+00:00,767.0,655.3,9.9,13.7
2025-07-11 15:00:00+00:00,537.0,216.6,9.6,13.2
2025-07-11 16:00:00+00:00,561.0,341.7,10.3,14.2
2025-07-11 17:00:00+00:00,583.0,497.3,11.0,15.5
2025-07-11 18:00:00+00:00,495.0,483.0,11.2,16.2
2025-07-11 19:00:00+00:00,366.0,475.6,14.8,21.9
2025-07-11 20:00:00+00:00,231.0,441.9,15.1,23.5
2025-07-11 21:00:00+00:00,119.0,388.3,12.7,22.9
2025-07-11 22:00:00+00:00,20.0,116.8,12.6,24.8
2025-07-11 23:00:00+00:00,0.0,0.0,10.4,22.8
2025-07-12 00:00:00+00:00,0.0,0.0,6.7,18.4
2025-07-12 01:00:00+00:00,0.0,0.0,5.8,16.7
2025-07-12 02:00:00+00:00,0.0,0.0,5.2,14.4
2025-07-12 03:00:00+00:00,0.0,0.0,5.2,14.0
2025-07-12 04:00:00+00:00,0.0,0.0,5.1,13.7
2025-07-12 05:00:00+00:00,0.0,0.0,4.9,13.7
2025-07-12 06:00:00+00:00,1.0,0.0,3.2,10.4
2025-07-12 07:00:00+00:00,52.0,258.9,5.2,9.6
2025-07-12 08:00:00+00:00,169.0,414.0,7.1,9.8
2025-07-12 09:00:00+00:00,294.0,447.4,7.2,9.7
2025-07-12 10:00:00+00:00,361.0,324.0,6.9,9.4
2025-07-12 11:00:00+00:00,544.0,546.7,8.2,11.0
2025-07-12 12:00:00+00:00,692.0,647.3,7.1,9.7
2025-07-12 13:00:00+00:00,809.0,802.7,6.7,9.3
2025-07-12 14:00:00+00:00,867.0,866.5,7.8,10.8
2025-07-12 15:00:00+00:00,848.0,830.3,9.4,12.9
2025-07-12 16:00:00+00:00,728.0,667.1,11.2,15.4
2025-07-12 17:00:00+00:00,600.0,524.0,10.5,14.7
2025-07-12 18:00:00+00:00,494.0,530.7,9.9,14.0
2025-07-12 19:00:00+00:00,365.0,462.4,11.2,16.4
2025-07-12 20:00:00+00:00,246.0,512.3,15.3,24.1
2025-07-12 21:00:00+00:00,120.0,402.6,14.0,25.6
2025-07-12 22:00:00+00:00,20.0,132.9,11.4,24.2
2025-07-12 23:00:00+00:00,0.0,0.0,8.7,21.2
2025-07-13 00:00:00+00:00,0.0,0.0,6.6,17.6
2025-07-13 01:00:00+00:00,0.0,0.0,6.8,17.5
2025-07-13 02:00:00+00:00,0.0,0.0,6.9,18.0
2025-07-13 03:00:00+00:00,0.0,0.0,5.9,16.0
2025-07-13 04:00:00+00:00,0.0,0.0,4.8,13.6
2025-07-13 05:00:00+00:00,0.0,0.0,4.1,12.1
2025-07-13 06:00:00+00:00,0.0,0.0,3.3,8.9
2025-07-13 07:00:00+00:00,31.0,52.4,4.3,6.1
2025-07-13 08:00:00+00:00,104.0,99.3,4.4,6.1
2025-07-13 09:00:00+00:00,222.0,177.9,5.4,7.3
2025-07-13 10:00:00+00:00,421.0,518.3,5.0,6.6
2025-07-13 11:00:00+00:00,583.0,645.7,4.6,6.1
2025-07-13 12:00:00+00:00,714.0,746.3,4.4,6.0
2025-07-13 13:00:00+00:00,808.0,800.4,5.6,7.6
2025-07-13 14:00:00+00:00,846.0,841.3,7.1,9.6
2025-07-13 15:00:00+00:00,850.0,848.9,6.2,8.5
2025-07-13 16:00:00+00:00,776.0,815.4,7.0,9.6
2025-07-13 17:00:00+00:00,612.0,650.7,10.4,14.1
2025-07-13 18:00:00+00:00,540.0,690.3,12.9,18.1
2025-07-13 19:00:00+00:00,401.0,621.0,11.0,15.7
2025-07-13 20:00:00+00:00,256.0,544.6,8.1,12.6
2025-07-13 21:00:00+00:00,122.0,417.3,3.3,8.8
2025-07-13 22:00:00+00:00,20.0,119.6,5.5,13.4
2025-07-13 23:00:00+00:00,0.0,0.0,6.4,16.9
2025-07-14 00:00:00+00:00,0.0,0.0,4.8,12.1
2025-07-14 01:00:00+00:00,0.0,0.0,2.1,7.4
2025-07-14 02:00:00+00:00,0.0,0.0,1.4,3.9
2025-07-14 03:00:00+00:00,0.0,0.0,4.6,6.4
2025-07-14 04:00:00+00:00,0.0,0.0,4.9,11.1
2025-07-14 05:00:00+00:00,0.0,0.0,4.0,11.2
2025-07-14 06:00:00+00:00,0.0,0.0,4.0,12.1
2025-07-14 07:00:00+00:00,36.0,42.4,9.2,18.5
2025-07-14 08:00:00+00:00,128.0,150.3,8.1,16.9
2025-07-14 09:00:00+00:00,266.0,352.5,8.4,12.8
2025-07-14 10:00:00+00:00,368.0,335.6,12.5,18.0
2025-07-14 11:00:00+00:00,277.0,63.2,15.7,22.7
2025-07-14 12:00:00+00:00,304.0,23.5,16.3,24.0
2025-07-14 13:00:00+00:00,449.0,132.8,17.0,24.7
2025-07-14 14:00:00+00:00,593.0,279.0,15.1,21.5
2025-07-14 15:00:00+00:00,654.0,419.8,20.2,28.8
2025-07-14 16:00:00+00:00,546.0,356.7,16.8,23.8
2025-07-14 17:00:00+00:00,637.0,694.2,18.0,26.0
2025-07-14 18:00:00+00:00,510.0,641.6,18.2,27.0
2025-07-14 19:00:00+00:00,380.0,519.1,18.9,28.6
2025-07-14 20:00:00+00:00,247.0,496.1,15.6,25.2
2025-07-14 21:00:00+00:00,109.0,305.0,12.5,22.9
2025-07-14 22:00:00+00:00,18.0,90.9,11.6,23.7
2025-07-14 23:00:00+00:00,0.0,0.0,15.3,28.1
2025-07-15 00:00:00+00:00,0.0,0.0,13.9,25.1
2025-07-15 01:00:00+00:00,0.0,0.0,14.4,24.8
2025-07-15 02:00:00+00:00,0.0,0.0,11.1,20.0
2025-07-15 03:00:00+00:00,0.0,0.0,14.0,24.8
2025-07-15 04:00:00+00:00,0.0,0.0,14.5,24.9
2025-07-15 05:00:00+00:00,0.0,0.0,14.0,23.6
2025-07-15 06:00:00+00:00,0.0,0.0,12.7,23.5
2025-07-15 07:00:00+00:00,43.0,203.6,12.4,22.1
2025-07-15 08:00:00+00:00,162.0,430.1,14.0,21.4
2025-07-15 09:00:00+00:00,318.0,611.3,15.4,22.8
2025-07-15 10:00:00+00:00,447.0,638.2,17.3,25.2
2025-07-15 11:00:00+00:00,573.0,662.8,16.3,23.3
2025-07-15 12:00:00+00:00,676.0,699.7,15.6,22.0
2025-07-15 13:00:00+00:00,676.0,601.8,16.6,23.4
2025-07-15 14:00:00+00:00,701.0,580.7,17.4,24.6
2025-07-15 15:00:00+00:00,702.0,604.5,19.0,27.1
2025-07-15 16:00:00+00:00,611.0,532.2,18.4,26.8
2025-07-15 17:00:00+00:00,527.0,507.6,20.3,29.9
2025-07-15 18:00:00+00:00,316.0,194.9,21.2,32.0
2025-07-15 19:00:00+00:00,250.0,189.6,20.8,31.8
2025-07-15 20:00:00+00:00,164.0,184.4,19.2,30.0
2025-07-15 21:00:00+00:00,102.0,269.0,14.5,25.0
2025-07-15 22:00:00+00:00,18.0,107.5,11.5,23.0
2025-07-15 23:00:00+00:00,0.0,0.0,11.9,24.6
2025-07-16 00:00:00+00:00,0.0,0.0,15.1,27.6
2025-07-16 01:00:00+00:00,0.0,0.0,13.8,26.1
2025-07-16 02:00:00+00:00,0.0,0.0,15.1,27.2
2025-07-16 03:00:00+00:00,0.0,0.0,17.0,29.3
2025-07-16 04:00:00+00:00,0.0,0.0,17.8,31.0
2025-07-16 05:00:00+00:00,0.0,0.0,18.0,30.9
2025-07-16 06:00:00+00:00,0.0,0.0,15.9,28.1
2025-07-16 07:00:00+00:00,42.0,173.6,15.9,27.6
2025-07-16 08:00:00+00:00,158.0,400.4,16.7,26.3
2025-07-16 09:00:00+00:00,305.0,581.2,19.0,28.5
2025-07-16 10:00:00+00:00,450.0,661.3,18.4,26.7
2025-07-16 11:00:00+00:00,579.0,702.5,18.0,26.0
2025-07-16 12:00:00+00:00,669.0,682.9,20.2,29.2
2025-07-16 13:00:00+00:00,663.0,598.2,21.6,31.3
2025-07-16 14:00:00+00:00,694.0,580.6,23.2,33.7
2025-07-16 15:00:00+00:00,740.0,658.0,23.2,33.6
2025-07-16 16:00:00+00:00,559.0,431.9,23.1,34.0
2025-07-16 17:00:00+00:00,233.0,2.7,18.4,27.5
2025-07-16 18:00:00+00:00,245.0,71.6,19.3,29.0
2025-07-16 19:00:00+00:00,280.0,313.6,19.1,28.6
2025-07-16 20:00:00+00:00,187.0,273.5,16.8,25.8
2025-07-16 21:00:00+00:00,95.0,221.0,11.3,19.9
2025-07-16 22:00:00+00:00,16.0,62.4,7.1,16.8
2025-07-16 23:00:00+00:00,0.0,0.0,6.1,16.4
2025-07-17 00:00:00+00:00,0.0,0.0,5.5,15.1
2025-07-17 01:00:00+00:00,0.0,0.0,4.7,11.9
2025-07-17 02:00:00+00:00,0.0,0.0,4.9,12.5
2025-07-17 03:00:00+00:00,0.0,0.0,3.8,11.3
2025-07-17 04:00:00+00:00,0.0,0.0,5.0,12.2
2025-07-17 05:00:00+00:00,0.0,0.0,3.8,11.3
2025-07-17 06:00:00+00:00,0.0,0.0,3.1,10.4
2025-07-17 07:00:00+00:00,45.0,241.7,2.2,7.4
2025-07-17 08:00:00+00:00,164.0,434.7,2.3,4.4
2025-07-17 09:00:00+00:00,322.0,641.8,2.9,4.0
2025-07-17 10:00:00+00:00,478.0,726.1,4.0,5.2
2025-07-17 11:00:00+00:00,627.0,809.3,4.8,6.6
2025-07-17 12:00:00+00:00,742.0,840.8,4.1,5.7
2025-07-17 13:00:00+00:00,820.0,852.1,3.2,4.6
2025-07-17 14:00:00+00:00,844.0,816.8,4.6,6.1
2025-07-17 15:00:00+00:00,844.0,849.7,6.7,8.8
2025-07-17 16:00:00+00:00,724.0,655.3,7.6,10.4
2025-07-17 17:00:00+00:00,576.0,402.2,5.4,7.4
2025-07-17 18:00:00+00:00,499.0,546.8,6.5,8.1
2025-07-17 19:00:00+00:00,348.0,528.7,12.9,17.5
2025-07-17 20:00:00+00:00,187.0,314.9,10.7,17.1
2025-07-17 21:00:00+00:00,92.0,235.2,6.7,14.5
2025-07-17 22:00:00+00:00,11.0,31.7,5.7,14.5
2025-07-17 23:00:00+00:00,0.0,0.0,5.3,13.3
2025-07-18 00:00:00+00:00,0.0,0.0,3.8,11.1
2025-07-18 01:00:00+00:00,0.0,0.0,4.4,12.2
2025-07-18 02:00:00+00:00,0.0,0.0,5.5,14.4
2025-07-18 03:00:00+00:00,0.0,0.0,4.9,13.4
2025-07-18 04:00:00+00:00,0.0,0.0,4.8,13.6
2025-07-18 05:00:00+00:00,0.0,0.0,4.7,13.2
2025-07-18 06:00:00+00:00,0.0,0.0,4.3,12.0
2025-07-18 07:00:00+00:00,26.0,22.3,4.8,12.4
2025-07-18 08:00:00+00:00,104.0,65.3,4.3,11.6
2025-07-18 09:00:00+00:00,236.0,217.0,2.5,5.1
2025-07-18 10:00:00+00:00,355.0,289.7,2.4,3.4
2025-07-18 11:00:00+00:00,574.0,621.4,1.9,2.8
2025-07-18 12:00:00+00:00,676.0,628.2,1.8,2.7
2025-07-18 13:00:00+00:00,746.0,642.7,4.8,6.4
2025-07-18 14:00:00+00:00,438.0,127.7,8.0,10.5
2025-07-18 15:00:00+00:00,239.0,0.0,4.0,5.5
2025-07-18 16:00:00+00:00,350.0,137.5,3.7,4.8
2025-07-18 17:00:00+00:00,438.0,270.6,4.1,5.4
2025-07-18 18:00:00+00:00,357.0,302.8,4.3,5.4
2025-07-18 19:00:00+00:00,267.0,297.0,6.5,8.7
2025-07-18 20:00:00+00:00,229.0,455.2,6.9,10.7
2025-07-18 21:00:00+00:00,108.0,371.8,4.3,10.7
2025-07-18 22:00:00+00:00,15.0,80.6,3.8,11.2
2025-07-18 23:00:00+00:00,0.0,0.0,2.8,7.5
2025-07-19 00:00:00+00:00,0.0,0.0,8.5,21.8
2025-07-19 01:00:00+00:00,0.0,0.0,12.1,26.2
2025-07-19 02:00:00+00:00,0.0,0.0,10.8,25.0
2025-07-19 03:00:00+00:00,0.0,0.0,10.2,24.6
2025-07-19 04:00:00+00:00,0.0,0.0,8.5,22.1
2025-07-19 05:00:00+00:00,0.0,0.0,8.5,21.3
2025-07-19 06:00:00+00:00,0.0,0.0,8.4,19.9
2025-07-19 07:00:00+00:00,32.0,33.9,8.8,19.7
2025-07-19 08:00:00+00:00,104.0,66.0,8.8,22.3
2025-07-19 09:00:00+00:00,230.0,192.0,9.1,15.2
2025-07-19 10:00:00+00:00,446.0,621.8,9.3,14.1
2025-07-19 11:00:00+00:00,599.0,730.2,11.1,15.8
2025-07-19 12:00:00+00:00,567.0,436.9,14.1,20.3
2025-07-19 13:00:00+00:00,735.0,640.4,15.0,21.1
2025-07-19 14:00:00+00:00,772.0,645.4,14.5,20.3
2025-07-19 15:00:00+00:00,716.0,566.6,18.2,26.2
2025-07-19 16:00:00+00:00,427.0,168.8,19.8,29.2
2025-07-19 17:00:00+00:00,316.0,88.6,19.1,28.7
2025-07-19 18:00:00+00:00,426.0,334.9,16.8,25.5
2025-07-19 19:00:00+00:00,227.0,162.8,16.7,25.1
2025-07-19 20:00:00+00:00,181.0,210.5,17.3,26.8
2025-07-19 21:00:00+00:00,91.0,247.2,10.3,18.0
2025-07-19 22:00:00+00:00,9.0,32.8,10.5,20.6
2025-07-19 23:00:00+00:00,0.0,0.0,9.0,19.2
2025-07-20 00:00:00+00:00,0.0,0.0,10.4,21.2
2025-07-20 01:00:00+00:00,0.0,0.0,7.9,18.5
2025-07-20 02:00:00+00:00,0.0,0.0,5.7,15.9
2025-07-20 03:00:00+00:00,0.0,0.0,5.4,14.0
2025-07-20 04:00:00+00:00,0.0,0.0,5.6,14.3
2025-07-20 05:00:00+00:00,0.0,0.0,4.2,12.3
2025-07-20 06:00:00+00:00,0.0,0.0,5.8,15.3
2025-07-20 07:00:00+00:00,28.0,80.2,8.7,16.8
2025-07-20 08:00:00+00:00,128.0,258.2,8.2,13.4
2025-07-20 09:00:00+00:00,253.0,338.9,9.4,13.8
2025-07-20 10:00:00+00:00,445.0,637.8,12.0,17.1
2025-07-20 11:00:00+00:00,306.0,141.0,11.8,16.7
2025-07-20 12:00:00+00:00,526.0,381.1,12.9,18.1
2025-07-20 13:00:00+00:00,519.0,227.7,16.4,22.7
2025-07-20 14:00:00+00:00,376.0,116.5,12.5,18.7
2025-07-20 15:00:00+00:00,184.0,4.7,8.6,13.6
2025-07-20 16:00:00+00:00,88.0,0.0,8.3,13.0
2025-07-20 17:00:00+00:00,516.0,345.4,8.5,12.0
2025-07-20 18:00:00+00:00,431.0,342.5,9.5,13.5
2025-07-20 19:00:00+00:00,262.0,203.9,9.7,14.7
2025-07-20 20:00:00+00:00,243.0,539.2,9.3,15.4
2025-07-20 21:00:00+00:00,90.0,274.6,13.4,22.5
2025-07-20 22:00:00+00:00,10.0,50.2,8.5,18.1
2025-07-20 23:00:00+00:00,0.0,0.0,9.9,19.5
2025-07-21 00:00:00+00:00,0.0,0.0,9.9,21.0
2025-07-21 01:00:00+00:00,0.0,0.0,9.4,21.9
2025-07-21 02:00:00+00:00,0.0,0.0,9.1,22.3
2025-07-21 03:00:00+00:00,0.0,0.0,10.6,24.2
2025-07-21 04:00:00+00:00,0.0,0.0,11.0,24.8
2025-07-21 05:00:00+00:00,0.0,0.0,11.6,26.1
2025-07-21 06:00:00+00:00,0.0,0.0,12.6,26.7
2025-07-21 07:00:00+00:00,33.0,174.3,12.5,23.9
2025-07-21 08:00:00+00:00,154.0,450.4,12.1,21.1
2025-07-21 09:00:00+00:00,313.0,639.5,17.1,25.9
2025-07-21 10:00:00+00:00,449.0,675.1,23.9,35.7
2025-07-21 11:00:00+00:00,461.0,402.8,20.4,30.5
2025-07-21 12:00:00+00:00,358.0,102.2,20.2,30.0
2025-07-21 13:00:00+00:00,567.0,315.5,19.8,29.4
2025-07-21 14:00:00+00:00,685.0,519.5,16.9,24.7
2025-07-21 15:00:00+00:00,671.0,547.6,17.6,26.4
2025-07-21 16:00:00+00:00,580.0,416.3,18.2,26.9
2025-07-21 17:00:00+00:00,401.0,251.7,17.3,25.9
2025-07-21 18:00:00+00:00,407.0,346.9,15.3,22.5
2025-07-21 19:00:00+00:00,277.0,345.6,15.9,24.6
2025-07-21 20:00:00+00:00,158.0,244.8,11.2,17.3
2025-07-21 21:00:00+00:00,75.0,181.8,11.9,19.9
2025-07-21 22:00:00+00:00,8.0,17.1,8.7,17.0
2025-07-21 23:00:00+00:00,0.0,0.0,13.0,24.9
2025-07-22 00:00:00+00:00,0.0,0.0,14.3,27.0
2025-07-22 01:00:00+00:00,0.0,0.0,15.3,28.4
2025-07-22 02:00:00+00:00,0.0,0.0,15.7,29.3
2025-07-22 03:00:00+00:00,0.0,0.0,15.0,27.8
2025-07-22 04:00:00+00:00,0.0,0.0,13.9,26.6
2025-07-22 05:00:00+00:00,0.0,0.0,13.5,26.1
2025-07-22 06:00:00+00:00,0.0,0.0,13.4,25.9
2025-07-22 07:00:00+00:00,33.0,153.4,13.3,24.6
2025-07-22 08:00:00+00:00,141.0,360.2,14.1,22.2
2025-07-22 09:00:00+00:00,275.0,493.6,17.1,24.9
2025-07-22 10:00:00+00:00,317.0,202.3,15.3,22.7
2025-07-22 11:00:00+00:00,418.0,254.5,16.1,23.5
2025-07-22 12:00:00+00:00,538.0,403.1,14.8,21.6
2025-07-22 13:00:00+00:00,650.0,512.1,14.8,21.3
2025-07-22 14:00:00+00:00,567.0,308.9,15.5,22.3
2025-07-22 15:00:00+00:00,424.0,121.5,16.3,23.5
2025-07-22 16:00:00+00:00,625.0,549.6,14.9,21.8
2025-07-22 17:00:00+00:00,576.0,620.4,16.2,23.6
2025-07-22 18:00:00+00:00,531.0,686.1,16.6,24.7
2025-07-22 19:00:00+00:00,358.0,563.6,18.6,28.7
2025-07-22 20:00:00+00:00,168.0,290.9,15.6,25.7
2025-07-22 21:00:00+00:00,62.0,135.4,12.8,23.4
2025-07-22 22:00:00+00:00,9.0,34.9,13.4,25.2
2025-07-22 23:00:00+00:00,0.0,0.0,12.5,24.5
2025-07-23 00:00:00+00:00,0.0,0.0,12.9,24.4
2025-07-23 01:00:00+00:00,0.0,0.0,13.6,26.0
2025-07-23 02:00:00+00:00,0.0,0.0,12.9,25.0
2025-07-23 03:00:00+00:00,0.0,0.0,11.8,24.2
2025-07-23 04:00:00+00:00,0.0,0.0,11.4,23.5
2025-07-23 05:00:00+00:00,0.0,0.0,11.5,23.5
2025-07-23 06:00:00+00:00,0.0,0.0,10.7,22.6
2025-07-23 07:00:00+00:00,30.0,119.8,12.1,22.7
2025-07-23 08:00:00+00:00,141.0,373.9,11.3,19.0
2025-07-23 09:00:00+00:00,268.0,451.0,12.1,18.0
2025-07-23 10:00:00+00:00,388.0,503.1,14.0,20.2
2025-07-23 11:00:00+00:00,367.0,280.1,10.3,14.5
2025-07-23 12:00:00+00:00,491.0,326.8,9.6,13.6
2025-07-23 13:00:00+00:00,655.0,490.1,9.5,13.3
2025-07-23 14:00:00+00:00,610.0,350.6,8.9,12.1
2025-07-23 15:00:00+00:00,531.0,322.9,10.8,14.2
2025-07-23 16:00:00+00:00,519.0,334.3,4.3,6.5
2025-07-23 17:00:00+00:00,508.0,443.1,7.3,10.2
2025-07-23 18:00:00+00:00,508.0,625.3,5.8,8.1
2025-07-23 19:00:00+00:00,304.0,318.7,8.4,11.4
2025-07-23 20:00:00+00:00,207.0,369.7,7.5,11.7
2025-07-23 21:00:00+00:00,58.0,81.4,5.8,13.0
2025-07-23 22:00:00+00:00,8.0,0.0,4.7,13.0
2025-07-23 23:00:00+00:00,0.0,0.0,5.4,15.2
2025-07-24 00:00:00+00:00,0.0,0.0,5.3,14.7
2025-07-24 01:00:00+00:00,0.0,0.0,5.1,14.7
2025-07-24 02:00:00+00:00,0.0,0.0,4.2,12.3
2025-07-24 03:00:00+00:00,0.0,0.0,4.5,12.6
2025-07-24 04:00:00+00:00,0.0,0.0,4.4,12.4
2025-07-24 05:00:00+00:00,0.0,0.0,3.2,10.3
2025-07-24 06:00:00+00:00,0.0,0.0,5.1,12.8
2025-07-24 07:00:00+00:00,30.0,97.4,4.8,13.5
2025-07-24 08:00:00+00:00,131.0,266.5,2.4,9.7
2025-07-24 09:00:00+00:00,297.0,595.6,5.0,7.2
2025-07-24 10:00:00+00:00,419.0,575.4,4.5,6.0
2025-07-24 11:00:00+00:00,539.0,566.7,3.9,5.2
2025-07-24 12:00:00+00:00,570.0,453.4,2.9,3.8
2025-07-24 13:00:00+00:00,698.0,585.3,3.6,4.8
2025-07-24 14:00:00+00:00,757.0,642.7,5.6,7.5
2025-07-24 15:00:00+00:00,660.0,462.3,2.5,3.5
2025-07-24 16:00:00+00:00,696.0,700.4,4.1,5.6
2025-07-24 17:00:00+00:00,512.0,465.4,11.1,14.9
2025-07-24 18:00:00+00:00,464.0,544.1,6.6,9.7
2025-07-24 19:00:00+00:00,303.0,430.7,7.6,10.9
2025-07-24 20:00:00+00:00,217.0,466.0,6.2,9.4
2025-07-24 21:00:00+00:00,73.0,210.2,6.8,12.3
2025-07-24 22:00:00+00:00,7.0,18.3,6.2,15.2
2025-07-24 23:00:00+00:00,0.0,0.0,4.7,14.0
2025-07-25 00:00:00+00:00,0.0,0.0,6.2,17.0
2025-07-25 01:00:00+00:00,0.0,0.0,5.5,15.7
2025-07-25 02:00:00+00:00,0.0,0.0,5.8,15.9
2025-07-25 03:00:00+00:00,0.0,0.0,4.7,14.1
2025-07-25 04:00:00+00:00,0.0,0.0,2.8,11.2
2025-07-25 05:00:00+00:00,0.0,0.0,2.3,10.3
2025-07-25 06:00:00+00:00,0.0,0.0,3.6,11.4
2025-07-25 07:00:00+00:00,29.0,136.2,3.8,10.9
2025-07-25 08:00:00+00:00,140.0,393.2,3.7,8.3
2025-07-25 09:00:00+00:00,290.0,572.4,5.7,7.8
2025-07-25 10:00:00+00:00,388.0,490.2,6.2,8.4
2025-07-25 11:00:00+00:00,520.0,599.8,7.6,10.4
2025-07-25 12:00:00+00:00,567.0,543.2,6.7,9.2
2025-07-25 13:00:00+00:00,539.0,382.2,8.0,10.9
2025-07-25 14:00:00+00:00,576.0,388.6,10.2,13.6
2025-07-25 15:00:00+00:00,302.0,19.0,12.4,18.2
2025-07-25 16:00:00+00:00,695.0,641.7,11.6,16.2
2025-07-25 17:00:00+00:00,568.0,538.5,13.6,19.1
2025-07-25 18:00:00+00:00,398.0,370.3,13.1,18.6
2025-07-25 19:00:00+00:00,344.0,522.3,11.6,16.8
2025-07-25 20:00:00+00:00,213.0,440.8,10.4,15.8
2025-07-25 21:00:00+00:00,92.0,311.4,7.1,15.4
2025-07-25 22:00:00+00:00,9.0,37.6,5.7,15.2
2025-07-25 23:00:00+00:00,0.0,0.0,4.7,12.2
2025-07-26 00:00:00+00:00,0.0,0.0,4.3,11.3
2025-07-26 01:00:00+00:00,0.0,0.0,2.3,8.2
2025-07-26 02:00:00+00:00,0.0,0.0,1.0,2.6
2025-07-26 03:00:00+00:00,0.0,0.0,2.5,5.8
2025-07-26 04:00:00+00:00,0.0,0.0,3.8,9.1
2025-07-26 05:00:00+00:00,0.0,0.0,4.2,11.7
2025-07-26 06:00:00+00:00,0.0,0.0,3.4,9.1
2025-07-26 07:00:00+00:00,29.0,151.1,5.6,10.8
2025-07-26 08:00:00+00:00,138.0,398.5,7.1,14.7
2025-07-26 09:00:00+00:00,291.0,601.4,7.0,13.3
2025-07-26 10:00:00+00:00,428.0,637.7,8.4,12.5
2025-07-26 11:00:00+00:00,560.0,684.8,9.9,14.0
2025-07-26 12:00:00+00:00,649.0,685.9,11.7,16.3
2025-07-26 13:00:00+00:00,704.0,630.0,11.7,16.5
2025-07-26 14:00:00+00:00,460.0,224.3,11.3,16.2
2025-07-26 15:00:00+00:00,666.0,503.7,13.4,19.2
2025-07-26 16:00:00+00:00,519.0,306.6,14.8,21.2
2025-07-26 17:00:00+00:00,362.0,86.0,14.2,20.7
2025-07-26 18:00:00+00:00,231.0,3.4,11.7,17.8
2025-07-26 19:00:00+00:00,262.0,251.6,12.6,18.9
2025-07-26 20:00:00+00:00,182.0,278.0,12.9,21.1
2025-07-26 21:00:00+00:00,52.0,99.2,10.3,18.7
2025-07-26 22:00:00+00:00,4.0,0.0,6.5,13.2
2025-07-26 23:00:00+00:00,0.0,0.0,6.7,13.3
2025-07-27 00:00:00+00:00,0.0,0.0,5.3,10.9
2025-07-27 01:00:00+00:00,0.0,0.0,8.5,15.9
2025-07-27 02:00:00+00:00,0.0,0.0,8.5,16.0
2025-07-27 03:00:00+00:00,0.0,0.0,6.6,13.5
2025-07-27 04:00:00+00:00,0.0,0.0,7.9,16.8
2025-07-27 05:00:00+00:00,0.0,0.0,5.8,13.6
2025-07-27 06:00:00+00:00,0.0,0.0,3.6,9.2
2025-07-27 07:00:00+00:00,20.0,64.1,3.9,7.0
2025-07-27 08:00:00+00:00,86.0,97.4,5.2,7.2
2025-07-27 09:00:00+00:00,167.0,116.7,5.8,8.2
2025-07-27 10:00:00+00:00,224.0,69.0,7.1,9.7
2025-07-27 11:00:00+00:00,251.0,31.4,4.2,6.0
2025-07-27 12:00:00+00:00,422.0,215.8,4.9,6.5
2025-07-27 13:00:00+00:00,519.0,216.7,6.6,8.6
2025-07-27 14:00:00+00:00,511.0,187.0,7.8,10.5
2025-07-27 15:00:00+00:00,519.0,260.2,11.7,16.6
2025-07-27 16:00:00+00:00,520.0,260.6,11.5,16.4
2025-07-27 17:00:00+00:00,317.0,72.2,12.6,18.1
2025-07-27 18:00:00+00:00,277.0,82.8,12.7,18.0
2025-07-27 19:00:00+00:00,251.0,231.1,11.5,17.0
2025-07-27 20:00:00+00:00,128.0,165.0,10.5,17.4
2025-07-27 21:00:00+00:00,66.0,121.5,10.1,19.4
2025-07-27 22:00:00+00:00,4.0,0.0,8.8,18.3
2025-07-27 23:00:00+00:00,0.0,0.0,9.2,18.8
2025-07-28 00:00:00+00:00,0.0,0.0,8.2,18.7
2025-07-28 01:00:00+00:00,0.0,0.0,5.9,16.9
2025-07-28 02:00:00+00:00,0.0,0.0,5.7,15.7
2025-07-28 03:00:00+00:00,0.0,0.0,6.9,18.5
2025-07-28 04:00:00+00:00,0.0,0.0,7.0,19.3
2025-07-28 05:00:00+00:00,0.0,0.0,6.4,18.0
2025-07-28 06:00:00+00:00,0.0,0.0,7.3,18.3
2025-07-28 07:00:00+00:00,18.0,78.4,8.1,18.4
2025-07-28 08:00:00+00:00,88.0,113.6,7.6,19.0
2025-07-28 09:00:00+00:00,177.0,173.6,9.4,14.7
2025-07-28 10:00:00+00:00,340.0,358.7,11.0,15.7
2025-07-28 11:00:00+00:00,423.0,352.8,13.4,18.9
2025-07-28 12:00:00+00:00,367.0,113.6,12.0,17.3
2025-07-28 13:00:00+00:00,453.0,287.6,12.8,18.5
2025-07-28 14:00:00+00:00,597.0,355.9,14.6,20.9
2025-07-28 15:00:00+00:00,649.0,535.0,14.0,19.9
2025-07-28 16:00:00+00:00,631.0,562.0,15.8,22.7
2025-07-28 17:00:00+00:00,611.0,698.5,16.0,23.4
2025-07-28 18:00:00+00:00,481.0,631.0,16.0,23.7
2025-07-28 19:00:00+00:00,376.0,633.3,14.9,22.4
2025-07-28 20:00:00+00:00,214.0,490.0,11.1,19.0
2025-07-28 21:00:00+00:00,87.0,331.2,7.3,16.6
2025-07-28 22:00:00+00:00,7.0,38.2,5.7,15.9
2025-07-28 23:00:00+00:00,0.0,0.0,5.4,14.6
2025-07-29 00:00:00+00:00,0.0,0.0,5.3,13.5
2025-07-29 01:00:00+00:00,0.0,0.0,5.4,13.9
2025-07-29 02:00:00+00:00,0.0,0.0,5.5,14.8
2025-07-29 03:00:00+00:00,0.0,0.0,6.6,17.7
2025-07-29 04:00:00+00:00,0.0,0.0,6.4,17.6
2025-07-29 05:00:00+00:00,0.0,0.0,1.7,10.4
2025-07-29 06:00:00+00:00,0.0,0.0,3.5,10.3
2025-07-29 07:00:00+00:00,22.0,93.2,2.9,7.9
2025-07-29 08:00:00+00:00,125.0,340.9,7.7,14.0
2025-07-29 09:00:00+00:00,271.0,527.7,8.0,12.0
2025-07-29 10:00:00+00:00,432.0,661.3,7.2,10.4
2025-07-29 11:00:00+00:00,532.0,640.3,7.1,9.7
2025-07-29 12:00:00+00:00,594.0,549.6,7.4,10.1
2025-07-29 13:00:00+00:00,630.0,539.7,9.4,13.2
2025-07-29 14:00:00+00:00,642.0,534.0,15.9,21.9
2025-07-29 15:00:00+00:00,819.0,740.4,12.0,16.8
2025-07-29 16:00:00+00:00,482.0,265.9,16.0,22.6
2025-07-29 17:00:00+00:00,314.0,84.1,13.1,19.4
2025-07-29 18:00:00+00:00,387.0,272.6,15.6,23.9
2025-07-29 19:00:00+00:00,352.0,532.6,13.8,21.1
2025-07-29 20:00:00+00:00,214.0,458.1,11.9,20.1
2025-07-29 21:00:00+00:00,74.0,211.8,9.5,19.1
2025-07-29 22:00:00+00:00,6.0,19.1,7.5,18.6
2025-07-29 23:00:00+00:00,0.0,0.0,5.9,16.5
2025-07-30 00:00:00+00:00,0.0,0.0,5.8,16.1
2025-07-30 01:00:00+00:00,0.0,0.0,6.5,16.5
2025-07-30 02:00:00+00:00,0.0,0.0,5.8,16.3
2025-07-30 03:00:00+00:00,0.0,0.0,6.3,18.2
2025-07-30 04:00:00+00:00,0.0,0.0,7.2,18.9
2025-07-30 05:00:00+00:00,0.0,0.0,7.3,18.9
2025-07-30 06:00:00+00:00,0.0,0.0,6.3,17.4
2025-07-30 07:00:00+00:00,13.0,13.6,6.9,16.4
2025-07-30 08:00:00+00:00,86.0,137.5,6.0,16.5
2025-07-30 09:00:00+00:00,193.0,230.4,7.6,11.8
2025-07-30 10:00:00+00:00,232.0,114.1,10.9,15.7
2025-07-30 11:00:00+00:00,393.0,330.1,11.7,16.9
2025-07-30 12:00:00+00:00,546.0,443.8,12.5,17.6
2025-07-30 13:00:00+00:00,520.0,383.6,13.3,18.8
2025-07-30 14:00:00+00:00,483.0,252.8,13.0,18.5
2025-07-30 15:00:00+00:00,736.0,678.7,14.1,20.1
2025-07-30 16:00:00+00:00,736.0,772.2,15.8,22.6
2025-07-30 17:00:00+00:00,641.0,740.7,15.2,21.7
2025-07-30 18:00:00+00:00,536.0,748.1,13.8,19.9
2025-07-30 19:00:00+00:00,386.0,677.5,12.0,17.7
2025-07-30 20:00:00+00:00,232.0,575.4,6.6,12.6
2025-07-30 21:00:00+00:00,86.0,354.5,4.0,10.0
2025-07-30 22:00:00+00:00,6.0,19.1,6.3,16.2
2025-07-30 23:00:00+00:00,0.0,0.0,5.8,15.3
2025-07-31 00:00:00+00:00,0.0,0.0,6.1,16.2
2025-07-31 01:00:00+00:00,0.0,0.0,8.4,19.6
2025-07-31 02:00:00+00:00,0.0,0.0,9.1,21.4
2025-07-31 03:00:00+00:00,0.0,0.0,11.1,23.8
2025-07-31 04:00:00+00:00,0.0,0.0,11.2,23.5
2025-07-31 05:00:00+00:00,0.0,0.0,11.4,23.6
2025-07-31 06:00:00+00:00,0.0,0.0,11.4,24.3
2025-07-31 07:00:00+00:00,21.0,110.9,11.3,23.0
2025-07-31 08:00:00+00:00,115.0,315.5,9.8,23.4
2025-07-31 09:00:00+00:00,248.0,427.4,11.3,17.3
2025-07-31 10:00:00+00:00,396.0,539.5,12.7,18.3
2025-07-31 11:00:00+00:00,494.0,514.7,15.1,21.6
2025-07-31 12:00:00+00:00,561.0,489.0,14.6,21.0
2025-07-31 13:00:00+00:00,685.0,536.6,16.3,23.1
2025-07-31 14:00:00+00:00,525.0,344.4,16.7,24.1
2025-07-31 15:00:00+00:00,477.0,282.4,15.3,22.2
2025-07-31 16:00:00+00:00,278.0,69.1,13.1,19.4
2025-07-31 17:00:00+00:00,269.0,56.0,12.9,18.8
2025-07-31 18:00:00+00:00,184.0,0.0,11.2,17.1
2025-07-31 19:00:00+00:00,63.0,0.0,14.3,23.7
2025-07-31 20:00:00+00:00,58.0,0.0,12.4,20.4
2025-07-31 21:00:00+00:00,33.0,7.4,10.8,18.9
2025-07-31 22:00:00+00:00,1.0,0.0,6.2,12.0
2025-07-31 23:00:00+00:00,0.0,0.0,8.7,16.2
2025-08-01 00:00:00+00:00,0.0,0.0,9.5,16.7
2025-08-01 01:00:00+00:00,0.0,0.0,8.2,15.9
2025-08-01 02:00:00+00:00,0.0,0.0,7.3,16.0
2025-08-01 03:00:00+00:00,0.0,0.0,6.8,14.3
2025-08-01 04:00:00+00:00,0.0,0.0,8.5,18.3
2025-08-01 05:00:00+00:00,0.0,0.0,7.3,16.3
2025-08-01 06:00:00+00:00,0.0,0.0,7.7,17.1
2025-08-01 07:00:00+00:00,18.0,85.0,8.7,16.8
2025-08-01 08:00:00+00:00,93.0,147.2,10.6,14.7
2025-08-01 09:00:00+00:00,224.0,315.3,9.9,14.2
2025-08-01 10:00:00+00:00,364.0,445.3,9.1,12.8
2025-08-01 11:00:00+00:00,528.0,635.2,10.8,15.0
2025-08-01 12:00:00+00:00,480.0,387.9,12.5,17.5
2025-08-01 13:00:00+00:00,520.0,299.7,14.2,20.1
2025-08-01 14:00:00+00:00,462.0,266.3,16.6,24.2
2025-08-01 15:00:00+00:00,711.0,625.8,17.3,24.8
2025-08-01 16:00:00+00:00,580.0,558.8,18.1,26.5
2025-08-01 17:00:00+00:00,435.0,379.0,15.0,21.9
2025-08-01 18:00:00+00:00,408.0,454.7,16.1,23.7
2025-08-01 19:00:00+00:00,228.0,257.1,13.8,21.4
2025-08-01 20:00:00+00:00,155.0,278.7,12.2,20.2
2025-08-01 21:00:00+00:00,65.0,221.2,10.8,20.7
2025-08-01 22:00:00+00:00,4.0,19.1,9.4,19.9
2025-08-01 23:00:00+00:00,0.0,0.0,7.4,18.0
2025-08-02 00:00:00+00:00,0.0,0.0,6.7,17.4
2025-08-02 01:00:00+00:00,0.0,0.0,7.9,19.0
2025-08-02 02:00:00+00:00,0.0,0.0,9.2,21.4
2025-08-02 03:00:00+00:00,0.0,0.0,10.3,22.2
2025-08-02 04:00:00+00:00,0.0,0.0,13.0,26.3
2025-08-02 05:00:00+00:00,0.0,0.0,13.0,25.6
2025-08-02 06:00:00+00:00,0.0,0.0,10.8,21.2
2025-08-02 07:00:00+00:00,13.0,14.5,12.6,23.4
2025-08-02 08:00:00+00:00,61.0,37.4,12.5,21.1
2025-08-02 09:00:00+00:00,224.0,271.4,12.6,19.3
2025-08-02 10:00:00+00:00,292.0,252.4,14.0,21.0
2025-08-02 11:00:00+00:00,398.0,260.3,16.0,23.2
2025-08-02 12:00:00+00:00,342.0,170.5,17.5,25.7
2025-08-02 13:00:00+00:00,443.0,202.9,14.1,20.1
2025-08-02 14:00:00+00:00,485.0,291.1,17.0,24.4
2025-08-02 15:00:00+00:00,514.0,257.4,18.9,28.1
2025-08-02 16:00:00+00:00,443.0,253.9,19.0,28.1
2025-08-02 17:00:00+00:00,567.0,591.8,18.2,26.7
2025-08-02 18:00:00+00:00,441.0,502.3,17.2,25.5
2025-08-02 19:00:00+00:00,353.0,566.1,17.1,24.4
2025-08-02 20:00:00+00:00,152.0,148.1,14.1,23.3
2025-08-02 21:00:00+00:00,48.0,31.4,11.2,20.8
2025-08-02 22:00:00+00:00,3.0,0.0,6.9,15.3
2025-08-02 23:00:00+00:00,0.0,0.0,3.8,10.7
2025-08-03 00:00:00+00:00,0.0,0.0,6.8,14.7
2025-08-03 01:00:00+00:00,0.0,0.0,7.7,18.2
2025-08-03 02:00:00+00:00,0.0,0.0,6.8,17.2
2025-08-03 03:00:00+00:00,0.0,0.0,10.4,21.2
2025-08-03 04:00:00+00:00,0.0,0.0,10.5,21.9
2025-08-03 05:00:00+00:00,0.0,0.0,11.0,23.9
2025-08-03 06:00:00+00:00,0.0,0.0,11.6,25.6
2025-08-03 07:00:00+00:00,17.0,74.2,12.0,25.3
2025-08-03 08:00:00+00:00,120.0,397.4,10.8,29.2
2025-08-03 09:00:00+00:00,267.0,574.1,12.6,20.9
2025-08-03 10:00:00+00:00,415.0,657.3,13.7,20.5
2025-08-03 11:00:00+00:00,567.0,747.2,14.1,20.4
2025-08-03 12:00:00+00:00,691.0,801.9,15.5,22.1
2025-08-03 13:00:00+00:00,720.0,699.9,19.0,27.5
2025-08-03 14:00:00+00:00,539.0,263.0,17.6,25.8
2025-08-03 15:00:00+00:00,590.0,343.5,18.6,27.5
2025-08-03 16:00:00+00:00,372.0,119.0,17.1,25.9
2025-08-03 17:00:00+00:00,430.0,203.4,18.3,27.8
2025-08-03 18:00:00+00:00,500.0,646.6,19.9,29.6
2025-08-03 19:00:00+00:00,254.0,189.4,15.5,25.6
2025-08-03 20:00:00+00:00,129.0,142.9,15.1,26.7
2025-08-03 21:00:00+00:00,40.0,40.5,16.4,28.2
2025-08-03 22:00:00+00:00,1.0,0.0,14.4,26.3
2025-08-03 23:00:00+00:00,0.0,0.0,16.1,28.3
2025-08-04 00:00:00+00:00,0.0,0.0,16.1,27.9
2025-08-04 01:00:00+00:00,0.0,0.0,15.0,26.4
2025-08-04 02:00:00+00:00,0.0,0.0,13.3,23.6
2025-08-04 03:00:00+00:00,0.0,0.0,12.6,23.7
2025-08-04 04:00:00+00:00,0.0,0.0,11.9,22.1
2025-08-04 05:00:00+00:00,0.0,0.0,11.7,21.8
2025-08-04 06:00:00+00:00,0.0,0.0,11.0,20.8
2025-08-04 07:00:00+00:00,9.0,0.0,10.6,20.2
2025-08-04 08:00:00+00:00,57.0,16.6,13.6,22.0
2025-08-04 09:00:00+00:00,52.0,0.0,12.5,21.3
2025-08-04 10:00:00+00:00,263.0,156.5,17.1,25.5
2025-08-04 11:00:00+00:00,344.0,136.2,18.6,27.6
2025-08-04 12:00:00+00:00,526.0,390.6,18.7,27.5
2025-08-04 13:00:00+00:00,731.0,719.8,20.1,29.4
2025-08-04 14:00:00+00:00,530.0,202.1,22.1,33.1
2025-08-04 15:00:00+00:00,701.0,581.7,23.5,35.1
2025-08-04 16:00:00+00:00,407.0,149.3,19.9,30.4
2025-08-04 17:00:00+00:00,336.0,182.4,21.5,33.0
2025-08-04 18:00:00+00:00,333.0,216.2,20.7,32.6
2025-08-04 19:00:00+00:00,158.0,41.9,17.6,29.7
2025-08-04 20:00:00+00:00,116.0,119.5,17.0,29.8
2025-08-04 21:00:00+00:00,22.0,16.7,19.7,34.0
2025-08-04 22:00:00+00:00,1.0,0.0,19.7,33.8
2025-08-04 23:00:00+00:00,0.0,0.0,18.9,32.5
2025-08-05 00:00:00+00:00,0.0,0.0,17.3,30.3
2025-08-05 01:00:00+00:00,0.0,0.0,16.5,29.1
2025-08-05 02:00:00+00:00,0.0,0.0,15.8,27.2
2025-08-05 03:00:00+00:00,0.0,0.0,12.9,23.2
2025-08-05 04:00:00+00:00,0.0,0.0,13.8,23.1
2025-08-05 05:00:00+00:00,0.0,0.0,9.5,17.2
2025-08-05 06:00:00+00:00,0.0,0.0,7.6,15.6
2025-08-05 07:00:00+00:00,3.0,0.0,8.5,16.4
2025-08-05 08:00:00+00:00,72.0,101.7,11.6,19.5
2025-08-05 09:00:00+00:00,243.0,428.8,11.0,16.6
2025-08-05 10:00:00+00:00,406.0,615.4,13.6,19.7
2025-08-05 11:00:00+00:00,560.0,732.7,17.1,24.6
2025-08-05 12:00:00+00:00,654.0,718.8,17.6,25.2
2025-08-05 13:00:00+00:00,698.0,648.8,18.3,26.4
2025-08-05 14:00:00+00:00,719.0,625.4,19.1,27.6
2025-08-05 15:00:00+00:00,679.0,572.6,20.3,29.4
2025-08-05 16:00:00+00:00,642.0,595.5,21.1,31.1
2025-08-05 17:00:00+00:00,516.0,476.4,20.4,30.3
2025-08-05 18:00:00+00:00,414.0,480.8,20.4,30.7
2025-08-05 19:00:00+00:00,248.0,309.9,16.4,26.3
2025-08-05 20:00:00+00:00,125.0,179.8,12.9,22.7
2025-08-05 21:00:00+00:00,51.0,147.0,8.3,18.0
2025-08-05 22:00:00+00:00,2.0,0.0,5.7,15.1
2025-08-05 23:00:00+00:00,0.0,0.0,6.5,16.6
2025-08-06 00:00:00+00:00,0.0,0.0,8.6,21.4
2025-08-06 01:00:00+00:00,0.0,0.0,9.6,23.2
2025-08-06 02:00:00+00:00,0.0,0.0,7.7,20.6
2025-08-06 03:00:00+00:00,0.0,0.0,8.1,20.7
2025-08-06 04:00:00+00:00,0.0,0.0,6.1,17.1
2025-08-06 05:00:00+00:00,0.0,0.0,6.1,16.2
2025-08-06 06:00:00+00:00,0.0,0.0,5.9,15.3
2025-08-06 07:00:00+00:00,14.0,80.0,7.2,16.1
2025-08-06 08:00:00+00:00,114.0,391.5,8.5,18.4
2025-08-06 09:00:00+00:00,263.0,584.3,6.4,12.6
2025-08-06 10:00:00+00:00,421.0,696.4,5.2,7.4
2025-08-06 11:00:00+00:00,559.0,721.4,5.6,7.7
2025-08-06 12:00:00+00:00,675.0,745.3,7.7,10.4
2025-08-06 13:00:00+00:00,722.0,686.6,8.6,11.8
2025-08-06 14:00:00+00:00,647.0,476.4,8.1,11.0
2025-08-06 15:00:00+00:00,570.0,343.3,6.5,9.0
2025-08-06 16:00:00+00:00,512.0,300.9,6.1,8.5
2025-08-06 17:00:00+00:00,424.0,234.2,6.2,8.4
2025-08-06 18:00:00+00:00,304.0,138.7,4.1,5.5
2025-08-06 19:00:00+00:00,320.0,497.2,4.4,6.3
2025-08-06 20:00:00+00:00,169.0,264.3,2.7,3.9
2025-08-06 21:00:00+00:00,46.0,35.9,1.3,3.6
2025-08-06 22:00:00+00:00,2.0,0.0,1.9,3.3
2025-08-06 23:00:00+00:00,0.0,0.0,1.7,5.2
2025-08-07 00:00:00+00:00,0.0,0.0,4.4,11.3
2025-08-07 01:00:00+00:00,0.0,0.0,4.9,13.2
2025-08-07 02:00:00+00:00,0.0,0.0,4.8,13.5
2025-08-07 03:00:00+00:00,0.0,0.0,8.1,20.7
2025-08-07 04:00:00+00:00,0.0,0.0,7.6,20.0
2025-08-07 05:00:00+00:00,0.0,0.0,6.5,17.4
2025-08-07 06:00:00+00:00,0.0,0.0,6.6,19.0
2025-08-07 07:00:00+00:00,13.0,65.8,6.6,18.5
2025-08-07 08:00:00+00:00,114.0,405.2,10.0,20.9
2025-08-07 09:00:00+00:00,266.0,608.3,7.5,21.4
2025-08-07 10:00:00+00:00,421.0,713.4,9.4,14.6
2025-08-07 11:00:00+00:00,570.0,785.6,12.5,18.2
2025-08-07 12:00:00+00:00,670.0,756.6,13.5,19.1
2025-08-07 13:00:00+00:00,708.0,676.2,14.0,20.1
2025-08-07 14:00:00+00:00,703.0,585.5,14.4,20.5
2025-08-07 15:00:00+00:00,704.0,611.2,15.0,21.6
2025-08-07 16:00:00+00:00,641.0,501.7,17.4,25.2
2025-08-07 17:00:00+00:00,504.0,485.4,16.3,24.0
2025-08-07 18:00:00+00:00,505.0,620.9,16.0,23.6
2025-08-07 19:00:00+00:00,236.0,234.1,11.5,19.1
2025-08-07 20:00:00+00:00,124.0,211.6,6.2,14.5
2025-08-07 21:00:00+00:00,49.0,186.2,5.0,12.9
2025-08-07 22:00:00+00:00,1.0,0.0,5.3,13.6
2025-08-07 23:00:00+00:00,0.0,0.0,6.2,16.3
2025-08-08 00:00:00+00:00,0.0,0.0,8.7,22.0
2025-08-08 01:00:00+00:00,0.0,0.0,9.3,21.3
2025-08-08 02:00:00+00:00,0.0,0.0,10.3,22.9
2025-08-08 03:00:00+00:00,0.0,0.0,9.4,23.0
2025-08-08 04:00:00+00:00,0.0,0.0,10.8,23.2
2025-08-08 05:00:00+00:00,0.0,0.0,10.4,23.0
2025-08-08 06:00:00+00:00,0.0,0.0,10.4,23.1
2025-08-08 07:00:00+00:00,10.0,16.9,10.6,22.5
2025-08-08 08:00:00+00:00,63.0,0.0,11.7,22.4
2025-08-08 09:00:00+00:00,164.0,80.3,13.0,19.7
2025-08-08 10:00:00+00:00,310.0,257.6,15.9,23.0
2025-08-08 11:00:00+00:00,131.0,0.0,13.9,20.9
2025-08-08 12:00:00+00:00,223.0,43.6,14.1,20.5
2025-08-08 13:00:00+00:00,382.0,71.6,13.4,18.9
2025-08-08 14:00:00+00:00,514.0,148.4,12.5,17.7
2025-08-08 15:00:00+00:00,366.0,79.3,11.1,15.7
2025-08-08 16:00:00+00:00,481.0,158.2,10.5,14.6
2025-08-08 17:00:00+00:00,358.0,95.2,9.4,13.5
2025-08-08 18:00:00+00:00,206.0,12.6,9.6,13.8
2025-08-08 19:00:00+00:00,221.0,108.5,8.9,13.1
2025-08-08 20:00:00+00:00,128.0,76.7,4.9,11.5
2025-08-08 21:00:00+00:00,32.0,0.0,5.9,14.0
2025-08-08 22:00:00+00:00,1.0,0.0,5.5,14.3
2025-08-08 23:00:00+00:00,0.0,0.0,2.3,9.6
2025-08-09 00:00:00+00:00,0.0,0.0,0.7,5.9
2025-08-09 01:00:00+00:00,0.0,0.0,1.5,6.6
2025-08-09 02:00:00+00:00,0.0,0.0,3.2,8.7
2025-08-09 03:00:00+00:00,0.0,0.0,4.2,9.9
2025-08-09 04:00:00+00:00,0.0,0.0,3.5,9.7
2025-08-09 05:00:00+00:00,0.0,0.0,3.7,10.5
2025-08-09 06:00:00+00:00,0.0,0.0,3.2,9.7
2025-08-09 07:00:00+00:00,9.0,0.0,5.0,12.9
2025-08-09 08:00:00+00:00,74.0,42.9,6.8,14.4
2025-08-09 09:00:00+00:00,144.0,49.9,5.9,14.9
2025-08-09 10:00:00+00:00,309.0,229.5,7.2,11.0
2025-08-09 11:00:00+00:00,565.0,771.6,9.4,13.3
2025-08-09 12:00:00+00:00,695.0,844.5,10.7,15.0
2025-08-09 13:00:00+00:00,781.0,878.7,11.1,15.4
2025-08-09 14:00:00+00:00,802.0,839.6,10.5,14.7
2025-08-09 15:00:00+00:00,771.0,769.9,10.8,14.9
2025-08-09 16:00:00+00:00,732.0,817.1,10.9,15.2
2025-08-09 17:00:00+00:00,632.0,787.6,11.8,16.3
2025-08-09 18:00:00+00:00,495.0,715.9,13.6,19.3
2025-08-09 19:00:00+00:00,332.0,574.1,12.6,17.9
2025-08-09 20:00:00+00:00,187.0,479.4,11.6,18.2
2025-08-09 21:00:00+00:00,55.0,261.8,7.9,17.7
2025-08-09 22:00:00+00:00,1.0,0.0,3.2,11.5
2025-08-09 23:00:00+00:00,0.0,0.0,2.7,10.1
2025-08-10 00:00:00+00:00,0.0,0.0,4.7,12.8
2025-08-10 01:00:00+00:00,0.0,0.0,7.3,20.3
2025-08-10 02:00:00+00:00,0.0,0.0,7.6,20.0
2025-08-10 03:00:00+00:00,0.0,0.0,5.8,14.8
2025-08-10 04:00:00+00:00,0.0,0.0,5.9,14.6
2025-08-10 05:00:00+00:00,0.0,0.0,5.9,15.5
2025-08-10 06:00:00+00:00,0.0,0.0,5.7,15.1
2025-08-10 07:00:00+00:00,10.0,53.9,6.1,16.0
2025-08-10 08:00:00+00:00,102.0,375.4,7.6,16.1
2025-08-10 09:00:00+00:00,250.0,576.6,5.2,12.1
2025-08-10 10:00:00+00:00,409.0,697.5,4.2,6.1
2025-08-10 11:00:00+00:00,555.0,768.7,2.9,3.9
2025-08-10 12:00:00+00:00,675.0,814.0,2.4,3.2
2025-08-10 13:00:00+00:00,759.0,843.3,2.3,3.3
2025-08-10 14:00:00+00:00,796.0,853.7,2.1,3.0
2025-08-10 15:00:00+00:00,745.0,756.6,0.9,1.5
2025-08-10 16:00:00+00:00,598.0,509.4,0.8,0.4
2025-08-10 17:00:00+00:00,511.0,441.6,2.5,2.9
2025-08-10 18:00:00+00:00,399.0,425.1,4.9,6.0
2025-08-10 19:00:00+00:00,330.0,599.3,5.5,7.6
2025-08-10 20:00:00+00:00,187.0,507.1,5.4,12.5
2025-08-10 21:00:00+00:00,53.0,267.1,9.7,21.7
2025-08-10 22:00:00+00:00,0.0,0.0,11.6,25.7
2025-08-10 23:00:00+00:00,0.0,0.0,11.6,24.6
2025-08-11 00:00:00+00:00,0.0,0.0,9.2,22.4
2025-08-11 01:00:00+00:00,0.0,0.0,8.9,22.8
2025-08-11 02:00:00+00:00,0.0,0.0,7.7,21.1
2025-08-11 03:00:00+00:00,0.0,0.0,7.1,20.1
2025-08-11 04:00:00+00:00,0.0,0.0,6.5,19.1
2025-08-11 05:00:00+00:00,0.0,0.0,6.3,18.3
2025-08-11 06:00:00+00:00,0.0,0.0,6.1,18.1
2025-08-11 07:00:00+00:00,9.0,55.7,5.9,17.6
2025-08-11 08:00:00+00:00,100.0,383.8,8.1,17.7
2025-08-11 09:00:00+00:00,249.0,582.7,6.1,13.1
2025-08-11 10:00:00+00:00,408.0,706.5,4.6,7.0
2025-08-11 11:00:00+00:00,554.0,777.6,4.8,6.7
2025-08-11 12:00:00+00:00,675.0,823.1,6.2,8.5
2025-08-11 13:00:00+00:00,757.0,847.8,8.3,11.3
2025-08-11 14:00:00+00:00,796.0,860.6,9.8,13.2
2025-08-11 15:00:00+00:00,786.0,859.9,8.8,11.9
2025-08-11 16:00:00+00:00,729.0,844.2,8.6,11.9
2025-08-11 17:00:00+00:00,630.0,812.5,8.1,11.3
2025-08-11 18:00:00+00:00,497.0,758.7,8.8,12.4
2025-08-11 19:00:00+00:00,343.0,672.2,9.2,16.0
2025-08-11 20:00:00+00:00,185.0,519.8,8.4,19.8
2025-08-11 21:00:00+00:00,51.0,272.7,9.2,23.7
2025-08-11 22:00:00+00:00,0.0,0.0,8.3,22.8
2025-08-11 23:00:00+00:00,0.0,0.0,8.1,23.4
2025-08-12 00:00:00+00:00,0.0,0.0,8.1,23.4
2025-08-12 01:00:00+00:00,0.0,0.0,7.7,22.2
2025-08-12 02:00:00+00:00,0.0,0.0,6.7,18.8
2025-08-12 03:00:00+00:00,0.0,0.0,6.5,17.8
2025-08-12 04:00:00+00:00,0.0,0.0,6.3,17.0
2025-08-12 05:00:00+00:00,0.0,0.0,5.8,15.9
2025-08-12 06:00:00+00:00,0.0,0.0,9.8,24.0
2025-08-12 07:00:00+00:00,8.0,38.2,5.9,18.3
2025-08-12 08:00:00+00:00,95.0,353.5,6.6,14.3
2025-08-12 09:00:00+00:00,245.0,582.5,7.7,18.0
2025-08-12 10:00:00+00:00,404.0,704.8,6.9,11.7
2025-08-12 11:00:00+00:00,552.0,781.6,6.7,9.9
2025-08-12 12:00:00+00:00,667.0,812.3,6.9,9.7
2025-08-12 13:00:00+00:00,755.0,853.7,7.0,9.6
2025-08-12 14:00:00+00:00,789.0,857.7,8.7,11.7
2025-08-12 15:00:00+00:00,781.0,857.0,9.0,12.3
2025-08-12 16:00:00+00:00,720.0,835.9,7.6,10.0
2025-08-12 17:00:00+00:00,619.0,800.2,6.0,7.7
2025-08-12 18:00:00+00:00,484.0,740.0,5.5,6.9
2025-08-12 19:00:00+00:00,331.0,646.5,7.6,11.2
2025-08-12 20:00:00+00:00,168.0,459.2,8.5,18.3
2025-08-12 21:00:00+00:00,44.0,227.0,5.1,14.3
2025-08-12 22:00:00+00:00,0.0,0.0,5.4,14.9
2025-08-12 23:00:00+00:00,0.0,0.0,4.2,14.9
2025-08-13 00:00:00+00:00,0.0,0.0,3.4,13.0
2025-08-13 01:00:00+00:00,0.0,0.0,7.6,16.1
2025-08-13 02:00:00+00:00,0.0,0.0,8.5,20.7
2025-08-13 03:00:00+00:00,0.0,0.0,10.3,22.7
2025-08-13 04:00:00+00:00,0.0,0.0,8.6,20.1
2025-08-13 05:00:00+00:00,0.0,0.0,6.4,16.9
2025-08-13 06:00:00+00:00,0.0,0.0,7.3,18.8
2025-08-13 07:00:00+00:00,7.0,38.2,8.4,19.9
2025-08-13 08:00:00+00:00,93.0,368.6,6.9,17.6
2025-08-13 09:00:00+00:00,239.0,569.4,6.1,9.7
2025-08-13 10:00:00+00:00,394.0,687.9,5.7,8.0
2025-08-13 11:00:00+00:00,534.0,738.3,5.1,7.1
2025-08-13 12:00:00+00:00,647.0,761.2,6.6,9.1
2025-08-13 13:00:00+00:00,727.0,788.0,7.1,9.8
2025-08-13 14:00:00+00:00,774.0,836.0,6.6,8.9
2025-08-13 15:00:00+00:00,762.0,828.9,8.0,11.0
2025-08-13 16:00:00+00:00,627.0,652.4,5.6,7.9
2025-08-13 17:00:00+00:00,517.0,522.1,7.3,9.9
2025-08-13 18:00:00+00:00,442.0,572.0,9.9,14.2
2025-08-13 19:00:00+00:00,288.0,422.8,2.7,5.1
2025-08-13 20:00:00+00:00,109.0,79.3,2.7,4.3
2025-08-13 21:00:00+00:00,31.0,52.8,5.2,9.3
2025-08-13 22:00:00+00:00,0.0,0.0,2.7,7.5
2025-08-13 23:00:00+00:00,0.0,0.0,4.6,9.4
2025-08-14 00:00:00+00:00,0.0,0.0,4.2,15.6
2025-08-14 01:00:00+00:00,0.0,0.0,6.6,15.0
2025-08-14 02:00:00+00:00,0.0,0.0,11.6,22.7
2025-08-14 03:00:00+00:00,0.0,0.0,12.8,24.2
2025-08-14 04:00:00+00:00,0.0,0.0,5.6,14.9
2025-08-14 05:00:00+00:00,0.0,0.0,4.3,13.3
2025-08-14 06:00:00+00:00,0.0,0.0,2.1,8.5
2025-08-14 07:00:00+00:00,5.0,0.0,7.9,16.4
2025-08-14 08:00:00+00:00,72.0,158.0,7.6,15.2
2025-08-14 09:00:00+00:00,220.0,463.8,6.5,18.4
2025-08-14 10:00:00+00:00,368.0,567.4,6.1,9.6
2025-08-14 11:00:00+00:00,502.0,616.2,6.0,8.3
2025-08-14 12:00:00+00:00,626.0,699.6,5.8,7.9
2025-08-14 13:00:00+00:00,732.0,827.8,7.6,10.3
2025-08-14 14:00:00+00:00,778.0,869.4,9.4,12.6
2025-08-14 15:00:00+00:00,746.0,789.2,8.9,12.0
2025-08-14 16:00:00+00:00,687.0,765.2,8.6,11.5
2025-08-14 17:00:00+00:00,599.0,769.2,10.4,14.1
2025-08-14 18:00:00+00:00,468.0,713.3,10.6,14.5
2025-08-14 19:00:00+00:00,312.0,601.4,14.3,20.4
2025-08-14 20:00:00+00:00,164.0,459.4,13.2,20.0
2025-08-14 21:00:00+00:00,40.0,205.2,12.5,20.9
2025-08-14 22:00:00+00:00,0.0,0.0,9.8,16.7
2025-08-14 23:00:00+00:00,0.0,0.0,8.0,15.4
2025-08-15 00:00:00+00:00,0.0,0.0,5.3,13.3
2025-08-15 01:00:00+00:00,0.0,0.0,4.3,12.4
2025-08-15 02:00:00+00:00,0.0,0.0,3.2,9.6
2025-08-15 03:00:00+00:00,0.0,0.0,4.3,10.8
2025-08-15 04:00:00+00:00,0.0,0.0,3.5,10.0
2025-08-15 05:00:00+00:00,0.0,0.0,2.6,9.0
2025-08-15 06:00:00+00:00,0.0,0.0,2.5,8.4
2025-08-15 07:00:00+00:00,5.0,19.1,2.4,7.7
2025-08-15 08:00:00+00:00,89.0,352.1,3.1,6.4
2025-08-15 09:00:00+00:00,238.0,568.9,1.4,2.7
2025-08-15 10:00:00+00:00,399.0,717.7,1.4,2.1
2025-08-15 11:00:00+00:00,540.0,766.7,2.2,3.2
2025-08-15 12:00:00+00:00,646.0,752.0,3.1,4.3
2025-08-15 13:00:00+00:00,701.0,681.4,4.3,5.8
2025-08-15 14:00:00+00:00,765.0,799.8,6.6,8.9
2025-08-15 15:00:00+00:00,768.0,856.3,7.5,10.1
2025-08-15 16:00:00+00:00,703.0,812.4,9.5,12.9
2025-08-15 17:00:00+00:00,585.0,730.4,9.0,12.6
2025-08-15 18:00:00+00:00,429.0,593.9,13.0,18.4
2025-08-15 19:00:00+00:00,278.0,463.1,15.7,23.5
2025-08-15 20:00:00+00:00,149.0,385.9,14.2,23.1
2025-08-15 21:00:00+00:00,37.0,188.1,10.9,21.3
2025-08-15 22:00:00+00:00,0.0,0.0,9.3,20.0
2025-08-15 23:00:00+00:00,0.0,0.0,6.9,17.3
2025-08-16 00:00:00+00:00,0.0,0.0,6.1,16.2
2025-08-16 01:00:00+00:00,0.0,0.0,6.4,16.7
2025-08-16 02:00:00+00:00,0.0,0.0,7.4,17.7
2025-08-16 03:00:00+00:00,0.0,0.0,7.2,16.5
2025-08-16 04:00:00+00:00,0.0,0.0,8.3,15.5
2025-08-16 05:00:00+00:00,0.0,0.0,9.4,16.8
2025-08-16 06:00:00+00:00,0.0,0.0,9.1,15.1
2025-08-16 07:00:00+00:00,3.0,0.0,9.8,15.3
2025-08-16 08:00:00+00:00,40.0,7.2,11.8,17.6
2025-08-16 09:00:00+00:00,86.0,6.7,10.4,15.3
2025-08-16 10:00:00+00:00,158.0,31.2,11.9,17.1
2025-08-16 11:00:00+00:00,180.0,20.6,12.1,17.2
2025-08-16 12:00:00+00:00,290.0,55.3,12.5,17.6
2025-08-16 13:00:00+00:00,250.0,46.1,12.4,17.5
2025-08-16 14:00:00+00:00,381.0,79.7,13.3,18.8
2025-08-16 15:00:00+00:00,335.0,64.0,13.8,19.6
2025-08-16 16:00:00+00:00,269.0,43.8,13.7,19.6
2025-08-16 17:00:00+00:00,236.0,18.6,13.7,19.7
2025-08-16 18:00:00+00:00,179.0,7.6,12.2,17.8
2025-08-16 19:00:00+00:00,118.0,13.1,11.6,17.0
2025-08-16 20:00:00+00:00,73.0,22.1,10.6,15.6
2025-08-16 21:00:00+00:00,17.0,22.7,8.3,14.9
2025-08-16 22:00:00+00:00,0.0,0.0,6.5,14.7
2025-08-16 23:00:00+00:00,0.0,0.0,9.2,17.8
2025-08-17 00:00:00+00:00,0.0,0.0,13.7,23.4
2025-08-17 01:00:00+00:00,0.0,0.0,11.1,20.9
2025-08-17 02:00:00+00:00,0.0,0.0,10.4,21.0
2025-08-17 03:00:00+00:00,0.0,0.0,9.0,18.8
2025-08-17 04:00:00+00:00,0.0,0.0,7.1,17.5
2025-08-17 05:00:00+00:00,0.0,0.0,6.2,16.4
2025-08-17 06:00:00+00:00,0.0,0.0,5.7,15.9
2025-08-17 07:00:00+00:00,4.0,19.1,5.5,15.2
2025-08-17 08:00:00+00:00,82.0,341.5,5.5,12.0
2025-08-17 09:00:00+00:00,227.0,551.6,6.0,8.9
2025-08-17 10:00:00+00:00,381.0,672.1,7.5,10.6
2025-08-17 11:00:00+00:00,527.0,752.7,9.7,13.5
2025-08-17 12:00:00+00:00,598.0,627.4,11.2,15.6
2025-08-17 13:00:00+00:00,565.0,299.3,9.4,13.1
2025-08-17 14:00:00+00:00,716.0,664.3,11.4,15.1
2025-08-17 15:00:00+00:00,578.0,353.5,10.8,14.3
2025-08-17 16:00:00+00:00,515.0,310.6,10.4,14.1
2025-08-17 17:00:00+00:00,360.0,179.8,12.8,17.5
2025-08-17 18:00:00+00:00,317.0,257.5,11.3,15.7
2025-08-17 19:00:00+00:00,187.0,135.0,10.7,15.1
2025-08-17 20:00:00+00:00,61.0,13.6,9.7,14.5
2025-08-17 21:00:00+00:00,13.0,0.0,9.2,14.9
2025-08-17 22:00:00+00:00,0.0,0.0,8.3,14.0
2025-08-17 23:00:00+00:00,0.0,0.0,7.7,14.3
2025-08-18 00:00:00+00:00,0.0,0.0,8.1,15.7
2025-08-18 01:00:00+00:00,0.0,0.0,7.9,15.1
2025-08-18 02:00:00+00:00,0.0,0.0,8.3,15.0
2025-08-18 03:00:00+00:00,0.0,0.0,7.9,12.9
2025-08-18 04:00:00+00:00,0.0,0.0,7.4,12.8
2025-08-18 05:00:00+00:00,0.0,0.0,6.2,11.6
2025-08-18 06:00:00+00:00,0.0,0.0,5.5,12.4
2025-08-18 07:00:00+00:00,2.0,0.0,6.7,12.9
2025-08-18 08:00:00+00:00,54.0,76.3,8.5,13.0
2025-08-18 09:00:00+00:00,169.0,282.6,10.9,15.3
2025-08-18 10:00:00+00:00,238.0,183.5,12.2,17.2
2025-08-18 11:00:00+00:00,305.0,181.0,12.4,17.3
2025-08-18 12:00:00+00:00,410.0,246.9,12.2,17.0
2025-08-18 13:00:00+00:00,478.0,292.6,11.8,16.2
2025-08-18 14:00:00+00:00,442.0,199.0,10.7,14.9
2025-08-18 15:00:00+00:00,630.0,532.1,9.6,13.1
2025-08-18 16:00:00+00:00,695.0,788.9,9.4,13.0
2025-08-18 17:00:00+00:00,608.0,816.4,9.4,13.0
2025-08-18 18:00:00+00:00,462.0,726.6,8.7,12.5
2025-08-18 19:00:00+00:00,308.0,629.8,7.1,11.4
2025-08-18 20:00:00+00:00,151.0,448.1,5.7,14.7
2025-08-18 21:00:00+00:00,30.0,167.9,8.3,21.9
2025-08-18 22:00:00+00:00,0.0,0.0,10.5,24.9
2025-08-18 23:00:00+00:00,0.0,0.0,8.4,22.7
2025-08-19 00:00:00+00:00,0.0,0.0,8.2,22.5
2025-08-19 01:00:00+00:00,0.0,0.0,7.1,20.5
2025-08-19 02:00:00+00:00,0.0,0.0,6.6,18.7
2025-08-19 03:00:00+00:00,0.0,0.0,6.3,17.2
2025-08-19 04:00:00+00:00,0.0,0.0,5.7,16.1
2025-08-19 05:00:00+00:00,0.0,0.0,6.2,16.5
2025-08-19 06:00:00+00:00,0.0,0.0,6.0,16.7
2025-08-19 07:00:00+00:00,3.0,19.1,6.0,16.5
2025-08-19 08:00:00+00:00,77.0,337.9,8.7,18.7
2025-08-19 09:00:00+00:00,222.0,558.2,7.0,13.8
2025-08-19 10:00:00+00:00,382.0,693.9,6.3,9.4
2025-08-19 11:00:00+00:00,523.0,738.6,6.5,9.1
2025-08-19 12:00:00+00:00,644.0,794.4,6.9,9.6
2025-08-19 13:00:00+00:00,723.0,812.2,8.5,11.6
2025-08-19 14:00:00+00:00,758.0,811.1,8.3,11.4
2025-08-19 15:00:00+00:00,739.0,776.0,6.2,8.5
2025-08-19 16:00:00+00:00,696.0,823.8,5.1,7.1
2025-08-19 17:00:00+00:00,596.0,799.6,4.0,5.5
2025-08-19 18:00:00+00:00,460.0,732.8,3.9,5.3
2025-08-19 19:00:00+00:00,300.0,607.9,3.0,5.6
2025-08-19 20:00:00+00:00,141.0,387.6,8.9,19.8
2025-08-19 21:00:00+00:00,27.0,135.9,14.9,27.6
2025-08-19 22:00:00+00:00,0.0,0.0,15.0,28.2
2025-08-19 23:00:00+00:00,0.0,0.0,13.8,25.5
2025-08-20 00:00:00+00:00,0.0,0.0,14.3,24.9
2025-08-20 01:00:00+00:00,0.0,0.0,12.2,23.0
2025-08-20 02:00:00+00:00,0.0,0.0,9.7,20.0
2025-08-20 03:00:00+00:00,0.0,0.0,10.4,20.0
2025-08-20 04:00:00+00:00,0.0,0.0,11.4,21.1
2025-08-20 05:00:00+00:00,0.0,0.0,10.5,18.7
2025-08-20 06:00:00+00:00,0.0,0.0,9.4,18.5
2025-08-20 07:00:00+00:00,2.0,0.0,10.2,19.1
2025-08-20 08:00:00+00:00,50.0,40.5,11.2,18.3
2025-08-20 09:00:00+00:00,163.0,166.1,12.0,18.1
2025-08-20 10:00:00+00:00,310.0,356.6,14.7,21.2
2025-08-20 11:00:00+00:00,430.0,403.2,12.8,17.9
2025-08-20 12:00:00+00:00,528.0,466.0,12.3,16.9
2025-08-20 13:00:00+00:00,670.0,667.0,11.7,15.8
2025-08-20 14:00:00+00:00,655.0,517.5,12.2,16.7
2025-08-20 15:00:00+00:00,539.0,303.8,10.5,14.6
2025-08-20 16:00:00+00:00,598.0,490.3,9.9,13.6
2025-08-20 17:00:00+00:00,547.0,623.3,10.3,14.4
2025-08-20 18:00:00+00:00,443.0,668.4,10.4,14.7
2025-08-20 19:00:00+00:00,298.0,607.6,10.8,15.9
2025-08-20 20:00:00+00:00,147.0,450.2,6.4,14.2
2025-08-20 21:00:00+00:00,25.0,114.7,5.6,14.6
2025-08-20 22:00:00+00:00,0.0,0.0,6.6,18.4
2025-08-20 23:00:00+00:00,0.0,0.0,6.7,18.9
2025-08-21 00:00:00+00:00,0.0,0.0,9.0,21.3
2025-08-21 01:00:00+00:00,0.0,0.0,10.1,22.0
2025-08-21 02:00:00+00:00,0.0,0.0,9.8,21.8
2025-08-21 03:00:00+00:00,0.0,0.0,9.7,19.7
2025-08-21 04:00:00+00:00,0.0,0.0,8.8,19.4
2025-08-21 05:00:00+00:00,0.0,0.0,8.1,19.3
2025-08-21 06:00:00+00:00,0.0,0.0,8.1,19.5
2025-08-21 07:00:00+00:00,2.0,0.0,8.5,20.3
2025-08-21 08:00:00+00:00,73.0,325.9,8.4,20.2
2025-08-21 09:00:00+00:00,219.0,558.3,10.3,15.9
2025-08-21 10:00:00+00:00,379.0,695.8,11.4,16.5
2025-08-21 11:00:00+00:00,530.0,779.4,14.2,20.1
2025-08-21 12:00:00+00:00,589.0,653.3,14.7,20.7
2025-08-21 13:00:00+00:00,643.0,635.1,14.2,19.8
2025-08-21 14:00:00+00:00,631.0,560.0,14.7,20.3
2025-08-21 15:00:00+00:00,494.0,311.9,16.3,23.2
2025-08-21 16:00:00+00:00,282.0,78.7,13.1,19.1
2025-08-21 17:00:00+00:00,522.0,627.6,15.5,21.8
2025-08-21 18:00:00+00:00,321.0,322.3,19.8,29.6
2025-08-21 19:00:00+00:00,223.0,326.0,17.6,26.3
2025-08-21 20:00:00+00:00,111.0,287.8,16.7,25.4
2025-08-21 21:00:00+00:00,15.0,65.8,14.5,23.4
2025-08-21 22:00:00+00:00,0.0,0.0,14.8,25.1
2025-08-21 23:00:00+00:00,0.0,0.0,10.5,20.0
2025-08-22 00:00:00+00:00,0.0,0.0,6.3,15.4
2025-08-22 01:00:00+00:00,0.0,0.0,6.3,15.7
2025-08-22 02:00:00+00:00,0.0,0.0,5.6,15.7
2025-08-22 03:00:00+00:00,0.0,0.0,3.1,11.6
2025-08-22 04:00:00+00:00,0.0,0.0,2.4,9.9
2025-08-22 05:00:00+00:00,0.0,0.0,2.7,9.6
2025-08-22 06:00:00+00:00,0.0,0.0,2.4,7.5
2025-08-22 07:00:00+00:00,1.0,0.0,3.5,7.3
2025-08-22 08:00:00+00:00,37.0,60.4,5.1,9.3
2025-08-22 09:00:00+00:00,89.0,21.8,6.0,9.0
2025-08-22 10:00:00+00:00,168.0,14.0,5.6,8.1
2025-08-22 11:00:00+00:00,305.0,205.0,5.8,8.0
2025-08-22 12:00:00+00:00,381.0,232.4,8.4,11.5
2025-08-22 13:00:00+00:00,409.0,226.3,10.2,13.8
2025-08-22 14:00:00+00:00,338.0,92.3,11.5,15.8
2025-08-22 15:00:00+00:00,370.0,139.6,11.7,16.0
2025-08-22 16:00:00+00:00,230.0,15.5,8.3,11.8
2025-08-22 17:00:00+00:00,288.0,148.7,10.3,14.7
2025-08-22 18:00:00+00:00,195.0,66.3,14.1,20.4
2025-08-22 19:00:00+00:00,104.0,5.7,14.9,22.0
2025-08-22 20:00:00+00:00,88.0,127.3,11.1,17.4
2025-08-22 21:00:00+00:00,12.0,13.6,7.4,15.3
2025-08-22 22:00:00+00:00,0.0,0.0,7.0,14.0
2025-08-22 23:00:00+00:00,0.0,0.0,4.1,11.3
2025-08-23 00:00:00+00:00,0.0,0.0,4.3,10.4
2025-08-23 01:00:00+00:00,0.0,0.0,4.2,9.4
2025-08-23 02:00:00+00:00,0.0,0.0,5.4,10.4
2025-08-23 03:00:00+00:00,0.0,0.0,6.1,17.2
2025-08-23 04:00:00+00:00,0.0,0.0,8.4,20.5
2025-08-23 05:00:00+00:00,0.0,0.0,9.1,21.0
2025-08-23 06:00:00+00:00,0.0,0.0,8.9,20.2
2025-08-23 07:00:00+00:00,0.0,0.0,9.5,19.6
2025-08-23 08:00:00+00:00,18.0,0.0,8.1,16.3
2025-08-23 09:00:00+00:00,66.0,0.0,8.9,14.0
2025-08-23 10:00:00+00:00,171.0,75.5,7.3,11.0
2025-08-23 11:00:00+00:00,427.0,432.2,10.1,14.1
2025-08-23 12:00:00+00:00,520.0,523.0,10.2,14.1
2025-08-23 13:00:00+00:00,286.0,13.6,11.2,15.7
2025-08-23 14:00:00+00:00,427.0,215.5,9.8,13.5
2025-08-23 15:00:00+00:00,515.0,328.4,11.9,16.4
2025-08-23 16:00:00+00:00,420.0,248.7,12.0,16.6
2025-08-23 17:00:00+00:00,365.0,258.9,10.2,14.3
2025-08-23 18:00:00+00:00,341.0,383.2,12.6,17.6
2025-08-23 19:00:00+00:00,244.0,418.4,13.0,18.8
2025-08-23 20:00:00+00:00,126.0,376.7,10.5,17.8
2025-08-23 21:00:00+00:00,19.0,113.0,7.7,19.0
2025-08-23 22:00:00+00:00,0.0,0.0,9.6,21.1
2025-08-23 23:00:00+00:00,0.0,0.0,6.7,18.2
2025-08-24 00:00:00+00:00,0.0,0.0,5.9,16.5
2025-08-24 01:00:00+00:00,0.0,0.0,4.7,14.0
2025-08-24 02:00:00+00:00,0.0,0.0,3.6,12.2
2025-08-24 03:00:00+00:00,0.0,0.0,2.5,9.6
2025-08-24 04:00:00+00:00,0.0,0.0,2.6,9.3
2025-08-24 05:00:00+00:00,0.0,0.0,2.1,8.2
2025-08-24 06:00:00+00:00,0.0,0.0,1.7,6.8
2025-08-24 07:00:00+00:00,1.0,0.0,1.8,6.9
2025-08-24 08:00:00+00:00,65.0,318.3,3.4,7.6
2025-08-24 09:00:00+00:00,210.0,555.2,2.8,7.9
2025-08-24 10:00:00+00:00,371.0,696.8,4.1,5.9
2025-08-24 11:00:00+00:00,522.0,783.4,6.4,8.8
2025-08-24 12:00:00+00:00,643.0,825.9,6.4,8.8
2025-08-24 13:00:00+00:00,719.0,832.0,5.5,7.4
2025-08-24 14:00:00+00:00,741.0,796.6,4.8,6.5
2025-08-24 15:00:00+00:00,737.0,818.7,5.1,7.0
2025-08-24 16:00:00+00:00,689.0,836.6,4.5,6.3
2025-08-24 17:00:00+00:00,586.0,795.6,4.4,6.1
2025-08-24 18:00:00+00:00,439.0,712.5,5.1,7.0
2025-08-24 19:00:00+00:00,284.0,616.5,6.9,9.7
2025-08-24 20:00:00+00:00,131.0,446.7,5.8,13.8
2025-08-24 21:00:00+00:00,17.0,102.7,6.4,17.1
2025-08-24 22:00:00+00:00,0.0,0.0,6.3,17.4
2025-08-24 23:00:00+00:00,0.0,0.0,6.1,16.3
2025-08-25 00:00:00+00:00,0.0,0.0,5.2,15.2
2025-08-25 01:00:00+00:00,0.0,0.0,4.8,15.0
2025-08-25 02:00:00+00:00,0.0,0.0,5.1,15.0
2025-08-25 03:00:00+00:00,0.0,0.0,5.4,15.5
2025-08-25 04:00:00+00:00,0.0,0.0,5.2,15.1
2025-08-25 05:00:00+00:00,0.0,0.0,5.5,15.4
2025-08-25 06:00:00+00:00,0.0,0.0,5.2,15.2
2025-08-25 07:00:00+00:00,1.0,0.0,4.6,14.3
2025-08-25 08:00:00+00:00,61.0,277.5,5.1,13.0
2025-08-25 09:00:00+00:00,193.0,442.2,4.5,13.9
2025-08-25 10:00:00+00:00,357.0,642.9,5.1,9.3
2025-08-25 11:00:00+00:00,517.0,790.3,6.5,9.3
2025-08-25 12:00:00+00:00,636.0,827.4,7.9,10.7
2025-08-25 13:00:00+00:00,718.0,852.7,7.5,9.8
2025-08-25 14:00:00+00:00,753.0,862.7,6.9,9.1
2025-08-25 15:00:00+00:00,739.0,858.0,6.9,9.0
2025-08-25 16:00:00+00:00,678.0,839.0,6.4,8.2
2025-08-25 17:00:00+00:00,574.0,801.6,6.1,7.8
2025-08-25 18:00:00+00:00,437.0,736.3,7.0,9.2
2025-08-25 19:00:00+00:00,280.0,628.8,7.0,9.9
2025-08-25 20:00:00+00:00,125.0,443.3,6.5,15.1
2025-08-25 21:00:00+00:00,15.0,91.6,7.5,18.9
2025-08-25 22:00:00+00:00,0.0,0.0,6.0,16.4
2025-08-25 23:00:00+00:00,0.0,0.0,6.1,16.6
2025-08-26 00:00:00+00:00,0.0,0.0,6.5,19.0
2025-08-26 01:00:00+00:00,0.0,0.0,8.5,22.5
2025-08-26 02:00:00+00:00,0.0,0.0,8.4,22.3
2025-08-26 03:00:00+00:00,0.0,0.0,7.3,20.0
2025-08-26 04:00:00+00:00,0.0,0.0,6.5,18.7
2025-08-26 05:00:00+00:00,0.0,0.0,6.4,18.2
2025-08-26 06:00:00+00:00,0.0,0.0,6.5,19.4
2025-08-26 07:00:00+00:00,0.0,0.0,7.3,20.6
2025-08-26 08:00:00+00:00,53.0,160.0,8.1,21.7
2025-08-26 09:00:00+00:00,177.0,341.2,9.5,22.5
2025-08-26 10:00:00+00:00,342.0,585.7,6.9,14.9
2025-08-26 11:00:00+00:00,435.0,433.4,7.6,12.1
2025-08-26 12:00:00+00:00,541.0,488.8,9.5,14.0
2025-08-26 13:00:00+00:00,624.0,519.8,12.9,18.5
2025-08-26 14:00:00+00:00,510.0,266.5,13.6,19.6
2025-08-26 15:00:00+00:00,455.0,162.9,15.5,22.8
2025-08-26 16:00:00+00:00,379.0,181.0,16.7,25.2
2025-08-26 17:00:00+00:00,409.0,328.2,16.0,23.8
2025-08-26 18:00:00+00:00,371.0,534.9,13.3,19.8
2025-08-26 19:00:00+00:00,258.0,545.7,12.8,21.0
2025-08-26 20:00:00+00:00,114.0,382.8,15.8,27.2
2025-08-26 21:00:00+00:00,13.0,79.6,10.0,21.2
2025-08-26 22:00:00+00:00,0.0,0.0,12.9,25.0
2025-08-26 23:00:00+00:00,0.0,0.0,11.9,23.2
2025-08-27 00:00:00+00:00,0.0,0.0,9.6,19.7
2025-08-27 01:00:00+00:00,0.0,0.0,8.3,17.5
2025-08-27 02:00:00+00:00,0.0,0.0,9.3,17.9
2025-08-27 03:00:00+00:00,0.0,0.0,9.8,19.1
2025-08-27 04:00:00+00:00,0.0,0.0,9.0,19.3
2025-08-27 05:00:00+00:00,0.0,0.0,7.0,18.3
2025-08-27 06:00:00+00:00,0.0,0.0,6.0,16.7
2025-08-27 07:00:00+00:00,0.0,0.0,5.8,16.3
2025-08-27 08:00:00+00:00,37.0,134.1,6.3,15.3
2025-08-27 09:00:00+00:00,90.0,46.7,6.1,10.8
2025-08-27 10:00:00+00:00,102.0,0.0,5.3,7.9
2025-08-27 11:00:00+00:00,109.0,0.0,5.1,7.6
2025-08-27 12:00:00+00:00,338.0,205.0,6.3,9.0
2025-08-27 13:00:00+00:00,387.0,255.7,8.3,11.6
2025-08-27 14:00:00+00:00,396.0,201.3,9.1,12.7
2025-08-27 15:00:00+00:00,421.0,204.4,15.0,21.4
2025-08-27 16:00:00+00:00,489.0,434.4,14.3,20.2
2025-08-27 17:00:00+00:00,490.0,557.4,14.7,20.9
2025-08-27 18:00:00+00:00,320.0,333.6,13.7,20.1
2025-08-27 19:00:00+00:00,216.0,335.1,10.9,17.1
2025-08-27 20:00:00+00:00,77.0,82.6,5.8,13.8
2025-08-27 21:00:00+00:00,9.0,16.7,5.3,14.0
2025-08-27 22:00:00+00:00,0.0,0.0,6.6,17.7
2025-08-27 23:00:00+00:00,0.0,0.0,5.9,16.3
2025-08-28 00:00:00+00:00,0.0,0.0,5.7,15.0
2025-08-28 01:00:00+00:00,0.0,0.0,5.3,12.6
2025-08-28 02:00:00+00:00,0.0,0.0,5.7,15.3
2025-08-28 03:00:00+00:00,0.0,0.0,7.0,17.9
2025-08-28 04:00:00+00:00,0.0,0.0,7.0,17.5
2025-08-28 05:00:00+00:00,0.0,0.0,6.3,17.1
2025-08-28 06:00:00+00:00,0.0,0.0,8.1,21.5
2025-08-28 07:00:00+00:00,0.0,0.0,6.7,18.1
2025-08-28 08:00:00+00:00,30.0,9.8,5.4,13.7
2025-08-28 09:00:00+00:00,112.0,59.2,8.4,13.8
2025-08-28 10:00:00+00:00,191.0,91.2,4.4,6.4
2025-08-28 11:00:00+00:00,322.0,170.6,7.6,10.8
2025-08-28 12:00:00+00:00,451.0,268.2,13.8,19.2
2025-08-28 13:00:00+00:00,522.0,359.1,15.9,22.5
2025-08-28 14:00:00+00:00,601.0,467.8,15.9,22.3
2025-08-28 15:00:00+00:00,550.0,480.6,20.2,28.9
2025-08-28 16:00:00+00:00,502.0,497.4,14.4,20.6
2025-08-28 17:00:00+00:00,524.0,717.7,15.2,21.8
2025-08-28 18:00:00+00:00,390.0,644.6,14.1,20.7
2025-08-28 19:00:00+00:00,251.0,554.3,12.8,19.0
2025-08-28 20:00:00+00:00,106.0,378.0,7.9,15.8
2025-08-28 21:00:00+00:00,10.0,52.4,5.9,16.4
2025-08-28 22:00:00+00:00,0.0,0.0,6.2,17.8
2025-08-28 23:00:00+00:00,0.0,0.0,5.6,15.9
2025-08-29 00:00:00+00:00,0.0,0.0,6.7,18.7
2025-08-29 01:00:00+00:00,0.0,0.0,7.4,20.2
2025-08-29 02:00:00+00:00,0.0,0.0,7.3,19.8
2025-08-29 03:00:00+00:00,0.0,0.0,9.6,23.1
2025-08-29 04:00:00+00:00,0.0,0.0,10.4,24.4
2025-08-29 05:00:00+00:00,0.0,0.0,10.6,24.9
2025-08-29 06:00:00+00:00,0.0,0.0,10.5,24.6
2025-08-29 07:00:00+00:00,0.0,0.0,11.0,24.5
2025-08-29 08:00:00+00:00,47.0,178.9,12.5,24.1
2025-08-29 09:00:00+00:00,169.0,356.9,13.4,22.3
2025-08-29 10:00:00+00:00,344.0,661.7,15.6,23.5
2025-08-29 11:00:00+00:00,482.0,703.8,22.1,32.2
2025-08-29 12:00:00+00:00,471.0,421.0,22.4,33.0
2025-08-29 13:00:00+00:00,357.0,195.3,20.4,30.4
2025-08-29 14:00:00+00:00,292.0,40.4,20.0,29.8
2025-08-29 15:00:00+00:00,383.0,100.0,21.5,31.6
2025-08-29 16:00:00+00:00,103.0,7.4,15.8,25.1
2025-08-29 17:00:00+00:00,345.0,206.5,16.7,25.2
2025-08-29 18:00:00+00:00,296.0,220.1,16.6,24.6
2025-08-29 19:00:00+00:00,88.0,18.9,9.8,16.2
2025-08-29 20:00:00+00:00,50.0,94.7,12.6,22.0
2025-08-29 21:00:00+00:00,8.0,18.3,10.7,22.6
2025-08-29 22:00:00+00:00,0.0,0.0,13.8,26.8
2025-08-29 23:00:00+00:00,0.0,0.0,13.5,26.6
2025-08-30 00:00:00+00:00,0.0,0.0,14.2,27.8
2025-08-30 01:00:00+00:00,0.0,0.0,15.2,28.8
2025-08-30 02:00:00+00:00,0.0,0.0,12.9,25.3
2025-08-30 03:00:00+00:00,0.0,0.0,13.6,24.7
2025-08-30 04:00:00+00:00,0.0,0.0,11.4,23.4
2025-08-30 05:00:00+00:00,0.0,0.0,13.0,25.7
2025-08-30 06:00:00+00:00,0.0,0.0,13.8,26.2
2025-08-30 07:00:00+00:00,0.0,0.0,13.6,25.3
2025-08-30 08:00:00+00:00,32.0,81.1,15.9,27.2
2025-08-30 09:00:00+00:00,147.0,264.8,20.4,30.5
2025-08-30 10:00:00+00:00,235.0,208.4,19.9,29.7
2025-08-30 11:00:00+00:00,294.0,191.8,16.4,24.0
2025-08-30 12:00:00+00:00,494.0,492.6,16.2,23.3
2025-08-30 13:00:00+00:00,552.0,545.4,15.7,22.4
2025-08-30 14:00:00+00:00,510.0,364.6,16.2,23.3
2025-08-30 15:00:00+00:00,551.0,509.8,19.2,28.1
2025-08-30 16:00:00+00:00,556.0,602.4,21.1,30.8
2025-08-30 17:00:00+00:00,350.0,296.0,17.5,25.9
2025-08-30 18:00:00+00:00,344.0,488.9,18.6,27.5
2025-08-30 19:00:00+00:00,210.0,394.0,16.8,26.8
2025-08-30 20:00:00+00:00,62.0,91.6,13.9,24.5
2025-08-30 21:00:00+00:00,3.0,0.0,14.2,25.6
2025-08-30 22:00:00+00:00,0.0,0.0,14.1,27.1
2025-08-30 23:00:00+00:00,0.0,0.0,15.0,27.9
2025-08-31 00:00:00+00:00,0.0,0.0,15.7,28.7
2025-08-31 01:00:00+00:00,0.0,0.0,16.3,29.4
2025-08-31 02:00:00+00:00,0.0,0.0,16.1,28.9
2025-08-31 03:00:00+00:00,0.0,0.0,18.5,32.1
2025-08-31 04:00:00+00:00,0.0,0.0,17.1,30.3
2025-08-31 05:00:00+00:00,0.0,0.0,15.9,28.4
2025-08-31 06:00:00+00:00,0.0,0.0,14.8,26.2
2025-08-31 07:00:00+00:00,0.0,0.0,13.4,23.8
2025-08-31 08:00:00+00:00,6.0,0.0,11.8,21.0
2025-08-31 09:00:00+00:00,73.0,91.1,12.3,19.3
2025-08-31 10:00:00+00:00,257.0,327.1,10.7,15.3
2025-08-31 11:00:00+00:00,405.0,532.1,12.5,17.1
2025-08-31 12:00:00+00:00,411.0,381.9,13.9,19.8
2025-08-31 13:00:00+00:00,140.0,0.0,12.1,18.0
2025-08-31 14:00:00+00:00,257.0,23.2,13.2,18.6
2025-08-31 15:00:00+00:00,348.0,141.4,18.5,26.6
2025-08-31 16:00:00+00:00,277.0,76.4,13.2,19.8
2025-08-31 17:00:00+00:00,314.0,147.6,16.0,23.8
2025-08-31 18:00:00+00:00,147.0,8.8,11.9,19.0
2025-08-31 19:00:00+00:00,155.0,71.7,9.7,16.5
2025-08-31 20:00:00+00:00,48.0,34.0,5.1,13.5
2025-08-31 21:00:00+00:00,3.0,0.0,4.0,10.1
2025-08-31 22:00:00+00:00,0.0,0.0,4.8,12.5
2025-08-31 23:00:00+00:00,0.0,0.0,6.2,15.6
2025-09-01 00:00:00+00:00,0.0,0.0,4.3,12.0
2025-09-01 01:00:00+00:00,0.0,0.0,5.6,14.1
2025-09-01 02:00:00+00:00,0.0,0.0,7.9,18.0
2025-09-01 03:00:00+00:00,0.0,0.0,7.5,18.2
2025-09-01 04:00:00+00:00,0.0,0.0,10.3,21.5
2025-09-01 05:00:00+00:00,0.0,0.0,9.1,20.4
2025-09-01 06:00:00+00:00,0.0,0.0,11.1,22.7
2025-09-01 07:00:00+00:00,0.0,0.0,11.8,23.1
2025-09-01 08:00:00+00:00,26.0,10.5,12.4,22.8
2025-09-01 09:00:00+00:00,104.0,50.5,12.2,20.2
2025-09-01 10:00:00+00:00,169.0,43.5,12.5,19.0
2025-09-01 11:00:00+00:00,295.0,114.5,15.7,23.0
2025-09-01 12:00:00+00:00,478.0,419.3,15.2,21.7
2025-09-01 13:00:00+00:00,664.0,806.1,15.5,22.1
2025-09-01 14:00:00+00:00,704.0,818.4,17.4,25.1
2025-09-01 15:00:00+00:00,641.0,733.7,18.3,26.4
2025-09-01 16:00:00+00:00,558.0,636.6,19.0,27.5
2025-09-01 17:00:00+00:00,416.0,437.8,16.8,24.9
2025-09-01 18:00:00+00:00,331.0,507.0,19.3,28.9
2025-09-01 19:00:00+00:00,226.0,534.5,15.3,24.1
2025-09-01 20:00:00+00:00,90.0,367.3,10.9,20.7
2025-09-01 21:00:00+00:00,4.0,19.1,10.9,22.5
2025-09-01 22:00:00+00:00,0.0,0.0,13.5,25.5
2025-09-01 23:00:00+00:00,0.0,0.0,12.0,23.3
2025-09-02 00:00:00+00:00,0.0,0.0,11.8,23.6
2025-09-02 01:00:00+00:00,0.0,0.0,12.1,24.3
2025-09-02 02:00:00+00:00,0.0,0.0,11.6,23.7
2025-09-02 03:00:00+00:00,0.0,0.0,12.2,23.1
2025-09-02 04:00:00+00:00,0.0,0.0,11.9,23.4
2025-09-02 05:00:00+00:00,0.0,0.0,11.6,22.8
2025-09-02 06:00:00+00:00,0.0,0.0,11.5,23.4
2025-09-02 07:00:00+00:00,0.0,0.0,11.7,24.2
2025-09-02 08:00:00+00:00,39.0,193.8,12.9,24.7
2025-09-02 09:00:00+00:00,171.0,483.4,13.2,20.8
2025-09-02 10:00:00+00:00,327.0,641.4,13.8,20.8
2025-09-02 11:00:00+00:00,460.0,670.7,18.4,27.0
2025-09-02 12:00:00+00:00,575.0,739.9,18.6,26.7
2025-09-02 13:00:00+00:00,636.0,741.8,20.1,29.1
2025-09-02 14:00:00+00:00,673.0,752.9,17.7,25.5
2025-09-02 15:00:00+00:00,645.0,739.8,17.3,25.1
2025-09-02 16:00:00+00:00,357.0,183.9,19.9,29.4
2025-09-02 17:00:00+00:00,231.0,38.9,18.5,27.8
2025-09-02 18:00:00+00:00,150.0,27.1,16.7,25.6
2025-09-02 19:00:00+00:00,71.0,23.7,12.0,19.2
2025-09-02 20:00:00+00:00,31.0,14.7,14.1,24.8
2025-09-02 21:00:00+00:00,3.0,0.0,16.8,30.2
2025-09-02 22:00:00+00:00,0.0,0.0,17.0,30.6
2025-09-02 23:00:00+00:00,0.0,0.0,17.3,30.1
2025-09-03 00:00:00+00:00,0.0,0.0,16.1,28.5
2025-09-03 01:00:00+00:00,0.0,0.0,16.2,29.2
2025-09-03 02:00:00+00:00,0.0,0.0,16.3,28.6
2025-09-03 03:00:00+00:00,0.0,0.0,16.4,30.3
2025-09-03 04:00:00+00:00,0.0,0.0,16.5,30.1
2025-09-03 05:00:00+00:00,0.0,0.0,15.6,29.1
2025-09-03 06:00:00+00:00,0.0,0.0,16.3,30.4
2025-09-03 07:00:00+00:00,0.0,0.0,18.4,33.1
2025-09-03 08:00:00+00:00,18.0,44.0,21.0,35.8
2025-09-03 09:00:00+00:00,29.0,0.0,23.3,39.2
2025-09-03 10:00:00+00:00,116.0,15.7,18.3,30.4
2025-09-03 11:00:00+00:00,184.0,19.4,23.1,36.6
2025-09-03 12:00:00+00:00,460.0,434.2,34.3,51.4
2025-09-03 13:00:00+00:00,292.0,52.1,30.7,46.9
2025-09-03 14:00:00+00:00,285.0,74.9,27.9,43.4
2025-09-03 15:00:00+00:00,231.0,28.3,21.4,34.0
2025-09-03 16:00:00+00:00,365.0,188.3,23.9,37.0
2025-09-03 17:00:00+00:00,468.0,607.8,26.7,41.6
2025-09-03 18:00:00+00:00,312.0,441.5,28.3,44.6
2025-09-03 19:00:00+00:00,184.0,303.2,29.9,48.2
2025-09-03 20:00:00+00:00,48.0,130.6,26.1,44.5
2025-09-03 21:00:00+00:00,3.0,0.0,23.7,41.0
2025-09-03 22:00:00+00:00,0.0,0.0,20.8,35.1
2025-09-03 23:00:00+00:00,0.0,0.0,18.0,31.3
2025-09-04 00:00:00+00:00,0.0,0.0,17.7,31.3
2025-09-04 01:00:00+00:00,0.0,0.0,16.6,30.2
2025-09-04 02:00:00+00:00,0.0,0.0,16.0,29.5
2025-09-04 03:00:00+00:00,0.0,0.0,16.7,29.8
2025-09-04 04:00:00+00:00,0.0,0.0,14.6,26.6
2025-09-04 05:00:00+00:00,0.0,0.0,13.3,25.9
2025-09-04 06:00:00+00:00,0.0,0.0,14.0,26.7
2025-09-04 07:00:00+00:00,0.0,0.0,13.2,25.6
2025-09-04 08:00:00+00:00,36.0,179.8,12.5,24.1
2025-09-04 09:00:00+00:00,155.0,407.3,12.5,20.5
2025-09-04 10:00:00+00:00,299.0,543.7,19.7,29.8
2025-09-04 11:00:00+00:00,434.0,628.2,19.4,28.6
2025-09-04 12:00:00+00:00,549.0,675.0,22.4,33.2
2025-09-04 13:00:00+00:00,472.0,360.8,20.1,30.1
2025-09-04 14:00:00+00:00,549.0,460.6,20.0,29.9
2025-09-04 15:00:00+00:00,554.0,564.5,17.8,26.6
2025-09-04 16:00:00+00:00,425.0,357.8,13.8,21.1
2025-09-04 17:00:00+00:00,297.0,188.9,19.3,29.0
2025-09-04 18:00:00+00:00,197.0,111.2,14.5,22.5
2025-09-04 19:00:00+00:00,127.0,73.8,12.2,20.7
2025-09-04 20:00:00+00:00,37.0,48.2,11.7,22.2
2025-09-04 21:00:00+00:00,2.0,0.0,10.7,22.4
2025-09-04 22:00:00+00:00,0.0,0.0,11.5,23.7
2025-09-04 23:00:00+00:00,0.0,0.0,12.0,24.7
2025-09-05 00:00:00+00:00,0.0,0.0,11.7,24.1
2025-09-05 01:00:00+00:00,0.0,0.0,10.5,22.9
2025-09-05 02:00:00+00:00,0.0,0.0,10.2,23.0
2025-09-05 03:00:00+00:00,0.0,0.0,9.0,22.3
2025-09-05 04:00:00+00:00,0.0,0.0,9.7,23.0
2025-09-05 05:00:00+00:00,0.0,0.0,9.8,23.3
2025-09-05 06:00:00+00:00,0.0,0.0,9.2,22.0
2025-09-05 07:00:00+00:00,0.0,0.0,9.7,22.8
2025-09-05 08:00:00+00:00,32.0,160.9,11.4,22.9
2025-09-05 09:00:00+00:00,156.0,450.7,11.3,21.0
2025-09-05 10:00:00+00:00,314.0,629.4,11.3,17.4
2025-09-05 11:00:00+00:00,463.0,735.4,14.0,20.3
2025-09-05 12:00:00+00:00,552.0,723.5,14.0,20.0
2025-09-05 13:00:00+00:00,619.0,729.0,13.3,19.0
2025-09-05 14:00:00+00:00,634.0,668.5,13.1,18.7
2025-09-05 15:00:00+00:00,618.0,705.7,12.7,18.0
2025-09-05 16:00:00+00:00,551.0,675.9,13.5,19.4
2025-09-05 17:00:00+00:00,453.0,630.1,12.4,18.1
2025-09-05 18:00:00+00:00,326.0,551.1,10.1,15.3
2025-09-05 19:00:00+00:00,198.0,469.5,4.9,11.6
2025-09-05 20:00:00+00:00,69.0,311.8,4.3,12.5
2025-09-05 21:00:00+00:00,2.0,0.0,5.2,14.4
2025-09-05 22:00:00+00:00,0.0,0.0,2.8,10.9
2025-09-05 23:00:00+00:00,0.0,0.0,2.9,9.2
2025-09-06 00:00:00+00:00,0.0,0.0,3.2,9.6
2025-09-06 01:00:00+00:00,0.0,0.0,4.9,12.0
2025-09-06 02:00:00+00:00,0.0,0.0,4.9,13.5
2025-09-06 03:00:00+00:00,0.0,0.0,6.3,17.3
2025-09-06 04:00:00+00:00,0.0,0.0,6.2,17.4
2025-09-06 05:00:00+00:00,0.0,0.0,5.6,17.4
2025-09-06 06:00:00+00:00,0.0,0.0,5.3,16.7
2025-09-06 07:00:00+00:00,0.0,0.0,5.6,16.9
2025-09-06 08:00:00+00:00,30.0,164.6,5.3,16.1
2025-09-06 09:00:00+00:00,154.0,440.6,6.2,15.8
2025-09-06 10:00:00+00:00,308.0,614.6,4.7,12.8
2025-09-06 11:00:00+00:00,438.0,626.3,5.7,8.6
2025-09-06 12:00:00+00:00,564.0,731.6,6.6,9.1
2025-09-06 13:00:00+00:00,639.0,746.9,6.5,8.9
2025-09-06 14:00:00+00:00,646.0,657.2,8.9,12.1
2025-09-06 15:00:00+00:00,552.0,381.9,11.4,16.2
2025-09-06 16:00:00+00:00,554.0,587.3,12.6,18.2
2025-09-06 17:00:00+00:00,463.0,559.2,13.3,19.6
2025-09-06 18:00:00+00:00,293.0,292.2,12.2,20.4
2025-09-06 19:00:00+00:00,172.0,230.5,11.4,22.1
2025-09-06 20:00:00+00:00,64.0,211.4,10.0,23.9
2025-09-06 21:00:00+00:00,1.0,0.0,11.2,26.9
2025-09-06 22:00:00+00:00,0.0,0.0,10.0,25.6
2025-09-06 23:00:00+00:00,0.0,0.0,10.7,26.5
2025-09-07 00:00:00+00:00,0.0,0.0,10.1,25.7
2025-09-07 01:00:00+00:00,0.0,0.0,9.9,25.4
2025-09-07 02:00:00+00:00,0.0,0.0,9.6,25.0
2025-09-07 03:00:00+00:00,0.0,0.0,9.3,24.4
2025-09-07 04:00:00+00:00,0.0,0.0,11.0,26.8
2025-09-07 05:00:00+00:00,0.0,0.0,10.8,26.8
2025-09-07 06:00:00+00:00,0.0,0.0,10.9,26.5
2025-09-07 07:00:00+00:00,0.0,0.0,11.3,26.8
2025-09-07 08:00:00+00:00,31.0,180.7,11.6,25.5
2025-09-07 09:00:00+00:00,162.0,514.4,12.8,29.1
2025-09-07 10:00:00+00:00,320.0,681.3,11.7,21.4
2025-09-07 11:00:00+00:00,467.0,771.2,12.5,19.0
2025-09-07 12:00:00+00:00,586.0,822.6,12.3,17.9
2025-09-07 13:00:00+00:00,663.0,846.5,12.9,18.4
2025-09-07 14:00:00+00:00,692.0,850.6,13.6,20.1
2025-09-07 15:00:00+00:00,672.0,837.4,14.8,21.6
2025-09-07 16:00:00+00:00,606.0,811.4,15.5,22.9
2025-09-07 17:00:00+00:00,501.0,775.8,14.4,21.7
2025-09-07 18:00:00+00:00,361.0,693.5,12.2,20.4
2025-09-07 19:00:00+00:00,207.0,560.7,9.5,20.8
2025-09-07 20:00:00+00:00,61.0,307.3,8.3,22.5
2025-09-07 21:00:00+00:00,1.0,0.0,8.2,22.8
2025-09-07 22:00:00+00:00,0.0,0.0,9.7,23.6
2025-09-07 23:00:00+00:00,0.0,0.0,8.3,22.5
2025-09-08 00:00:00+00:00,0.0,0.0,9.1,22.8
2025-09-08 01:00:00+00:00,0.0,0.0,7.6,20.4
2025-09-08 02:00:00+00:00,0.0,0.0,8.0,19.5
2025-09-08 03:00:00+00:00,0.0,0.0,12.2,23.5
2025-09-08 04:00:00+00:00,0.0,0.0,8.1,18.3
2025-09-08 05:00:00+00:00,0.0,0.0,7.4,18.0
2025-09-08 06:00:00+00:00,0.0,0.0,4.9,13.6
2025-09-08 07:00:00+00:00,0.0,0.0,2.5,8.8
2025-09-08 08:00:00+00:00,21.0,74.1,6.5,12.3
2025-09-08 09:00:00+00:00,94.0,71.5,10.5,16.4
2025-09-08 10:00:00+00:00,163.0,195.6,9.5,13.8
2025-09-08 11:00:00+00:00,317.0,364.6,8.3,11.7
2025-09-08 12:00:00+00:00,563.0,761.8,9.4,13.0
2025-09-08 13:00:00+00:00,575.0,640.2,11.4,15.9
2025-09-08 14:00:00+00:00,500.0,409.5,12.1,16.7
2025-09-08 15:00:00+00:00,458.0,371.3,10.5,14.2
2025-09-08 16:00:00+00:00,297.0,128.9,10.1,13.9
2025-09-08 17:00:00+00:00,281.0,170.2,8.9,12.2
2025-09-08 18:00:00+00:00,255.0,378.4,7.5,10.2
2025-09-08 19:00:00+00:00,159.0,332.5,6.5,9.5
2025-09-08 20:00:00+00:00,46.0,139.3,4.3,10.7
2025-09-08 21:00:00+00:00,0.0,0.0,7.3,17.8
2025-09-08 22:00:00+00:00,0.0,0.0,7.6,18.9
2025-09-08 23:00:00+00:00,0.0,0.0,6.0,16.8
2025-09-09 00:00:00+00:00,0.0,0.0,4.2,13.0
2025-09-09 01:00:00+00:00,0.0,0.0,3.3,9.9
2025-09-09 02:00:00+00:00,0.0,0.0,4.8,11.9
2025-09-09 03:00:00+00:00,0.0,0.0,0.9,6.7
2025-09-09 04:00:00+00:00,0.0,0.0,3.1,9.7
2025-09-09 05:00:00+00:00,0.0,0.0,2.7,8.6
2025-09-09 06:00:00+00:00,0.0,0.0,2.1,7.8
2025-09-09 07:00:00+00:00,0.0,0.0,2.7,7.0
2025-09-09 08:00:00+00:00,4.0,0.0,3.0,6.3
2025-09-09 09:00:00+00:00,28.0,0.0,2.3,4.6
2025-09-09 10:00:00+00:00,74.0,0.0,1.6,2.8
2025-09-09 11:00:00+00:00,124.0,63.0,1.9,2.3
2025-09-09 12:00:00+00:00,131.0,0.0,1.9,2.3
2025-09-09 13:00:00+00:00,192.0,0.0,2.8,3.7
2025-09-09 14:00:00+00:00,451.0,370.5,6.3,8.1
2025-09-09 15:00:00+00:00,617.0,731.7,5.8,7.5
2025-09-09 16:00:00+00:00,569.0,744.6,3.9,4.8
2025-09-09 17:00:00+00:00,452.0,653.8,4.0,5.3
2025-09-09 18:00:00+00:00,312.0,571.9,5.2,6.8
2025-09-09 19:00:00+00:00,176.0,449.7,6.7,9.7
2025-09-09 20:00:00+00:00,45.0,152.8,8.0,17.1
2025-09-09 21:00:00+00:00,0.0,0.0,9.3,19.8
2025-09-09 22:00:00+00:00,0.0,0.0,8.1,19.6
2025-09-09 23:00:00+00:00,0.0,0.0,6.8,18.4
2025-09-10 00:00:00+00:00,0.0,0.0,5.8,16.6
2025-09-10 01:00:00+00:00,0.0,0.0,5.9,17.2
2025-09-10 02:00:00+00:00,0.0,0.0,6.2,17.2
2025-09-10 03:00:00+00:00,0.0,0.0,6.8,18.5
2025-09-10 04:00:00+00:00,0.0,0.0,6.6,18.6
2025-09-10 05:00:00+00:00,0.0,0.0,6.4,18.6
2025-09-10 06:00:00+00:00,0.0,0.0,6.4,18.8
2025-09-10 07:00:00+00:00,0.0,0.0,5.7,16.8
2025-09-10 08:00:00+00:00,17.0,0.0,6.9,17.6
2025-09-10 09:00:00+00:00,81.0,0.0,8.8,19.7
2025-09-10 10:00:00+00:00,243.0,346.7,6.9,16.7
2025-09-10 11:00:00+00:00,448.0,753.9,8.3,12.6
2025-09-10 12:00:00+00:00,539.0,686.8,13.9,20.0
2025-09-10 13:00:00+00:00,597.0,730.6,15.6,22.3
2025-09-10 14:00:00+00:00,601.0,624.1,19.2,27.7
2025-09-10 15:00:00+00:00,241.0,35.6,17.2,26.4
2025-09-10 16:00:00+00:00,446.0,354.5,16.6,24.5
2025-09-10 17:00:00+00:00,257.0,103.1,17.2,26.3
2025-09-10 18:00:00+00:00,190.0,138.1,14.4,23.4
2025-09-10 19:00:00+00:00,107.0,100.1,11.1,21.6
2025-09-10 20:00:00+00:00,24.0,49.2,16.0,28.7
2025-09-10 21:00:00+00:00,0.0,0.0,11.0,20.7
2025-09-10 22:00:00+00:00,0.0,0.0,9.8,20.3
2025-09-10 23:00:00+00:00,0.0,0.0,13.1,24.8
2025-09-11 00:00:00+00:00,0.0,0.0,14.3,27.4
2025-09-11 01:00:00+00:00,0.0,0.0,15.3,28.4
2025-09-11 02:00:00+00:00,0.0,0.0,17.5,31.1
2025-09-11 03:00:00+00:00,0.0,0.0,17.9,30.9
2025-09-11 04:00:00+00:00,0.0,0.0,17.5,30.7
2025-09-11 05:00:00+00:00,0.0,0.0,20.6,34.3
2025-09-11 06:00:00+00:00,0.0,0.0,18.2,31.8
2025-09-11 07:00:00+00:00,0.0,0.0,16.6,30.3
2025-09-11 08:00:00+00:00,20.0,106.8,17.4,30.6
2025-09-11 09:00:00+00:00,134.0,405.1,17.6,28.4
2025-09-11 10:00:00+00:00,261.0,507.7,20.6,31.7
2025-09-11 11:00:00+00:00,361.0,502.2,22.1,33.5
2025-09-11 12:00:00+00:00,408.0,414.8,22.6,34.1
2025-09-11 13:00:00+00:00,518.0,487.4,23.2,34.6
2025-09-11 14:00:00+00:00,366.0,150.5,20.4,30.9
2025-09-11 15:00:00+00:00,360.0,276.5,23.9,36.1
2025-09-11 16:00:00+00:00,295.0,112.7,21.8,33.9
2025-09-11 17:00:00+00:00,269.0,231.6,18.6,28.6
2025-09-11 18:00:00+00:00,276.0,476.7,23.0,35.8
2025-09-11 19:00:00+00:00,153.0,381.5,20.4,33.7
2025-09-11 20:00:00+00:00,44.0,212.9,16.2,29.0
2025-09-11 21:00:00+00:00,0.0,0.0,16.2,29.6
2025-09-11 22:00:00+00:00,0.0,0.0,16.8,31.0
2025-09-11 23:00:00+00:00,0.0,0.0,16.7,30.8
2025-09-12 00:00:00+00:00,0.0,0.0,17.6,32.1
2025-09-12 01:00:00+00:00,0.0,0.0,17.6,31.7
2025-09-12 02:00:00+00:00,0.0,0.0,17.2,31.4
2025-09-12 03:00:00+00:00,0.0,0.0,18.2,32.9
2025-09-12 04:00:00+00:00,0.0,0.0,17.8,32.1
2025-09-12 05:00:00+00:00,0.0,0.0,17.7,32.2
2025-09-12 06:00:00+00:00,0.0,0.0,18.3,32.8
2025-09-12 07:00:00+00:00,0.0,0.0,18.9,33.7
2025-09-12 08:00:00+00:00,18.0,82.4,19.9,34.7
2025-09-12 09:00:00+00:00,131.0,393.2,18.8,30.9
2025-09-12 10:00:00+00:00,277.0,571.6,28.5,43.2
2025-09-12 11:00:00+00:00,396.0,573.4,25.4,38.1
2025-09-12 12:00:00+00:00,485.0,570.3,21.9,32.6
2025-09-12 13:00:00+00:00,568.0,667.2,21.8,32.3
2025-09-12 14:00:00+00:00,617.0,725.7,21.4,31.5
2025-09-12 15:00:00+00:00,567.0,608.4,21.9,32.4
2025-09-12 16:00:00+00:00,385.0,207.5,20.9,31.3
2025-09-12 17:00:00+00:00,342.0,427.4,19.4,29.9
2025-09-12 18:00:00+00:00,248.0,411.5,13.8,21.6
2025-09-12 19:00:00+00:00,143.0,340.8,10.9,19.3
2025-09-12 20:00:00+00:00,39.0,198.8,5.6,15.2
2025-09-12 21:00:00+00:00,0.0,0.0,6.3,17.7
2025-09-12 22:00:00+00:00,0.0,0.0,8.2,22.0
2025-09-12 23:00:00+00:00,0.0,0.0,8.6,22.4
2025-09-13 00:00:00+00:00,0.0,0.0,11.2,24.8
2025-09-13 01:00:00+00:00,0.0,0.0,11.0,23.3
2025-09-13 02:00:00+00:00,0.0,0.0,13.7,27.0
2025-09-13 03:00:00+00:00,0.0,0.0,15.1,28.1
2025-09-13 04:00:00+00:00,0.0,0.0,15.2,28.1
2025-09-13 05:00:00+00:00,0.0,0.0,13.9,26.8
2025-09-13 06:00:00+00:00,0.0,0.0,14.3,26.9
2025-09-13 07:00:00+00:00,0.0,0.0,15.3,28.7
2025-09-13 08:00:00+00:00,16.0,56.5,17.1,30.6
2025-09-13 09:00:00+00:00,128.0,401.8,14.5,24.3
2025-09-13 10:00:00+00:00,264.0,502.6,23.4,34.8
2025-09-13 11:00:00+00:00,383.0,523.8,22.6,33.8
2025-09-13 12:00:00+00:00,462.0,538.5,22.6,33.5
2025-09-13 13:00:00+00:00,495.0,533.0,22.4,33.7
2025-09-13 14:00:00+00:00,420.0,354.4,15.3,23.8
2025-09-13 15:00:00+00:00,475.0,393.1,23.3,34.9
2025-09-13 16:00:00+00:00,190.0,23.3,10.9,17.5
2025-09-13 17:00:00+00:00,235.0,102.6,17.6,27.0
2025-09-13 18:00:00+00:00,144.0,134.0,9.0,14.7
2025-09-13 19:00:00+00:00,140.0,254.8,12.2,21.0
2025-09-13 20:00:00+00:00,23.0,43.2,14.6,27.4
2025-09-13 21:00:00+00:00,0.0,0.0,14.7,27.6
2025-09-13 22:00:00+00:00,0.0,0.0,13.5,26.2
2025-09-13 23:00:00+00:00,0.0,0.0,13.9,26.4
2025-09-14 00:00:00+00:00,0.0,0.0,14.0,26.5
2025-09-14 01:00:00+00:00,0.0,0.0,13.4,26.6
2025-09-14 02:00:00+00:00,0.0,0.0,13.7,27.0
2025-09-14 03:00:00+00:00,0.0,0.0,12.2,26.3
2025-09-14 04:00:00+00:00,0.0,0.0,11.6,25.2
2025-09-14 05:00:00+00:00,0.0,0.0,11.3,24.6
2025-09-14 06:00:00+00:00,0.0,0.0,11.5,24.9
2025-09-14 07:00:00+00:00,0.0,0.0,11.9,25.4
2025-09-14 08:00:00+00:00,16.0,87.4,12.0,24.6
2025-09-14 09:00:00+00:00,130.0,427.2,12.0,18.7
2025-09-14 10:00:00+00:00,287.0,639.1,10.5,15.9
2025-09-14 11:00:00+00:00,434.0,738.9,13.7,19.7
2025-09-14 12:00:00+00:00,494.0,537.5,13.9,19.9
2025-09-14 13:00:00+00:00,543.0,484.0,14.5,20.5
2025-09-14 14:00:00+00:00,536.0,409.3,16.3,23.0
2025-09-14 15:00:00+00:00,405.0,192.8,14.4,20.9
2025-09-14 16:00:00+00:00,354.0,149.3,15.7,23.2
2025-09-14 17:00:00+00:00,133.0,0.0,14.5,23.7
2025-09-14 18:00:00+00:00,75.0,0.0,13.9,23.5
2025-09-14 19:00:00+00:00,14.0,0.0,15.1,26.4
2025-09-14 20:00:00+00:00,7.0,0.0,17.1,30.1
2025-09-14 21:00:00+00:00,0.0,0.0,18.4,32.0
2025-09-14 22:00:00+00:00,0.0,0.0,18.8,33.0
2025-09-14 23:00:00+00:00,0.0,0.0,22.6,39.6
2025-09-15 00:00:00+00:00,0.0,0.0,27.0,46.0
2025-09-15 01:00:00+00:00,0.0,0.0,25.2,43.0
2025-09-15 02:00:00+00:00,0.0,0.0,25.7,43.5
2025-09-15 03:00:00+00:00,0.0,0.0,26.6,44.8
2025-09-15 04:00:00+00:00,0.0,0.0,22.9,39.6
2025-09-15 05:00:00+00:00,0.0,0.0,25.1,41.6
2025-09-15 06:00:00+00:00,0.0,0.0,26.2,43.6
2025-09-15 07:00:00+00:00,0.0,0.0,23.4,40.6
2025-09-15 08:00:00+00:00,15.0,75.1,24.2,41.4
2025-09-15 09:00:00+00:00,109.0,332.0,25.5,41.9
2025-09-15 10:00:00+00:00,241.0,464.5,25.9,41.0
2025-09-15 11:00:00+00:00,407.0,683.6,29.3,45.4
2025-09-15 12:00:00+00:00,426.0,510.2,29.8,46.1
2025-09-15 13:00:00+00:00,496.0,556.5,31.7,49.0
2025-09-15 14:00:00+00:00,506.0,553.8,31.4,48.4
2025-09-15 15:00:00+00:00,576.0,691.0,32.7,49.9
2025-09-15 16:00:00+00:00,461.0,557.0,31.0,48.1
2025-09-15 17:00:00+00:00,260.0,268.6,23.9,38.6
2025-09-15 18:00:00+00:00,211.0,303.9,28.3,45.2
2025-09-15 19:00:00+00:00,136.0,360.2,30.0,49.5
2025-09-15 20:00:00+00:00,26.0,115.8,29.2,48.6
2025-09-15 21:00:00+00:00,0.0,0.0,29.4,49.3
2025-09-15 22:00:00+00:00,0.0,0.0,29.3,48.9
2025-09-15 23:00:00+00:00,0.0,0.0,28.9,48.5
2025-09-16 00:00:00+00:00,0.0,0.0,28.0,47.4
2025-09-16 01:00:00+00:00,0.0,0.0,27.7,47.0
2025-09-16 02:00:00+00:00,0.0,0.0,26.2,44.5
2025-09-16 03:00:00+00:00,0.0,0.0,25.2,42.7
2025-09-16 04:00:00+00:00,0.0,0.0,24.2,41.3
2025-09-16 05:00:00+00:00,0.0,0.0,22.9,39.6
2025-09-16 06:00:00+00:00,0.0,0.0,21.6,37.8
2025-09-16 07:00:00+00:00,0.0,0.0,20.9,36.8
2025-09-16 08:00:00+00:00,13.0,62.1,21.4,37.3
2025-09-16 09:00:00+00:00,116.0,379.7,20.3,34.3
2025-09-16 10:00:00+00:00,271.0,598.0,24.2,37.8
2025-09-16 11:00:00+00:00,399.0,664.1,26.5,40.7
2025-09-16 12:00:00+00:00,512.0,724.6,25.2,38.3
2025-09-16 13:00:00+00:00,560.0,688.7,27.4,41.0
2025-09-16 14:00:00+00:00,562.0,638.4,29.1,43.8
2025-09-16 15:00:00+00:00,552.0,673.3,24.0,36.0
2025-09-16 16:00:00+00:00,506.0,668.3,24.5,36.8
2025-09-16 17:00:00+00:00,390.0,563.9,24.9,37.0
2025-09-16 18:00:00+00:00,268.0,457.9,21.8,33.3
2025-09-16 19:00:00+00:00,119.0,239.3,19.2,32.0
2025-09-16 20:00:00+00:00,25.0,108.2,17.5,31.4
2025-09-16 21:00:00+00:00,0.0,0.0,16.3,29.7
2025-09-16 22:00:00+00:00,0.0,0.0,15.4,28.3
2025-09-16 23:00:00+00:00,0.0,0.0,15.0,28.0
2025-09-17 00:00:00+00:00,0.0,0.0,14.1,26.8
2025-09-17 01:00:00+00:00,0.0,0.0,13.9,26.8
2025-09-17 02:00:00+00:00,0.0,0.0,13.9,27.6
2025-09-17 03:00:00+00:00,0.0,0.0,12.1,25.1
2025-09-17 04:00:00+00:00,0.0,0.0,12.1,25.7
2025-09-17 05:00:00+00:00,0.0,0.0,11.6,24.9
2025-09-17 06:00:00+00:00,0.0,0.0,11.2,23.9
2025-09-17 07:00:00+00:00,0.0,0.0,12.2,24.2
2025-09-17 08:00:00+00:00,4.0,0.0,12.8,24.4
2025-09-17 09:00:00+00:00,22.0,0.0,11.8,21.9
2025-09-17 10:00:00+00:00,42.0,0.0,11.4,20.7
2025-09-17 11:00:00+00:00,71.0,0.0,12.2,22.3
2025-09-17 12:00:00+00:00,116.0,28.5,12.0,21.7
2025-09-17 13:00:00+00:00,229.0,15.9,15.8,24.5
2025-09-17 14:00:00+00:00,228.0,18.3,18.3,28.6
2025-09-17 15:00:00+00:00,192.0,20.4,20.6,32.3
2025-09-17 16:00:00+00:00,226.0,74.2,23.0,35.5
2025-09-17 17:00:00+00:00,277.0,200.6,23.1,35.4
2025-09-17 18:00:00+00:00,167.0,101.0,18.4,30.3
2025-09-17 19:00:00+00:00,125.0,280.2,17.7,30.6
2025-09-17 20:00:00+00:00,19.0,62.4,15.2,28.0
2025-09-17 21:00:00+00:00,0.0,0.0,15.1,28.2
2025-09-17 22:00:00+00:00,0.0,0.0,16.4,30.3
2025-09-17 23:00:00+00:00,0.0,0.0,16.5,29.6
2025-09-18 00:00:00+00:00,0.0,0.0,17.4,31.2
2025-09-18 01:00:00+00:00,0.0,0.0,17.2,32.1
2025-09-18 02:00:00+00:00,0.0,0.0,15.9,30.3
2025-09-18 03:00:00+00:00,0.0,0.0,16.9,30.9
2025-09-18 04:00:00+00:00,0.0,0.0,15.5,29.2
2025-09-18 05:00:00+00:00,0.0,0.0,15.7,28.9
2025-09-18 06:00:00+00:00,0.0,0.0,16.0,28.9
2025-09-18 07:00:00+00:00,0.0,0.0,15.4,27.9
2025-09-18 08:00:00+00:00,9.0,33.2,15.8,29.5
2025-09-18 09:00:00+00:00,115.0,422.7,13.9,29.1
2025-09-18 10:00:00+00:00,256.0,561.1,17.7,27.6
2025-09-18 11:00:00+00:00,402.0,692.6,21.4,31.3
2025-09-18 12:00:00+00:00,420.0,393.5,19.9,29.2
2025-09-18 13:00:00+00:00,444.0,362.5,19.1,27.6
2025-09-18 14:00:00+00:00,509.0,454.4,19.2,27.5
2025-09-18 15:00:00+00:00,355.0,219.8,20.5,30.3
2025-09-18 16:00:00+00:00,267.0,101.1,19.3,29.1
2025-09-18 17:00:00+00:00,242.0,142.3,17.6,27.1
2025-09-18 18:00:00+00:00,230.0,331.0,18.1,27.9
2025-09-18 19:00:00+00:00,127.0,328.7,11.9,21.5
2025-09-18 20:00:00+00:00,22.0,116.9,9.4,21.4
2025-09-18 21:00:00+00:00,0.0,0.0,7.9,21.0
2025-09-18 22:00:00+00:00,0.0,0.0,7.0,19.6
2025-09-18 23:00:00+00:00,0.0,0.0,6.4,17.8
2025-09-19 00:00:00+00:00,0.0,0.0,6.0,17.0
2025-09-19 01:00:00+00:00,0.0,0.0,5.7,15.8
2025-09-19 02:00:00+00:00,0.0,0.0,5.6,15.1
2025-09-19 03:00:00+00:00,0.0,0.0,6.3,16.3
2025-09-19 04:00:00+00:00,0.0,0.0,5.8,15.1
2025-09-19 05:00:00+00:00,0.0,0.0,4.9,14.2
2025-09-19 06:00:00+00:00,0.0,0.0,5.9,15.9
2025-09-19 07:00:00+00:00,0.0,0.0,6.3,18.2
2025-09-19 08:00:00+00:00,10.0,51.7,6.1,17.7
2025-09-19 09:00:00+00:00,112.0,421.6,8.6,18.2
2025-09-19 10:00:00+00:00,262.0,619.4,7.3,20.4
2025-09-19 11:00:00+00:00,405.0,728.4,7.4,12.4
2025-09-19 12:00:00+00:00,517.0,764.6,8.1,12.2
2025-09-19 13:00:00+00:00,597.0,813.2,9.7,14.1
2025-09-19 14:00:00+00:00,612.0,756.0,10.0,14.3
2025-09-19 15:00:00+00:00,548.0,553.4,12.0,17.3
2025-09-19 16:00:00+00:00,476.0,503.3,11.4,17.0
2025-09-19 17:00:00+00:00,438.0,758.7,11.7,18.4
2025-09-19 18:00:00+00:00,300.0,679.4,8.8,18.5
2025-09-19 19:00:00+00:00,146.0,503.5,7.4,20.3
2025-09-19 20:00:00+00:00,22.0,135.4,8.5,24.0
2025-09-19 21:00:00+00:00,0.0,0.0,9.2,25.8
2025-09-19 22:00:00+00:00,0.0,0.0,10.9,28.2
2025-09-19 23:00:00+00:00,0.0,0.0,12.6,30.5
2025-09-20 00:00:00+00:00,0.0,0.0,13.1,31.0
2025-09-20 01:00:00+00:00,0.0,0.0,13.0,30.3
2025-09-20 02:00:00+00:00,0.0,0.0,11.7,28.6
2025-09-20 03:00:00+00:00,0.0,0.0,11.0,28.1
2025-09-20 04:00:00+00:00,0.0,0.0,13.0,29.7
2025-09-20 05:00:00+00:00,0.0,0.0,9.3,24.0
2025-09-20 06:00:00+00:00,0.0,0.0,9.7,24.4
2025-09-20 07:00:00+00:00,0.0,0.0,9.9,25.1
2025-09-20 08:00:00+00:00,8.0,17.9,11.4,26.3
2025-09-20 09:00:00+00:00,96.0,269.8,12.0,23.8
2025-09-20 10:00:00+00:00,203.0,278.8,9.4,19.7
2025-09-20 11:00:00+00:00,346.0,533.3,16.0,24.6
2025-09-20 12:00:00+00:00,305.0,153.5,17.7,28.0
2025-09-20 13:00:00+00:00,193.0,22.8,13.4,21.3
2025-09-20 14:00:00+00:00,44.0,0.0,10.2,21.0
2025-09-20 15:00:00+00:00,50.0,0.0,11.7,23.7
2025-09-20 16:00:00+00:00,169.0,46.2,14.6,26.6
2025-09-20 17:00:00+00:00,124.0,4.3,17.4,28.7
2025-09-20 18:00:00+00:00,121.0,38.4,18.3,31.1
2025-09-20 19:00:00+00:00,73.0,31.8,21.9,37.8
2025-09-20 20:00:00+00:00,9.0,0.0,19.5,34.1
2025-09-20 21:00:00+00:00,0.0,0.0,18.8,32.9
2025-09-20 22:00:00+00:00,0.0,0.0,17.1,31.4
2025-09-20 23:00:00+00:00,0.0,0.0,19.1,34.4
2025-09-21 00:00:00+00:00,0.0,0.0,20.2,35.6
2025-09-21 01:00:00+00:00,0.0,0.0,20.1,34.4
2025-09-21 02:00:00+00:00,0.0,0.0,19.4,32.8
2025-09-21 03:00:00+00:00,0.0,0.0,17.4,30.2
2025-09-21 04:00:00+00:00,0.0,0.0,18.4,32.1
2025-09-21 05:00:00+00:00,0.0,0.0,17.9,30.8
2025-09-21 06:00:00+00:00,0.0,0.0,18.6,32.0
2025-09-21 07:00:00+00:00,0.0,0.0,17.8,30.6
2025-09-21 08:00:00+00:00,3.0,0.0,16.3,28.2
2025-09-21 09:00:00+00:00,46.0,12.9,18.5,28.1
2025-09-21 10:00:00+00:00,181.0,143.0,15.4,22.9
2025-09-21 11:00:00+00:00,195.0,34.1,13.4,19.7
2025-09-21 12:00:00+00:00,193.0,29.5,14.4,21.1
2025-09-21 13:00:00+00:00,303.0,78.9,12.7,17.7
2025-09-21 14:00:00+00:00,241.0,67.8,10.1,14.4
2025-09-21 15:00:00+00:00,149.0,0.0,10.3,15.0
2025-09-21 16:00:00+00:00,196.0,16.2,11.3,16.5
2025-09-21 17:00:00+00:00,107.0,0.0,12.3,18.3
2025-09-21 18:00:00+00:00,122.0,99.3,10.8,16.1
2025-09-21 19:00:00+00:00,79.0,159.1,9.2,16.7
2025-09-21 20:00:00+00:00,12.0,29.6,7.4,16.5
2025-09-21 21:00:00+00:00,0.0,0.0,8.8,19.3
2025-09-21 22:00:00+00:00,0.0,0.0,7.9,20.0
2025-09-21 23:00:00+00:00,0.0,0.0,7.1,19.8
2025-09-22 00:00:00+00:00,0.0,0.0,6.8,19.5
2025-09-22 01:00:00+00:00,0.0,0.0,5.9,17.1
2025-09-22 02:00:00+00:00,0.0,0.0,6.0,17.6
2025-09-22 03:00:00+00:00,0.0,0.0,5.7,16.7
2025-09-22 04:00:00+00:00,0.0,0.0,6.5,19.0
2025-09-22 05:00:00+00:00,0.0,0.0,8.1,22.9
2025-09-22 06:00:00+00:00,0.0,0.0,8.3,22.8
2025-09-22 07:00:00+00:00,0.0,0.0,7.6,22.0
2025-09-22 08:00:00+00:00,7.0,38.2,8.3,21.8
2025-09-22 09:00:00+00:00,102.0,398.0,8.3,23.5
2025-09-22 10:00:00+00:00,252.0,609.9,11.2,17.8
2025-09-22 11:00:00+00:00,396.0,725.9,17.2,25.3
2025-09-22 12:00:00+00:00,434.0,606.1,18.8,27.8
2025-09-22 13:00:00+00:00,540.0,710.6,19.5,28.6
2025-09-22 14:00:00+00:00,513.0,606.1,19.3,28.2
2025-09-22 15:00:00+00:00,501.0,589.5,18.9,27.8
2025-09-22 16:00:00+00:00,488.0,683.9,18.5,27.0
2025-09-22 17:00:00+00:00,328.0,468.9,19.0,28.3
2025-09-22 18:00:00+00:00,260.0,563.8,18.4,28.1
2025-09-22 19:00:00+00:00,110.0,283.8,16.2,27.4
2025-09-22 20:00:00+00:00,13.0,31.0,13.9,26.1
2025-09-22 21:00:00+00:00,0.0,0.0,13.5,25.6
2025-09-22 22:00:00+00:00,0.0,0.0,13.0,24.8
2025-09-22 23:00:00+00:00,0.0,0.0,11.8,22.9
2025-09-23 00:00:00+00:00,0.0,0.0,11.4,22.1
2025-09-23 01:00:00+00:00,0.0,0.0,11.7,22.3
2025-09-23 02:00:00+00:00,0.0,0.0,11.4,22.1
2025-09-23 03:00:00+00:00,0.0,0.0,10.3,20.8
2025-09-23 04:00:00+00:00,0.0,0.0,9.7,20.0
2025-09-23 05:00:00+00:00,0.0,0.0,8.8,18.3
2025-09-23 06:00:00+00:00,0.0,0.0,9.7,19.6
2025-09-23 07:00:00+00:00,0.0,0.0,9.4,19.5
2025-09-23 08:00:00+00:00,2.0,0.0,9.1,18.7
2025-09-23 09:00:00+00:00,30.0,0.0,8.3,18.9
2025-09-23 10:00:00+00:00,100.0,33.5,8.9,14.3
2025-09-23 11:00:00+00:00,189.0,53.4,9.9,14.9
2025-09-23 12:00:00+00:00,444.0,587.2,11.8,17.0
2025-09-23 13:00:00+00:00,580.0,808.3,17.8,25.4
2025-09-23 14:00:00+00:00,404.0,275.9,18.6,26.9
2025-09-23 15:00:00+00:00,297.0,132.2,16.8,24.7
2025-09-23 16:00:00+00:00,276.0,146.6,18.2,27.0
2025-09-23 17:00:00+00:00,196.0,60.2,20.1,30.7
2025-09-23 18:00:00+00:00,147.0,78.0,17.5,27.8
2025-09-23 19:00:00+00:00,106.0,317.5,14.2,25.4
2025-09-23 20:00:00+00:00,10.0,32.5,14.2,26.7
2025-09-23 21:00:00+00:00,0.0,0.0,14.2,27.1
2025-09-23 22:00:00+00:00,0.0,0.0,14.2,27.8
2025-09-23 23:00:00+00:00,0.0,0.0,14.1,28.0
2025-09-24 00:00:00+00:00,0.0,0.0,14.8,28.8
2025-09-24 01:00:00+00:00,0.0,0.0,13.8,27.4
2025-09-24 02:00:00+00:00,0.0,0.0,13.9,27.7
2025-09-24 03:00:00+00:00,0.0,0.0,14.5,28.5
2025-09-24 04:00:00+00:00,0.0,0.0,15.8,29.9
2025-09-24 05:00:00+00:00,0.0,0.0,15.3,28.9
2025-09-24 06:00:00+00:00,0.0,0.0,14.5,28.4
2025-09-24 07:00:00+00:00,0.0,0.0,15.2,29.2
2025-09-24 08:00:00+00:00,5.0,0.0,14.7,28.2
2025-09-24 09:00:00+00:00,70.0,84.5,13.2,25.6
2025-09-24 10:00:00+00:00,180.0,166.4,16.0,25.5
2025-09-24 11:00:00+00:00,318.0,335.5,15.6,23.7
2025-09-24 12:00:00+00:00,452.0,541.3,18.6,27.5
2025-09-24 13:00:00+00:00,500.0,466.5,20.1,29.7
2025-09-24 14:00:00+00:00,522.0,452.9,20.9,30.8
2025-09-24 15:00:00+00:00,519.0,498.5,21.9,32.4
2025-09-24 16:00:00+00:00,355.0,227.8,24.1,35.7
2025-09-24 17:00:00+00:00,227.0,88.1,18.7,28.4
2025-09-24 18:00:00+00:00,133.0,12.7,14.5,24.1
2025-09-24 19:00:00+00:00,43.0,0.0,13.7,24.6
2025-09-24 20:00:00+00:00,6.0,0.0,14.5,26.3
2025-09-24 21:00:00+00:00,0.0,0.0,14.4,27.9
2025-09-24 22:00:00+00:00,0.0,0.0,15.0,28.4
2025-09-24 23:00:00+00:00,0.0,0.0,14.1,27.2
2025-09-25 00:00:00+00:00,0.0,0.0,12.6,25.0
2025-09-25 01:00:00+00:00,0.0,0.0,11.2,23.2
2025-09-25 02:00:00+00:00,0.0,0.0,11.0,23.1
2025-09-25 03:00:00+00:00,0.0,0.0,9.7,22.4
2025-09-25 04:00:00+00:00,0.0,0.0,11.1,23.9
2025-09-25 05:00:00+00:00,0.0,0.0,10.3,22.6
2025-09-25 06:00:00+00:00,0.0,0.0,9.9,21.5
2025-09-25 07:00:00+00:00,0.0,0.0,11.6,23.8
2025-09-25 08:00:00+00:00,3.0,0.0,13.9,26.0
2025-09-25 09:00:00+00:00,56.0,43.6,14.6,25.1
2025-09-25 10:00:00+00:00,125.0,106.9,16.0,25.0
2025-09-25 11:00:00+00:00,120.0,54.6,16.9,26.1
2025-09-25 12:00:00+00:00,281.0,311.4,18.1,26.9
2025-09-25 13:00:00+00:00,543.0,713.3,21.0,30.2
2025-09-25 14:00:00+00:00,381.0,246.4,18.4,26.5
2025-09-25 15:00:00+00:00,331.0,109.4,19.0,27.6
2025-09-25 16:00:00+00:00,223.0,50.5,18.4,27.5
2025-09-25 17:00:00+00:00,97.0,2.3,19.2,29.4
2025-09-25 18:00:00+00:00,62.0,0.0,17.0,25.6
2025-09-25 19:00:00+00:00,29.0,0.0,13.9,22.0
2025-09-25 20:00:00+00:00,3.0,0.0,14.3,23.6
2025-09-25 21:00:00+00:00,0.0,0.0,13.6,23.2
2025-09-25 22:00:00+00:00,0.0,0.0,12.7,22.0
2025-09-25 23:00:00+00:00,0.0,0.0,11.4,20.5
2025-09-26 00:00:00+00:00,0.0,0.0,10.2,19.3
2025-09-26 01:00:00+00:00,0.0,0.0,9.0,19.0
2025-09-26 02:00:00+00:00,0.0,0.0,7.7,19.3
2025-09-26 03:00:00+00:00,0.0,0.0,6.2,17.9
2025-09-26 04:00:00+00:00,0.0,0.0,5.6,16.1
2025-09-26 05:00:00+00:00,0.0,0.0,6.0,17.3
2025-09-26 06:00:00+00:00,0.0,0.0,5.8,16.0
2025-09-26 07:00:00+00:00,0.0,0.0,6.4,16.1
2025-09-26 08:00:00+00:00,1.0,0.0,6.3,13.8
2025-09-26 09:00:00+00:00,21.0,0.0,6.2,15.4
2025-09-26 10:00:00+00:00,144.0,164.6,7.9,11.4
2025-09-26 11:00:00+00:00,323.0,515.6,9.8,13.5
2025-09-26 12:00:00+00:00,409.0,499.4,9.8,13.3
2025-09-26 13:00:00+00:00,369.0,233.0,9.8,13.3
2025-09-26 14:00:00+00:00,282.0,67.5,10.7,15.0
2025-09-26 15:00:00+00:00,264.0,96.8,10.7,14.9
2025-09-26 16:00:00+00:00,298.0,166.5,9.5,12.9
2025-09-26 17:00:00+00:00,193.0,67.3,7.8,10.7
2025-09-26 18:00:00+00:00,150.0,152.2,7.2,10.1
2025-09-26 19:00:00+00:00,67.0,98.8,2.8,7.9
2025-09-26 20:00:00+00:00,6.0,19.1,1.8,6.4
2025-09-26 21:00:00+00:00,0.0,0.0,3.8,9.3
2025-09-26 22:00:00+00:00,0.0,0.0,5.0,14.1
2025-09-26 23:00:00+00:00,0.0,0.0,6.4,17.5
2025-09-27 00:00:00+00:00,0.0,0.0,5.8,16.2
2025-09-27 01:00:00+00:00,0.0,0.0,4.8,14.1
2025-09-27 02:00:00+00:00,0.0,0.0,3.5,11.4
2025-09-27 03:00:00+00:00,0.0,0.0,2.6,10.1
2025-09-27 04:00:00+00:00,0.0,0.0,0.9,5.1
2025-09-27 05:00:00+00:00,0.0,0.0,1.1,4.9
2025-09-27 06:00:00+00:00,0.0,0.0,1.7,6.5
2025-09-27 07:00:00+00:00,0.0,0.0,1.5,5.4
2025-09-27 08:00:00+00:00,3.0,19.1,1.0,4.7
2025-09-27 09:00:00+00:00,80.0,325.7,3.9,6.5
2025-09-27 10:00:00+00:00,215.0,487.5,2.4,5.1
2025-09-27 11:00:00+00:00,367.0,705.8,2.8,3.8
2025-09-27 12:00:00+00:00,481.0,774.7,2.6,3.6
2025-09-27 13:00:00+00:00,546.0,769.1,3.8,5.1
2025-09-27 14:00:00+00:00,573.0,778.7,5.8,7.9
2025-09-27 15:00:00+00:00,397.0,344.7,4.7,6.6
2025-09-27 16:00:00+00:00,384.0,378.9,4.7,6.3
2025-09-27 17:00:00+00:00,199.0,129.5,6.3,8.7
2025-09-27 18:00:00+00:00,137.0,104.7,6.2,8.8
2025-09-27 19:00:00+00:00,72.0,206.1,3.7,9.7
2025-09-27 20:00:00+00:00,6.0,19.1,3.1,9.5
2025-09-27 21:00:00+00:00,0.0,0.0,3.0,8.7
2025-09-27 22:00:00+00:00,0.0,0.0,5.0,12.4
2025-09-27 23:00:00+00:00,0.0,0.0,5.9,14.8
2025-09-28 00:00:00+00:00,0.0,0.0,5.1,13.4
2025-09-28 01:00:00+00:00,0.0,0.0,3.4,10.0
2025-09-28 02:00:00+00:00,0.0,0.0,2.7,6.1
2025-09-28 03:00:00+00:00,0.0,0.0,3.6,10.0
2025-09-28 04:00:00+00:00,0.0,0.0,3.1,9.1
2025-09-28 05:00:00+00:00,0.0,0.0,3.4,9.3
2025-09-28 06:00:00+00:00,0.0,0.0,3.8,10.3
2025-09-28 07:00:00+00:00,0.0,0.0,4.3,11.7
2025-09-28 08:00:00+00:00,2.0,0.0,4.1,11.6
2025-09-28 09:00:00+00:00,76.0,313.1,4.8,10.8
2025-09-28 10:00:00+00:00,208.0,484.7,2.0,9.9
2025-09-28 11:00:00+00:00,357.0,655.1,1.8,4.0
2025-09-28 12:00:00+00:00,482.0,784.1,2.2,3.1
2025-09-28 13:00:00+00:00,558.0,821.4,2.8,4.0
2025-09-28 14:00:00+00:00,586.0,834.4,2.2,3.1
2025-09-28 15:00:00+00:00,543.0,746.3,3.5,4.7
2025-09-28 16:00:00+00:00,453.0,632.8,3.6,4.7
2025-09-28 17:00:00+00:00,342.0,539.8,3.2,4.0
2025-09-28 18:00:00+00:00,177.0,303.5,4.2,6.3
2025-09-28 19:00:00+00:00,57.0,107.6,5.9,13.8
2025-09-28 20:00:00+00:00,4.0,19.1,5.4,14.7
2025-09-28 21:00:00+00:00,0.0,0.0,3.5,12.1
2025-09-28 22:00:00+00:00,0.0,0.0,3.7,10.5
2025-09-28 23:00:00+00:00,0.0,0.0,3.1,10.9
2025-09-29 00:00:00+00:00,0.0,0.0,2.0,9.1
2025-09-29 01:00:00+00:00,0.0,0.0,1.9,7.6
2025-09-29 02:00:00+00:00,0.0,0.0,4.4,9.6
2025-09-29 03:00:00+00:00,0.0,0.0,2.4,10.6
2025-09-29 04:00:00+00:00,0.0,0.0,3.5,6.4
2025-09-29 05:00:00+00:00,0.0,0.0,3.3,7.2
2025-09-29 06:00:00+00:00,0.0,0.0,3.6,8.9
2025-09-29 07:00:00+00:00,0.0,0.0,3.0,9.3
2025-09-29 08:00:00+00:00,2.0,0.0,2.3,9.2
2025-09-29 09:00:00+00:00,76.0,349.7,5.7,10.2
2025-09-29 10:00:00+00:00,217.0,562.7,2.3,8.8
2025-09-29 11:00:00+00:00,362.0,712.5,3.0,4.6
2025-09-29 12:00:00+00:00,477.0,785.9,4.2,5.8
2025-09-29 13:00:00+00:00,551.0,820.1,5.3,7.1
2025-09-29 14:00:00+00:00,576.0,826.9,6.8,9.2
2025-09-29 15:00:00+00:00,462.0,582.3,6.5,8.8
2025-09-29 16:00:00+00:00,419.0,575.5,9.3,12.5
2025-09-29 17:00:00+00:00,277.0,382.9,12.5,17.7
2025-09-29 18:00:00+00:00,139.0,158.6,13.5,20.2
2025-09-29 19:00:00+00:00,66.0,157.7,8.4,16.9
2025-09-29 20:00:00+00:00,3.0,0.0,8.6,18.8
2025-09-29 21:00:00+00:00,0.0,0.0,8.1,19.0
2025-09-29 22:00:00+00:00,0.0,0.0,5.5,16.0
2025-09-29 23:00:00+00:00,0.0,0.0,5.3,14.9
2025-09-30 00:00:00+00:00,0.0,0.0,4.7,13.6
2025-09-30 01:00:00+00:00,0.0,0.0,4.2,11.8
2025-09-30 02:00:00+00:00,0.0,0.0,4.9,13.6
2025-09-30 03:00:00+00:00,0.0,0.0,5.0,13.7
2025-09-30 04:00:00+00:00,0.0,0.0,4.9,13.9
2025-09-30 05:00:00+00:00,0.0,0.0,5.6,14.2
2025-09-30 06:00:00+00:00,0.0,0.0,5.6,14.2
2025-09-30 07:00:00+00:00,0.0,0.0,5.8,15.1
2025-09-30 08:00:00+00:00,1.0,0.0,6.4,16.0
2025-09-30 09:00:00+00:00,50.0,129.7,7.9,16.2
2025-09-30 10:00:00+00:00,190.0,437.7,6.6,12.1
2025-09-30 11:00:00+00:00,337.0,633.1,10.4,14.6
2025-09-30 12:00:00+00:00,426.0,649.4,9.1,12.5
2025-09-30 13:00:00+00:00,506.0,708.7,8.8,12.0
2025-09-30 14:00:00+00:00,529.0,720.2,7.9,10.7
2025-09-30 15:00:00+00:00,496.0,662.4,7.8,10.7
2025-09-30 16:00:00+00:00,413.0,576.3,8.3,11.3
2025-09-30 17:00:00+00:00,315.0,533.7,7.7,10.8
2025-09-30 18:00:00+00:00,175.0,353.0,6.8,10.4
2025-09-30 19:00:00+00:00,68.0,267.8,5.4,14.6
2025-09-30 20:00:00+00:00,3.0,19.1,6.6,17.5
2025-09-30 21:00:00+00:00,0.0,0.0,5.9,16.3
2025-09-30 22:00:00+00:00,0.0,0.0,5.4,15.0
2025-09-30 23:00:00+00:00,0.0,0.0,4.3,14.0
2025-10-01 00:00:00+00:00,0.0,0.0,3.7,12.4
2025-10-01 01:00:00+00:00,0.0,0.0,2.3,8.4
2025-10-01 02:00:00+00:00,0.0,0.0,1.7,7.7
2025-10-01 03:00:00+00:00,0.0,0.0,1.9,7.0
2025-10-01 04:00:00+00:00,0.0,0.0,3.0,8.1
2025-10-01 05:00:00+00:00,0.0,0.0,2.2,7.2
2025-10-01 06:00:00+00:00,0.0,0.0,4.1,10.5
2025-10-01 07:00:00+00:00,0.0,0.0,3.2,10.5
2025-10-01 08:00:00+00:00,1.0,0.0,3.5,11.1
2025-10-01 09:00:00+00:00,47.0,53.5,3.5,10.3
2025-10-01 10:00:00+00:00,132.0,95.2,2.5,4.1
2025-10-01 11:00:00+00:00,240.0,183.1,2.4,2.5
2025-10-01 12:00:00+00:00,412.0,498.1,3.8,5.1
2025-10-01 13:00:00+00:00,505.0,681.4,4.0,5.2
2025-10-01 14:00:00+00:00,532.0,672.0,5.4,7.0
2025-10-01 15:00:00+00:00,498.0,596.0,6.2,8.4
2025-10-01 16:00:00+00:00,404.0,456.9,5.1,6.7
2025-10-01 17:00:00+00:00,289.0,314.6,5.4,7.2
2025-10-01 18:00:00+00:00,152.0,106.8,5.2,7.8
2025-10-01 19:00:00+00:00,52.0,24.9,4.0,10.1
2025-10-01 20:00:00+00:00,2.0,0.0,5.6,14.3
2025-10-01 21:00:00+00:00,0.0,0.0,6.7,17.5
2025-10-01 22:00:00+00:00,0.0,0.0,7.5,21.3
2025-10-01 23:00:00+00:00,0.0,0.0,6.8,19.8
2025-10-02 00:00:00+00:00,0.0,0.0,6.2,17.7
2025-10-02 01:00:00+00:00,0.0,0.0,5.7,16.8
2025-10-02 02:00:00+00:00,0.0,0.0,5.4,15.3
2025-10-02 03:00:00+00:00,0.0,0.0,3.8,12.6
2025-10-02 04:00:00+00:00,0.0,0.0,5.2,15.7
2025-10-02 05:00:00+00:00,0.0,0.0,5.8,17.0
2025-10-02 06:00:00+00:00,0.0,0.0,5.6,16.5
2025-10-02 07:00:00+00:00,0.0,0.0,6.4,17.6
2025-10-02 08:00:00+00:00,1.0,0.0,7.8,18.8
2025-10-02 09:00:00+00:00,15.0,0.0,8.1,17.8
2025-10-02 10:00:00+00:00,59.0,3.9,8.4,19.3
2025-10-02 11:00:00+00:00,133.0,20.6,8.8,15.0
2025-10-02 12:00:00+00:00,210.0,85.9,8.8,13.4
2025-10-02 13:00:00+00:00,200.0,12.7,9.2,13.7
2025-10-02 14:00:00+00:00,459.0,394.9,9.7,13.7
2025-10-02 15:00:00+00:00,429.0,396.7,9.3,13.2
2025-10-02 16:00:00+00:00,386.0,419.8,9.5,13.1
2025-10-02 17:00:00+00:00,329.0,583.2,8.5,11.9
2025-10-02 18:00:00+00:00,196.0,475.0,7.9,13.1
2025-10-02 19:00:00+00:00,66.0,244.5,5.5,14.2
2025-10-02 20:00:00+00:00,1.0,0.0,6.3,16.4
2025-10-02 21:00:00+00:00,0.0,0.0,7.1,18.8
2025-10-02 22:00:00+00:00,0.0,0.0,8.7,21.3
2025-10-02 23:00:00+00:00,0.0,0.0,8.7,21.3
2025-10-03 00:00:00+00:00,0.0,0.0,11.3,25.1
2025-10-03 01:00:00+00:00,0.0,0.0,11.9,25.9
2025-10-03 02:00:00+00:00,0.0,0.0,12.0,24.6
2025-10-03 03:00:00+00:00,0.0,0.0,12.3,24.0
2025-10-03 04:00:00+00:00,0.0,0.0,9.7,20.6
2025-10-03 05:00:00+00:00,0.0,0.0,10.7,22.1
2025-10-03 06:00:00+00:00,0.0,0.0,10.2,21.3
2025-10-03 07:00:00+00:00,0.0,0.0,12.5,24.1
2025-10-03 08:00:00+00:00,0.0,0.0,11.3,23.3
2025-10-03 09:00:00+00:00,17.0,0.0,13.0,25.0
2025-10-03 10:00:00+00:00,42.0,0.0,11.7,22.0
2025-10-03 11:00:00+00:00,67.0,0.0,12.7,24.3
2025-10-03 12:00:00+00:00,76.0,0.0,14.6,26.5
2025-10-03 13:00:00+00:00,71.0,0.0,15.4,28.3
2025-10-03 14:00:00+00:00,169.0,8.8,14.6,23.2
2025-10-03 15:00:00+00:00,159.0,31.0,13.7,22.1
2025-10-03 16:00:00+00:00,97.0,0.0,14.5,24.3
2025-10-03 17:00:00+00:00,63.0,0.0,18.9,32.0
2025-10-03 18:00:00+00:00,27.0,0.0,20.2,34.7
2025-10-03 19:00:00+00:00,9.0,0.0,19.3,33.7
2025-10-03 20:00:00+00:00,0.0,0.0,20.8,36.8
2025-10-03 21:00:00+00:00,0.0,0.0,21.8,39.2
2025-10-03 22:00:00+00:00,0.0,0.0,22.8,40.8
2025-10-03 23:00:00+00:00,0.0,0.0,25.1,43.1
2025-10-04 00:00:00+00:00,0.0,0.0,26.4,45.7
2025-10-04 01:00:00+00:00,0.0,0.0,27.3,46.8
2025-10-04 02:00:00+00:00,0.0,0.0,28.3,47.9
2025-10-04 03:00:00+00:00,0.0,0.0,29.1,49.1
2025-10-04 04:00:00+00:00,0.0,0.0,29.0,48.8
2025-10-04 05:00:00+00:00,0.0,0.0,30.3,51.0
2025-10-04 06:00:00+00:00,0.0,0.0,32.0,53.5
2025-10-04 07:00:00+00:00,0.0,0.0,33.2,55.1
2025-10-04 08:00:00+00:00,0.0,0.0,26.3,44.3
2025-10-04 09:00:00+00:00,5.0,0.0,21.1,36.7
2025-10-04 10:00:00+00:00,17.0,0.0,24.6,41.8
2025-10-04 11:00:00+00:00,27.0,0.0,24.5,40.0
2025-10-04 12:00:00+00:00,200.0,106.6,23.7,38.4
2025-10-04 13:00:00+00:00,494.0,718.1,30.4,46.5
2025-10-04 14:00:00+00:00,446.0,542.8,31.1,47.9
2025-10-04 15:00:00+00:00,469.0,661.1,33.7,52.4
2025-10-04 16:00:00+00:00,333.0,438.6,25.7,39.7
2025-10-04 17:00:00+00:00,334.0,635.8,27.4,43.8
2025-10-04 18:00:00+00:00,182.0,442.9,27.4,45.2
2025-10-04 19:00:00+00:00,48.0,186.5,24.1,40.5
2025-10-04 20:00:00+00:00,0.0,0.0,22.1,37.4
2025-10-04 21:00:00+00:00,0.0,0.0,23.1,39.1
2025-10-04 22:00:00+00:00,0.0,0.0,20.8,36.4
2025-10-04 23:00:00+00:00,0.0,0.0,20.2,35.9
2025-10-05 00:00:00+00:00,0.0,0.0,20.9,36.9
2025-10-05 01:00:00+00:00,0.0,0.0,21.6,38.0
2025-10-05 02:00:00+00:00,0.0,0.0,22.3,39.2
2025-10-05 03:00:00+00:00,0.0,0.0,23.5,40.3
2025-10-05 04:00:00+00:00,0.0,0.0,22.5,39.0
2025-10-05 05:00:00+00:00,0.0,0.0,21.0,36.7
2025-10-05 06:00:00+00:00,0.0,0.0,22.3,38.6
2025-10-05 07:00:00+00:00,0.0,0.0,21.6,37.2
2025-10-05 08:00:00+00:00,0.0,0.0,20.2,35.0
2025-10-05 09:00:00+00:00,33.0,107.0,21.2,36.4
2025-10-05 10:00:00+00:00,132.0,274.5,20.6,34.0
2025-10-05 11:00:00+00:00,244.0,401.3,21.8,33.7
2025-10-05 12:00:00+00:00,298.0,354.8,22.0,33.8
2025-10-05 13:00:00+00:00,338.0,350.5,22.9,34.9
2025-10-05 14:00:00+00:00,392.0,430.0,26.2,39.6
2025-10-05 15:00:00+00:00,392.0,474.6,25.2,38.8
2025-10-05 16:00:00+00:00,293.0,362.0,27.4,41.2
2025-10-05 17:00:00+00:00,213.0,287.2,21.4,33.6
2025-10-05 18:00:00+00:00,142.0,316.1,21.4,35.1
2025-10-05 19:00:00+00:00,37.0,134.6,16.6,29.0
2025-10-05 20:00:00+00:00,0.0,0.0,13.2,26.1
2025-10-05 21:00:00+00:00,0.0,0.0,13.2,25.1
2025-10-05 22:00:00+00:00,0.0,0.0,12.1,24.8
2025-10-05 23:00:00+00:00,0.0,0.0,11.5,24.6
2025-10-06 00:00:00+00:00,0.0,0.0,12.6,25.7
2025-10-06 01:00:00+00:00,0.0,0.0,11.8,24.0
2025-10-06 02:00:00+00:00,0.0,0.0,11.4,24.6
2025-10-06 03:00:00+00:00,0.0,0.0,12.4,26.3
2025-10-06 04:00:00+00:00,0.0,0.0,11.9,26.2
2025-10-06 05:00:00+00:00,0.0,0.0,10.9,25.1
2025-10-06 06:00:00+00:00,0.0,0.0,11.0,24.3
2025-10-06 07:00:00+00:00,0.0,0.0,11.7,24.2
2025-10-06 08:00:00+00:00,0.0,0.0,11.9,24.4
2025-10-06 09:00:00+00:00,36.0,109.6,13.2,24.1
2025-10-06 10:00:00+00:00,134.0,217.2,12.6,22.6
2025-10-06 11:00:00+00:00,104.0,0.0,11.6,19.2
2025-10-06 12:00:00+00:00,117.0,10.7,12.3,19.4
2025-10-06 13:00:00+00:00,167.0,11.3,13.8,20.9
2025-10-06 14:00:00+00:00,169.0,9.0,13.3,19.9
2025-10-06 15:00:00+00:00,254.0,84.7,16.4,24.5
2025-10-06 16:00:00+00:00,167.0,25.6,15.0,23.0
2025-10-06 17:00:00+00:00,160.0,59.5,15.1,23.6
2025-10-06 18:00:00+00:00,124.0,157.9,11.6,20.0
2025-10-06 19:00:00+00:00,42.0,138.8,7.4,17.4
2025-10-06 20:00:00+00:00,0.0,0.0,7.3,17.1
2025-10-06 21:00:00+00:00,0.0,0.0,7.2,16.3
2025-10-06 22:00:00+00:00,0.0,0.0,9.7,19.6
2025-10-06 23:00:00+00:00,0.0,0.0,10.5,20.4
2025-10-07 00:00:00+00:00,0.0,0.0,10.0,20.0
2025-10-07 01:00:00+00:00,0.0,0.0,9.7,19.4
2025-10-07 02:00:00+00:00,0.0,0.0,9.5,18.7
2025-10-07 03:00:00+00:00,0.0,0.0,9.8,19.7
2025-10-07 04:00:00+00:00,0.0,0.0,10.1,20.7
2025-10-07 05:00:00+00:00,0.0,0.0,10.2,20.8
2025-10-07 06:00:00+00:00,0.0,0.0,9.4,19.8
2025-10-07 07:00:00+00:00,0.0,0.0,8.8,19.3
2025-10-07 08:00:00+00:00,0.0,0.0,9.2,20.6
2025-10-07 09:00:00+00:00,33.0,51.0,9.9,19.5
2025-10-07 10:00:00+00:00,104.0,55.4,11.8,16.0
2025-10-07 11:00:00+00:00,165.0,65.9,11.8,16.3
2025-10-07 12:00:00+00:00,212.0,73.4,12.4,17.2
2025-10-07 13:00:00+00:00,192.0,24.7,12.2,17.3
2025-10-07 14:00:00+00:00,205.0,43.9,11.3,15.7
2025-10-07 15:00:00+00:00,229.0,70.4,11.0,15.3
2025-10-07 16:00:00+00:00,161.0,25.9,10.5,15.0
2025-10-07 17:00:00+00:00,132.0,55.0,10.4,14.9
2025-10-07 18:00:00+00:00,69.0,8.5,8.4,13.6
2025-10-07 19:00:00+00:00,21.0,0.0,6.8,13.5
2025-10-07 20:00:00+00:00,0.0,0.0,5.2,11.3
2025-10-07 21:00:00+00:00,0.0,0.0,4.6,11.1
2025-10-07 22:00:00+00:00,0.0,0.0,4.2,10.4
2025-10-07 23:00:00+00:00,0.0,0.0,4.6,10.8
2025-10-08 00:00:00+00:00,0.0,0.0,5.2,12.1
2025-10-08 01:00:00+00:00,0.0,0.0,5.1,11.9
2025-10-08 02:00:00+00:00,0.0,0.0,4.0,8.5
2025-10-08 03:00:00+00:00,0.0,0.0,3.1,8.8
2025-10-08 04:00:00+00:00,0.0,0.0,3.4,9.4
2025-10-08 05:00:00+00:00,0.0,0.0,4.0,10.1
2025-10-08 06:00:00+00:00,0.0,0.0,4.0,9.9
2025-10-08 07:00:00+00:00,0.0,0.0,4.6,10.3
2025-10-08 08:00:00+00:00,0.0,0.0,4.2,10.0
2025-10-08 09:00:00+00:00,30.0,104.5,5.5,10.9
2025-10-08 10:00:00+00:00,116.0,152.2,5.6,9.0
2025-10-08 11:00:00+00:00,240.0,264.5,5.7,8.1
2025-10-08 12:00:00+00:00,264.0,120.1,5.0,6.7
2025-10-08 13:00:00+00:00,277.0,132.6,5.2,6.8
2025-10-08 14:00:00+00:00,259.0,145.9,4.8,6.3
2025-10-08 15:00:00+00:00,148.0,0.0,6.2,8.3
2025-10-08 16:00:00+00:00,148.0,28.4,6.8,9.4
2025-10-08 17:00:00+00:00,142.0,72.6,7.0,9.7
2025-10-08 18:00:00+00:00,88.0,74.4,5.6,9.7
2025-10-08 19:00:00+00:00,27.0,73.9,4.2,11.1
2025-10-08 20:00:00+00:00,0.0,0.0,5.5,12.5
2025-10-08 21:00:00+00:00,0.0,0.0,5.9,13.1
2025-10-08 22:00:00+00:00,0.0,0.0,4.8,11.5
2025-10-08 23:00:00+00:00,0.0,0.0,5.8,12.8
2025-10-09 00:00:00+00:00,0.0,0.0,6.1,13.3
2025-10-09 01:00:00+00:00,0.0,0.0,7.9,15.3
2025-10-09 02:00:00+00:00,0.0,0.0,8.8,16.1
2025-10-09 03:00:00+00:00,0.0,0.0,6.1,12.8
2025-10-09 04:00:00+00:00,0.0,0.0,4.6,12.4
2025-10-09 05:00:00+00:00,0.0,0.0,3.0,9.9
2025-10-09 06:00:00+00:00,0.0,0.0,3.1,7.3
2025-10-09 07:00:00+00:00,0.0,0.0,3.8,8.0
2025-10-09 08:00:00+00:00,0.0,0.0,4.8,10.1
2025-10-09 09:00:00+00:00,37.0,171.5,7.1,13.0
2025-10-09 10:00:00+00:00,122.0,159.8,7.2,16.7
2025-10-09 11:00:00+00:00,281.0,533.6,9.9,14.2
2025-10-09 12:00:00+00:00,353.0,518.8,10.9,15.3
2025-10-09 13:00:00+00:00,356.0,367.1,11.7,16.4
2025-10-09 14:00:00+00:00,325.0,244.5,11.3,15.9
2025-10-09 15:00:00+00:00,235.0,73.9,11.4,16.0
2025-10-09 16:00:00+00:00,175.0,42.1,11.4,16.6
2025-10-09 17:00:00+00:00,148.0,54.0,9.3,13.0
2025-10-09 18:00:00+00:00,115.0,125.9,5.7,10.1
2025-10-09 19:00:00+00:00,42.0,229.3,6.2,16.6
2025-10-09 20:00:00+00:00,0.0,0.0,5.4,14.7
2025-10-09 21:00:00+00:00,0.0,0.0,6.0,16.2
2025-10-09 22:00:00+00:00,0.0,0.0,5.3,15.6
2025-10-09 23:00:00+00:00,0.0,0.0,4.6,13.3
2025-10-10 00:00:00+00:00,0.0,0.0,4.0,10.1
2025-10-10 01:00:00+00:00,0.0,0.0,5.0,11.7
2025-10-10 02:00:00+00:00,0.0,0.0,4.7,11.5
2025-10-10 03:00:00+00:00,0.0,0.0,5.9,12.9
2025-10-10 04:00:00+00:00,0.0,0.0,5.9,13.0
2025-10-10 05:00:00+00:00,0.0,0.0,6.1,13.2
2025-10-10 06:00:00+00:00,0.0,0.0,5.7,12.9
2025-10-10 07:00:00+00:00,0.0,0.0,5.6,12.9
2025-10-10 08:00:00+00:00,0.0,0.0,6.2,13.1
2025-10-10 09:00:00+00:00,14.0,0.0,5.5,12.3
2025-10-10 10:00:00+00:00,58.0,22.7,4.9,10.7
2025-10-10 11:00:00+00:00,160.0,80.2,5.0,7.4
2025-10-10 12:00:00+00:00,201.0,75.9,3.4,4.3
2025-10-10 13:00:00+00:00,287.0,164.9,2.2,3.0
2025-10-10 14:00:00+00:00,221.0,50.9,2.4,3.1
2025-10-10 15:00:00+00:00,229.0,51.1,3.1,4.0
2025-10-10 16:00:00+00:00,238.0,157.1,4.0,5.0
2025-10-10 17:00:00+00:00,211.0,251.4,4.0,5.2
2025-10-10 18:00:00+00:00,112.0,152.4,3.0,5.1
2025-10-10 19:00:00+00:00,20.0,22.6,3.3,7.4
2025-10-10 20:00:00+00:00,0.0,0.0,3.8,9.0
2025-10-10 21:00:00+00:00,0.0,0.0,3.4,9.4
2025-10-10 22:00:00+00:00,0.0,0.0,3.4,9.0
2025-10-10 23:00:00+00:00,0.0,0.0,3.5,8.2
2025-10-11 00:00:00+00:00,0.0,0.0,2.6,7.2
2025-10-11 01:00:00+00:00,0.0,0.0,3.1,9.5
2025-10-11 02:00:00+00:00,0.0,0.0,3.6,9.8
2025-10-11 03:00:00+00:00,0.0,0.0,3.3,8.3
2025-10-11 04:00:00+00:00,0.0,0.0,3.9,8.1
2025-10-11 05:00:00+00:00,0.0,0.0,3.6,9.0
2025-10-11 06:00:00+00:00,0.0,0.0,3.6,10.0
2025-10-11 07:00:00+00:00,0.0,0.0,4.0,10.1
2025-10-11 08:00:00+00:00,0.0,0.0,4.3,10.4
2025-10-11 09:00:00+00:00,21.0,45.2,5.2,11.2
2025-10-11 10:00:00+00:00,75.0,60.2,5.6,8.6
2025-10-11 11:00:00+00:00,144.0,101.6,3.6,4.7
2025-10-11 12:00:00+00:00,183.0,45.2,0.2,0.5
2025-10-11 13:00:00+00:00,307.0,244.0,3.1,4.3
2025-10-11 14:00:00+00:00,235.0,68.6,4.3,5.8
2025-10-11 15:00:00+00:00,195.0,33.8,5.5,7.4
2025-10-11 16:00:00+00:00,174.0,38.7,5.0,6.9
2025-10-11 17:00:00+00:00,132.0,55.9,4.1,5.5
2025-10-11 18:00:00+00:00,76.0,38.0,3.1,6.5
2025-10-11 19:00:00+00:00,22.0,46.8,0.9,4.4
2025-10-11 20:00:00+00:00,0.0,0.0,3.1,7.0
2025-10-11 21:00:00+00:00,0.0,0.0,3.8,9.7
2025-10-11 22:00:00+00:00,0.0,0.0,5.0,12.6
2025-10-11 23:00:00+00:00,0.0,0.0,5.2,12.5
2025-10-12 00:00:00+00:00,0.0,0.0,4.6,11.6
2025-10-12 01:00:00+00:00,0.0,0.0,3.9,10.7
2025-10-12 02:00:00+00:00,0.0,0.0,4.1,11.0
2025-10-12 03:00:00+00:00,0.0,0.0,4.5,10.9
2025-10-12 04:00:00+00:00,0.0,0.0,3.1,9.1
2025-10-12 05:00:00+00:00,0.0,0.0,3.6,8.2
2025-10-12 06:00:00+00:00,0.0,0.0,4.0,10.1
2025-10-12 07:00:00+00:00,0.0,0.0,3.5,9.3
2025-10-12 08:00:00+00:00,0.0,0.0,4.3,10.1
2025-10-12 09:00:00+00:00,15.0,0.0,5.9,12.0
2025-10-12 10:00:00+00:00,70.0,37.9,7.0,12.0
2025-10-12 11:00:00+00:00,168.0,170.9,8.4,11.7
2025-10-12 12:00:00+00:00,246.0,173.7,8.7,11.9
2025-10-12 13:00:00+00:00,322.0,242.6,8.2,11.2
2025-10-12 14:00:00+00:00,352.0,244.7,8.7,12.0
2025-10-12 15:00:00+00:00,170.0,28.2,8.7,12.2
2025-10-12 16:00:00+00:00,212.0,119.8,10.0,14.1
2025-10-12 17:00:00+00:00,120.0,17.9,9.0,12.8
2025-10-12 18:00:00+00:00,53.0,48.8,7.3,12.3
2025-10-12 19:00:00+00:00,9.0,0.0,7.5,13.2
2025-10-12 20:00:00+00:00,0.0,0.0,7.4,14.4
2025-10-12 21:00:00+00:00,0.0,0.0,7.4,14.6
2025-10-12 22:00:00+00:00,0.0,0.0,7.4,15.4
2025-10-12 23:00:00+00:00,0.0,0.0,6.9,14.5
2025-10-13 00:00:00+00:00,0.0,0.0,5.5,12.5
2025-10-13 01:00:00+00:00,0.0,0.0,3.8,10.2
2025-10-13 02:00:00+00:00,0.0,0.0,4.5,10.6
2025-10-13 03:00:00+00:00,0.0,0.0,4.7,10.6
2025-10-13 04:00:00+00:00,0.0,0.0,5.6,11.8
2025-10-13 05:00:00+00:00,0.0,0.0,6.7,13.5
2025-10-13 06:00:00+00:00,0.0,0.0,7.0,13.8
2025-10-13 07:00:00+00:00,0.0,0.0,7.7,15.1
2025-10-13 08:00:00+00:00,0.0,0.0,7.1,13.9
2025-10-13 09:00:00+00:00,9.0,0.0,7.8,13.6
2025-10-13 10:00:00+00:00,47.0,4.8,9.1,13.9
2025-10-13 11:00:00+00:00,96.0,12.0,9.4,13.4
2025-10-13 12:00:00+00:00,90.0,4.6,9.3,13.1
2025-10-13 13:00:00+00:00,82.0,0.0,9.0,13.0
2025-10-13 14:00:00+00:00,122.0,3.9,10.4,15.4
2025-10-13 15:00:00+00:00,151.0,32.6,9.4,13.4
2025-10-13 16:00:00+00:00,171.0,49.0,10.2,14.5
2025-10-13 17:00:00+00:00,119.0,15.2,10.5,14.9
2025-10-13 18:00:00+00:00,71.0,40.2,9.3,15.0
2025-10-13 19:00:00+00:00,16.0,12.6,9.5,18.1
2025-10-13 20:00:00+00:00,0.0,0.0,9.5,18.1
2025-10-13 21:00:00+00:00,0.0,0.0,4.4,12.5
2025-10-13 22:00:00+00:00,0.0,0.0,4.0,10.4
2025-10-13 23:00:00+00:00,0.0,0.0,6.5,15.8
2025-10-14 00:00:00+00:00,0.0,0.0,8.0,17.1
2025-10-14 01:00:00+00:00,0.0,0.0,7.4,17.6
2025-10-14 02:00:00+00:00,0.0,0.0,7.3,17.1
2025-10-14 03:00:00+00:00,0.0,0.0,5.9,15.8
2025-10-14 04:00:00+00:00,0.0,0.0,5.0,15.0
2025-10-14 05:00:00+00:00,0.0,0.0,4.9,14.7
2025-10-14 06:00:00+00:00,0.0,0.0,5.6,14.5
2025-10-14 07:00:00+00:00,0.0,0.0,6.5,14.8
2025-10-14 08:00:00+00:00,0.0,0.0,6.2,13.1
2025-10-14 09:00:00+00:00,8.0,0.0,6.2,11.6
2025-10-14 10:00:00+00:00,37.0,0.0,5.4,8.3
2025-10-14 11:00:00+00:00,86.0,0.0,5.6,7.7
2025-10-14 12:00:00+00:00,130.0,32.8,6.1,8.0
2025-10-14 13:00:00+00:00,115.0,2.0,6.0,8.2
2025-10-14 14:00:00+00:00,143.0,11.8,7.6,10.4
2025-10-14 15:00:00+00:00,109.0,0.0,8.2,11.9
2025-10-14 16:00:00+00:00,84.0,0.0,7.6,10.8
2025-10-14 17:00:00+00:00,91.0,21.7,7.2,10.7
2025-10-14 18:00:00+00:00,65.0,62.1,4.3,9.0
2025-10-14 19:00:00+00:00,15.0,39.1,5.5,13.7
2025-10-14 20:00:00+00:00,0.0,0.0,5.6,15.4
2025-10-14 21:00:00+00:00,0.0,0.0,7.6,17.8
2025-10-14 22:00:00+00:00,0.0,0.0,8.3,18.2
2025-10-14 23:00:00+00:00,0.0,0.0,7.3,17.8
2025-10-15 00:00:00+00:00,0.0,0.0,5.8,16.8
2025-10-15 01:00:00+00:00,0.0,0.0,5.4,16.1
2025-10-15 02:00:00+00:00,0.0,0.0,4.9,13.0
2025-10-15 03:00:00+00:00,0.0,0.0,3.7,10.1
2025-10-15 04:00:00+00:00,0.0,0.0,4.0,10.9
2025-10-15 05:00:00+00:00,0.0,0.0,2.3,8.6
2025-10-15 06:00:00+00:00,0.0,0.0,2.4,8.2
2025-10-15 07:00:00+00:00,0.0,0.0,2.3,7.7
2025-10-15 08:00:00+00:00,0.0,0.0,3.0,6.8
2025-10-15 09:00:00+00:00,10.0,0.0,3.1,7.2
2025-10-15 10:00:00+00:00,47.0,15.2,1.7,4.6
2025-10-15 11:00:00+00:00,108.0,24.6,1.5,2.4
2025-10-15 12:00:00+00:00,220.0,189.5,5.1,6.9
2025-10-15 13:00:00+00:00,221.0,109.8,6.1,8.3
2025-10-15 14:00:00+00:00,238.0,79.6,6.9,9.3
2025-10-15 15:00:00+00:00,130.0,0.0,5.8,8.0
2025-10-15 16:00:00+00:00,111.0,4.8,6.9,9.5
2025-10-15 17:00:00+00:00,92.0,28.4,6.5,9.0
2025-10-15 18:00:00+00:00,48.0,10.7,2.2,4.5
2025-10-15 19:00:00+00:00,10.0,0.0,0.4,1.5
2025-10-15 20:00:00+00:00,0.0,0.0,1.6,1.5
2025-10-15 21:00:00+00:00,0.0,0.0,2.9,4.9
2025-10-15 22:00:00+00:00,0.0,0.0,3.1,7.1
2025-10-15 23:00:00+00:00,0.0,0.0,2.8,7.8
2025-10-16 00:00:00+00:00,0.0,0.0,4.6,11.2
2025-10-16 01:00:00+00:00,0.0,0.0,7.9,15.8
2025-10-16 02:00:00+00:00,0.0,0.0,8.0,15.3
2025-10-16 03:00:00+00:00,0.0,0.0,6.2,13.2
2025-10-16 04:00:00+00:00,0.0,0.0,6.1,11.9
2025-10-16 05:00:00+00:00,0.0,0.0,4.1,11.3
2025-10-16 06:00:00+00:00,0.0,0.0,4.4,12.1
2025-10-16 07:00:00+00:00,0.0,0.0,3.0,11.3
2025-10-16 08:00:00+00:00,0.0,0.0,2.2,9.0
2025-10-16 09:00:00+00:00,21.0,78.2,3.1,9.3
2025-10-16 10:00:00+00:00,68.0,36.4,1.5,6.7
2025-10-16 11:00:00+00:00,118.0,18.8,2.1,4.2
2025-10-16 12:00:00+00:00,260.0,201.4,4.6,6.5
2025-10-16 13:00:00+00:00,333.0,341.3,6.7,9.1
2025-10-16 14:00:00+00:00,226.0,142.8,5.6,7.7
2025-10-16 15:00:00+00:00,194.0,56.9,8.7,12.2
2025-10-16 16:00:00+00:00,169.0,70.5,9.3,13.6
2025-10-16 17:00:00+00:00,107.0,19.3,8.8,13.0
2025-10-16 18:00:00+00:00,63.0,38.5,6.0,11.7
2025-10-16 19:00:00+00:00,16.0,56.4,4.9,13.4
2025-10-16 20:00:00+00:00,0.0,0.0,6.0,15.4
2025-10-16 21:00:00+00:00,0.0,0.0,5.6,14.6
2025-10-16 22:00:00+00:00,0.0,0.0,5.1,14.6
2025-10-16 23:00:00+00:00,0.0,0.0,5.2,15.0
2025-10-17 00:00:00+00:00,0.0,0.0,4.4,13.2
2025-10-17 01:00:00+00:00,0.0,0.0,4.9,14.0
2025-10-17 02:00:00+00:00,0.0,0.0,4.8,14.1
2025-10-17 03:00:00+00:00,0.0,0.0,3.9,12.3
2025-10-17 04:00:00+00:00,0.0,0.0,2.9,11.0
2025-10-17 05:00:00+00:00,0.0,0.0,3.1,10.7
2025-10-17 06:00:00+00:00,0.0,0.0,2.8,10.2
2025-10-17 07:00:00+00:00,0.0,0.0,3.0,10.3
2025-10-17 08:00:00+00:00,0.0,0.0,4.6,11.9
2025-10-17 09:00:00+00:00,14.0,13.5,4.2,10.5
2025-10-17 10:00:00+00:00,47.0,0.0,2.4,8.3
2025-10-17 11:00:00+00:00,88.0,22.2,3.4,5.3
2025-10-17 12:00:00+00:00,133.0,2.4,2.4,3.3
2025-10-17 13:00:00+00:00,236.0,209.7,3.7,4.8
2025-10-17 14:00:00+00:00,168.0,57.0,3.3,4.4
2025-10-17 15:00:00+00:00,95.0,0.0,2.1,2.7
2025-10-17 16:00:00+00:00,110.0,17.3,4.0,5.4
2025-10-17 17:00:00+00:00,100.0,19.6,5.8,8.1
2025-10-17 18:00:00+00:00,31.0,0.0,5.3,8.7
2025-10-17 19:00:00+00:00,6.0,0.0,3.4,8.2
2025-10-17 20:00:00+00:00,0.0,0.0,2.9,7.5
2025-10-17 21:00:00+00:00,0.0,0.0,2.9,8.5
2025-10-17 22:00:00+00:00,0.0,0.0,1.9,8.1
2025-10-17 23:00:00+00:00,0.0,0.0,1.9,7.8
2025-10-18 00:00:00+00:00,0.0,0.0,3.1,9.4
2025-10-18 01:00:00+00:00,0.0,0.0,2.3,9.4
2025-10-18 02:00:00+00:00,0.0,0.0,2.9,9.5
2025-10-18 03:00:00+00:00,0.0,0.0,2.3,8.8
2025-10-18 04:00:00+00:00,0.0,0.0,2.8,9.1
2025-10-18 05:00:00+00:00,0.0,0.0,3.2,9.4
2025-10-18 06:00:00+00:00,0.0,0.0,4.5,12.9
2025-10-18 07:00:00+00:00,0.0,0.0,6.0,15.2
2025-10-18 08:00:00+00:00,0.0,0.0,6.9,16.2
2025-10-18 09:00:00+00:00,11.0,13.9,7.4,13.6
2025-10-18 10:00:00+00:00,83.0,92.9,9.2,13.8
2025-10-18 11:00:00+00:00,171.0,174.3,9.7,13.6
2025-10-18 12:00:00+00:00,245.0,245.9,10.9,15.4
2025-10-18 13:00:00+00:00,308.0,364.2,10.8,15.3
2025-10-18 14:00:00+00:00,439.0,691.3,11.4,15.7
2025-10-18 15:00:00+00:00,331.0,395.1,11.2,15.8
2025-10-18 16:00:00+00:00,205.0,125.1,10.5,14.8
2025-10-18 17:00:00+00:00,126.0,3.3,11.2,16.0
2025-10-18 18:00:00+00:00,74.0,17.6,9.4,16.2
2025-10-18 19:00:00+00:00,11.0,0.0,7.1,18.0
2025-10-18 20:00:00+00:00,0.0,0.0,9.5,21.9
2025-10-18 21:00:00+00:00,0.0,0.0,10.3,22.8
2025-10-18 22:00:00+00:00,0.0,0.0,9.5,21.9
2025-10-18 23:00:00+00:00,0.0,0.0,8.0,19.8
2025-10-19 00:00:00+00:00,0.0,0.0,9.0,21.1
2025-10-19 01:00:00+00:00,0.0,0.0,9.3,21.6
2025-10-19 02:00:00+00:00,0.0,0.0,8.2,20.0
2025-10-19 03:00:00+00:00,0.0,0.0,7.6,18.8
2025-10-19 04:00:00+00:00,0.0,0.0,8.1,19.6
2025-10-19 05:00:00+00:00,0.0,0.0,8.6,20.2
2025-10-19 06:00:00+00:00,0.0,0.0,8.8,20.4
2025-10-19 07:00:00+00:00,0.0,0.0,8.1,20.2
2025-10-19 08:00:00+00:00,0.0,0.0,6.7,17.4
2025-10-19 09:00:00+00:00,10.0,0.0,9.4,20.1
2025-10-19 10:00:00+00:00,57.0,11.2,10.1,22.4
2025-10-19 11:00:00+00:00,121.0,26.2,8.6,19.9
2025-10-19 12:00:00+00:00,306.0,388.6,9.9,15.5
2025-10-19 13:00:00+00:00,417.0,654.5,10.7,15.9
2025-10-19 14:00:00+00:00,467.0,817.8,10.8,15.4
2025-10-19 15:00:00+00:00,441.0,802.1,12.6,18.6
2025-10-19 16:00:00+00:00,332.0,530.4,15.5,23.3
2025-10-19 17:00:00+00:00,75.0,0.0,15.4,25.9
2025-10-19 18:00:00+00:00,13.0,0.0,14.0,25.7
2025-10-19 19:00:00+00:00,2.0,0.0,13.3,25.2
2025-10-19 20:00:00+00:00,0.0,0.0,14.9,28.8
2025-10-19 21:00:00+00:00,0.0,0.0,15.4,29.7
2025-10-19 22:00:00+00:00,0.0,0.0,17.0,31.5
2025-10-19 23:00:00+00:00,0.0,0.0,17.3,32.1
2025-10-20 00:00:00+00:00,0.0,0.0,18.9,34.5
2025-10-20 01:00:00+00:00,0.0,0.0,19.5,36.2
2025-10-20 02:00:00+00:00,0.0,0.0,17.5,32.8
2025-10-20 03:00:00+00:00,0.0,0.0,16.0,31.0
2025-10-20 04:00:00+00:00,0.0,0.0,18.6,34.2
2025-10-20 05:00:00+00:00,0.0,0.0,18.2,32.6
2025-10-20 06:00:00+00:00,0.0,0.0,16.9,31.1
2025-10-20 07:00:00+00:00,0.0,0.0,16.4,29.2
2025-10-20 08:00:00+00:00,0.0,0.0,14.1,27.4
2025-10-20 09:00:00+00:00,15.0,29.8,15.5,28.1
2025-10-20 10:00:00+00:00,63.0,0.0,16.1,27.1
2025-10-20 11:00:00+00:00,205.0,350.1,20.5,30.4
2025-10-20 12:00:00+00:00,252.0,224.6,19.7,29.7
2025-10-20 13:00:00+00:00,365.0,554.8,21.9,33.0
2025-10-20 14:00:00+00:00,386.0,606.3,22.3,34.0
2025-10-20 15:00:00+00:00,318.0,400.5,24.3,37.3
2025-10-20 16:00:00+00:00,207.0,187.9,17.7,30.5
2025-10-20 17:00:00+00:00,178.0,336.0,19.9,33.0
2025-10-20 18:00:00+00:00,88.0,231.8,20.1,34.4
2025-10-20 19:00:00+00:00,5.0,0.0,19.1,33.5
2025-10-20 20:00:00+00:00,0.0,0.0,20.0,36.7
2025-10-20 21:00:00+00:00,0.0,0.0,21.3,37.0
2025-10-20 22:00:00+00:00,0.0,0.0,20.0,35.5
2025-10-20 23:00:00+00:00,0.0,0.0,22.4,39.0
2025-10-21 00:00:00+00:00,0.0,0.0,22.2,38.4
2025-10-21 01:00:00+00:00,0.0,0.0,23.5,40.1
2025-10-21 02:00:00+00:00,0.0,0.0,24.8,42.8
2025-10-21 03:00:00+00:00,0.0,0.0,25.2,42.7
2025-10-21 04:00:00+00:00,0.0,0.0,27.7,45.9
2025-10-21 05:00:00+00:00,0.0,0.0,28.0,45.8
2025-10-21 06:00:00+00:00,0.0,0.0,24.6,40.7
2025-10-21 07:00:00+00:00,0.0,0.0,25.2,40.2
2025-10-21 08:00:00+00:00,0.0,0.0,22.0,37.0
2025-10-21 09:00:00+00:00,14.0,61.9,20.5,34.5
2025-10-21 10:00:00+00:00,53.0,35.6,23.4,37.5
2025-10-21 11:00:00+00:00,90.0,54.3,20.5,32.6
2025-10-21 12:00:00+00:00,145.0,74.2,22.2,34.4
2025-10-21 13:00:00+00:00,144.0,26.6,21.6,34.5
2025-10-21 14:00:00+00:00,222.0,159.7,21.4,34.1
2025-10-21 15:00:00+00:00,219.0,121.0,21.7,33.4
2025-10-21 16:00:00+00:00,214.0,188.1,19.0,30.2
2025-10-21 17:00:00+00:00,173.0,201.4,18.4,30.7
2025-10-21 18:00:00+00:00,74.0,149.3,13.6,24.9
2025-10-21 19:00:00+00:00,8.0,0.0,13.3,25.9
2025-10-21 20:00:00+00:00,0.0,0.0,12.7,24.4
2025-10-21 21:00:00+00:00,0.0,0.0,14.0,26.6
2025-10-21 22:00:00+00:00,0.0,0.0,16.9,31.2
2025-10-21 23:00:00+00:00,0.0,0.0,16.2,29.7
2025-10-22 00:00:00+00:00,0.0,0.0,15.3,28.4
2025-10-22 01:00:00+00:00,0.0,0.0,14.1,27.3
2025-10-22 02:00:00+00:00,0.0,0.0,12.9,25.3
2025-10-22 03:00:00+00:00,0.0,0.0,13.3,25.7
2025-10-22 04:00:00+00:00,0.0,0.0,13.8,25.7
2025-10-22 05:00:00+00:00,0.0,0.0,13.6,25.3
2025-10-22 06:00:00+00:00,0.0,0.0,12.4,23.6
2025-10-22 07:00:00+00:00,0.0,0.0,11.1,21.7
2025-10-22 08:00:00+00:00,0.0,0.0,9.6,20.5
2025-10-22 09:00:00+00:00,10.0,32.1,9.5,19.4
2025-10-22 10:00:00+00:00,80.0,152.6,10.6,16.8
2025-10-22 11:00:00+00:00,148.0,117.3,11.5,17.5
2025-10-22 12:00:00+00:00,174.0,46.6,9.6,14.1
2025-10-22 13:00:00+00:00,254.0,143.7,9.3,13.2
2025-10-22 14:00:00+00:00,293.0,202.6,11.9,16.9
2025-10-22 15:00:00+00:00,274.0,304.0,10.2,14.7
2025-10-22 16:00:00+00:00,235.0,283.7,9.6,13.8
2025-10-22 17:00:00+00:00,199.0,486.4,8.6,12.8
2025-10-22 18:00:00+00:00,95.0,356.6,5.3,13.3
2025-10-22 19:00:00+00:00,9.0,55.7,5.5,13.9
2025-10-22 20:00:00+00:00,0.0,0.0,6.1,16.8
2025-10-22 21:00:00+00:00,0.0,0.0,7.3,18.7
2025-10-22 22:00:00+00:00,0.0,0.0,9.0,21.6
2025-10-22 23:00:00+00:00,0.0,0.0,13.0,26.5
2025-10-23 00:00:00+00:00,0.0,0.0,17.1,32.5
2025-10-23 01:00:00+00:00,0.0,0.0,21.2,38.1
2025-10-23 02:00:00+00:00,0.0,0.0,21.4,37.3
2025-10-23 03:00:00+00:00,0.0,0.0,20.7,36.9
2025-10-23 04:00:00+00:00,0.0,0.0,24.6,42.4
2025-10-23 05:00:00+00:00,0.0,0.0,23.9,41.2
2025-10-23 06:00:00+00:00,0.0,0.0,26.7,44.7
2025-10-23 07:00:00+00:00,0.0,0.0,26.2,43.9
2025-10-23 08:00:00+00:00,0.0,0.0,25.8,44.7
2025-10-23 09:00:00+00:00,12.0,83.5,28.3,48.1
2025-10-23 10:00:00+00:00,117.0,477.7,28.9,48.2
2025-10-23 11:00:00+00:00,130.0,186.0,29.4,48.7
2025-10-23 12:00:00+00:00,51.0,0.0,32.6,56.6
2025-10-23 13:00:00+00:00,47.0,0.0,31.9,55.5
2025-10-23 14:00:00+00:00,165.0,52.3,24.2,41.1
2025-10-23 15:00:00+00:00,122.0,34.5,26.1,42.6
2025-10-23 16:00:00+00:00,69.0,0.0,37.6,60.7
2025-10-23 17:00:00+00:00,23.0,0.0,36.4,58.8
2025-10-23 18:00:00+00:00,12.0,0.0,34.4,54.9
2025-10-23 19:00:00+00:00,1.0,0.0,29.2,47.5
2025-10-23 20:00:00+00:00,0.0,0.0,26.3,44.4
2025-10-23 21:00:00+00:00,0.0,0.0,26.7,43.7
2025-10-23 22:00:00+00:00,0.0,0.0,24.9,42.1
2025-10-23 23:00:00+00:00,0.0,0.0,21.5,37.3
2025-10-24 00:00:00+00:00,0.0,0.0,21.4,37.4
2025-10-24 01:00:00+00:00,0.0,0.0,21.0,36.2
2025-10-24 02:00:00+00:00,0.0,0.0,22.7,38.6
2025-10-24 03:00:00+00:00,0.0,0.0,25.0,41.0
2025-10-24 04:00:00+00:00,0.0,0.0,24.8,41.1
2025-10-24 05:00:00+00:00,0.0,0.0,24.2,40.8
2025-10-24 06:00:00+00:00,0.0,0.0,23.9,40.8
2025-10-24 07:00:00+00:00,0.0,0.0,21.2,36.3
2025-10-24 08:00:00+00:00,0.0,0.0,20.3,35.9
2025-10-24 09:00:00+00:00,12.0,87.0,20.9,35.4
2025-10-24 10:00:00+00:00,111.0,440.6,27.7,42.0
2025-10-24 11:00:00+00:00,238.0,628.7,23.1,36.6
2025-10-24 12:00:00+00:00,346.0,729.6,24.9,38.6
2025-10-24 13:00:00+00:00,388.0,704.1,28.0,42.8
2025-10-24 14:00:00+00:00,306.0,443.6,18.9,29.3
2025-10-24 15:00:00+00:00,139.0,48.9,22.7,37.0
2025-10-24 16:00:00+00:00,164.0,161.2,20.6,33.4
2025-10-24 17:00:00+00:00,174.0,318.9,20.9,33.9
2025-10-24 18:00:00+00:00,83.0,297.4,21.6,37.2
2025-10-24 19:00:00+00:00,5.0,19.1,21.7,36.9
2025-10-24 20:00:00+00:00,0.0,0.0,22.5,39.0
2025-10-24 21:00:00+00:00,0.0,0.0,22.8,39.6
2025-10-24 22:00:00+00:00,0.0,0.0,23.2,40.6
2025-10-24 23:00:00+00:00,0.0,0.0,22.4,39.3
2025-10-25 00:00:00+00:00,0.0,0.0,21.8,38.3
2025-10-25 01:00:00+00:00,0.0,0.0,21.4,37.9
2025-10-25 02:00:00+00:00,0.0,0.0,20.5,36.3
2025-10-25 03:00:00+00:00,0.0,0.0,21.7,38.5
2025-10-25 04:00:00+00:00,0.0,0.0,23.1,40.0
2025-10-25 05:00:00+00:00,0.0,0.0,23.4,40.6
2025-10-25 06:00:00+00:00,0.0,0.0,24.1,40.7
2025-10-25 07:00:00+00:00,0.0,0.0,23.0,38.8
2025-10-25 08:00:00+00:00,0.0,0.0,19.8,34.2
2025-10-25 09:00:00+00:00,7.0,18.2,22.5,38.3
2025-10-25 10:00:00+00:00,36.0,0.0,23.2,38.4
2025-10-25 11:00:00+00:00,41.0,0.0,26.2,43.1
2025-10-25 12:00:00+00:00,58.0,0.0,25.2,42.1
2025-10-25 13:00:00+00:00,45.0,0.0,22.7,38.6
2025-10-25 14:00:00+00:00,28.0,0.0,22.6,37.4
2025-10-25 15:00:00+00:00,66.0,0.0,21.1,34.7
2025-10-25 16:00:00+00:00,87.0,8.3,18.2,30.1
2025-10-25 17:00:00+00:00,118.0,88.1,16.4,27.4
2025-10-25 18:00:00+00:00,56.0,150.9,15.2,26.8
2025-10-25 19:00:00+00:00,4.0,19.1,13.1,25.2
2025-10-25 20:00:00+00:00,0.0,0.0,11.6,23.1
2025-10-25 21:00:00+00:00,0.0,0.0,12.5,22.0
2025-10-25 22:00:00+00:00,0.0,0.0,14.7,24.9
2025-10-25 23:00:00+00:00,0.0,0.0,12.9,24.2
2025-10-26 00:00:00+00:00,0.0,0.0,14.3,27.0
2025-10-26 01:00:00+00:00,0.0,0.0,15.0,27.8
2025-10-26 02:00:00+00:00,0.0,0.0,14.5,27.8
2025-10-26 03:00:00+00:00,0.0,0.0,15.4,29.8
2025-10-26 04:00:00+00:00,0.0,0.0,16.5,31.4
2025-10-26 05:00:00+00:00,0.0,0.0,17.4,32.0
2025-10-26 06:00:00+00:00,0.0,0.0,17.9,33.0
2025-10-26 07:00:00+00:00,0.0,0.0,18.2,33.8
2025-10-26 08:00:00+00:00,0.0,0.0,19.6,35.4
2025-10-26 09:00:00+00:00,8.0,38.0,19.2,34.3
2025-10-26 10:00:00+00:00,63.0,96.6,19.0,32.1
2025-10-26 11:00:00+00:00,186.0,329.6,17.0,26.9
2025-10-26 12:00:00+00:00,234.0,246.4,25.1,38.1
2025-10-26 13:00:00+00:00,283.0,346.7,21.8,33.3
2025-10-26 14:00:00+00:00,390.0,644.4,23.3,35.3
2025-10-26 15:00:00+00:00,325.0,513.3,22.3,34.2
2025-10-26 16:00:00+00:00,290.0,602.4,22.9,35.1
2025-10-26 17:00:00+00:00,175.0,414.4,20.3,33.4
2025-10-26 18:00:00+00:00,74.0,204.2,17.7,31.1
2025-10-26 19:00:00+00:00,3.0,0.0,17.6,30.7
2025-10-26 20:00:00+00:00,0.0,0.0,18.1,31.3
2025-10-26 21:00:00+00:00,0.0,0.0,19.1,33.1
2025-10-26 22:00:00+00:00,0.0,0.0,19.2,33.8
2025-10-26 23:00:00+00:00,0.0,0.0,19.8,34.9
2025-10-27 00:00:00+00:00,0.0,0.0,21.2,37.0
2025-10-27 01:00:00+00:00,0.0,0.0,23.5,40.1
2025-10-27 02:00:00+00:00,0.0,0.0,25.1,42.3
2025-10-27 03:00:00+00:00,0.0,0.0,23.9,40.6
2025-10-27 04:00:00+00:00,0.0,0.0,24.3,41.7
2025-10-27 05:00:00+00:00,0.0,0.0,23.1,39.8
2025-10-27 06:00:00+00:00,0.0,0.0,24.1,41.6
2025-10-27 07:00:00+00:00,0.0,0.0,23.5,40.9
2025-10-27 08:00:00+00:00,0.0,0.0,22.7,40.4
2025-10-27 09:00:00+00:00,7.0,38.2,23.1,39.8
2025-10-27 10:00:00+00:00,60.0,178.3,23.7,39.8
2025-10-27 11:00:00+00:00,157.0,282.9,22.0,35.1
2025-10-27 12:00:00+00:00,248.0,397.0,25.9,41.1
2025-10-27 13:00:00+00:00,309.0,472.8,24.5,38.9
2025-10-27 14:00:00+00:00,227.0,238.0,26.3,41.4
2025-10-27 15:00:00+00:00,129.0,0.0,25.7,41.3
2025-10-27 16:00:00+00:00,171.0,160.1,20.8,34.9
2025-10-27 17:00:00+00:00,155.0,359.2,21.3,35.6
2025-10-27 18:00:00+00:00,62.0,261.8,16.3,29.9
2025-10-27 19:00:00+00:00,4.0,19.1,13.0,26.3
2025-10-27 20:00:00+00:00,0.0,0.0,12.3,24.9
2025-10-27 21:00:00+00:00,0.0,0.0,12.5,26.4
2025-10-27 22:00:00+00:00,0.0,0.0,14.6,28.7
2025-10-27 23:00:00+00:00,0.0,0.0,15.1,28.9
2025-10-28 00:00:00+00:00,0.0,0.0,13.3,27.0
2025-10-28 01:00:00+00:00,0.0,0.0,14.2,29.3
2025-10-28 02:00:00+00:00,0.0,0.0,14.1,28.6
2025-10-28 03:00:00+00:00,0.0,0.0,15.1,28.5
2025-10-28 04:00:00+00:00,0.0,0.0,17.2,31.4
2025-10-28 05:00:00+00:00,0.0,0.0,20.1,35.7
2025-10-28 06:00:00+00:00,0.0,0.0,19.5,34.5
2025-10-28 07:00:00+00:00,0.0,0.0,19.9,35.8
2025-10-28 08:00:00+00:00,0.0,0.0,25.2,42.8
2025-10-28 09:00:00+00:00,5.0,19.1,24.2,41.1
2025-10-28 10:00:00+00:00,28.0,0.0,23.1,39.2
2025-10-28 11:00:00+00:00,77.0,7.7,23.0,38.2
2025-10-28 12:00:00+00:00,108.0,8.4,21.4,35.6
2025-10-28 13:00:00+00:00,215.0,166.8,21.8,34.7
2025-10-28 14:00:00+00:00,268.0,275.7,22.0,35.1
2025-10-28 15:00:00+00:00,202.0,281.8,20.4,32.6
2025-10-28 16:00:00+00:00,130.0,130.6,16.3,27.4
2025-10-28 17:00:00+00:00,83.0,61.1,16.6,28.6
2025-10-28 18:00:00+00:00,54.0,136.5,13.8,25.7
2025-10-28 19:00:00+00:00,2.0,0.0,15.1,28.7
2025-10-28 20:00:00+00:00,0.0,0.0,14.9,28.1
2025-10-28 21:00:00+00:00,0.0,0.0,14.4,28.8
2025-10-28 22:00:00+00:00,0.0,0.0,14.6,29.2
2025-10-28 23:00:00+00:00,0.0,0.0,14.8,29.8
2025-10-29 00:00:00+00:00,0.0,0.0,16.2,31.7
2025-10-29 01:00:00+00:00,0.0,0.0,17.8,33.1
2025-10-29 02:00:00+00:00,0.0,0.0,16.2,30.7
2025-10-29 03:00:00+00:00,0.0,0.0,16.4,30.2
2025-10-29 04:00:00+00:00,0.0,0.0,16.4,30.9
2025-10-29 05:00:00+00:00,0.0,0.0,15.8,29.6
2025-10-29 06:00:00+00:00,0.0,0.0,15.2,28.4
2025-10-29 07:00:00+00:00,0.0,0.0,14.3,28.2
2025-10-29 08:00:00+00:00,0.0,0.0,13.7,27.8
2025-10-29 09:00:00+00:00,6.0,19.1,14.8,29.3
2025-10-29 10:00:00+00:00,61.0,129.9,17.3,25.9
2025-10-29 11:00:00+00:00,91.0,0.0,17.5,26.6
2025-10-29 12:00:00+00:00,152.0,28.6,16.1,24.1
2025-10-29 13:00:00+00:00,228.0,83.3,12.9,19.2
2025-10-29 14:00:00+00:00,207.0,49.2,16.6,24.4
2025-10-29 15:00:00+00:00,190.0,64.5,11.3,17.4
2025-10-29 16:00:00+00:00,129.0,14.7,7.9,12.8
2025-10-29 17:00:00+00:00,82.0,8.3,7.2,15.1
2025-10-29 18:00:00+00:00,30.0,0.0,4.6,13.3
2025-10-29 19:00:00+00:00,1.0,0.0,5.9,16.6
2025-10-29 20:00:00+00:00,0.0,0.0,8.6,19.9
2025-10-29 21:00:00+00:00,0.0,0.0,11.4,24.5
2025-10-29 22:00:00+00:00,0.0,0.0,11.6,24.3
2025-10-29 23:00:00+00:00,0.0,0.0,14.2,26.9
2025-10-30 00:00:00+00:00,0.0,0.0,13.2,25.0
2025-10-30 01:00:00+00:00,0.0,0.0,15.7,28.1
2025-10-30 02:00:00+00:00,0.0,0.0,21.4,36.2
2025-10-30 03:00:00+00:00,0.0,0.0,18.6,31.3
2025-10-30 04:00:00+00:00,0.0,0.0,18.9,32.8
2025-10-30 05:00:00+00:00,0.0,0.0,16.5,30.5
2025-10-30 06:00:00+00:00,0.0,0.0,17.0,31.1
2025-10-30 07:00:00+00:00,0.0,0.0,16.2,30.5
2025-10-30 08:00:00+00:00,0.0,0.0,15.4,29.2
2025-10-30 09:00:00+00:00,5.0,38.2,15.3,29.3
2025-10-30 10:00:00+00:00,89.0,419.9,16.0,29.6
2025-10-30 11:00:00+00:00,215.0,638.6,13.4,22.5
2025-10-30 12:00:00+00:00,321.0,747.7,13.2,19.9
2025-10-30 13:00:00+00:00,381.0,756.3,16.0,23.6
2025-10-30 14:00:00+00:00,400.0,764.4,15.7,22.9
2025-10-30 15:00:00+00:00,347.0,621.0,17.0,25.4
2025-10-30 16:00:00+00:00,185.0,221.4,11.9,18.5
2025-10-30 17:00:00+00:00,129.0,187.0,8.2,14.9
2025-10-30 18:00:00+00:00,46.0,65.2,5.8,15.5
2025-10-30 19:00:00+00:00,2.0,0.0,8.1,21.1
2025-10-30 20:00:00+00:00,0.0,0.0,9.8,22.5
2025-10-30 21:00:00+00:00,0.0,0.0,9.0,22.1
2025-10-30 22:00:00+00:00,0.0,0.0,7.7,21.3
2025-10-30 23:00:00+00:00,0.0,0.0,9.4,23.2
2025-10-31 00:00:00+00:00,0.0,0.0,10.4,24.8
2025-10-31 01:00:00+00:00,0.0,0.0,11.7,26.3
2025-10-31 02:00:00+00:00,0.0,0.0,11.8,25.5
2025-10-31 03:00:00+00:00,0.0,0.0,11.7,25.3
2025-10-31 04:00:00+00:00,0.0,0.0,10.9,25.0
2025-10-31 05:00:00+00:00,0.0,0.0,10.6,24.4
2025-10-31 06:00:00+00:00,0.0,0.0,12.6,27.2
2025-10-31 07:00:00+00:00,0.0,0.0,13.1,27.6
2025-10-31 08:00:00+00:00,0.0,0.0,12.3,26.3
2025-10-31 09:00:00+00:00,3.0,0.0,12.6,26.5
2025-10-31 10:00:00+00:00,49.0,32.9,13.5,26.5
2025-10-31 11:00:00+00:00,118.0,69.2,11.9,28.9
2025-10-31 12:00:00+00:00,192.0,132.3,12.6,22.9
2025-10-31 13:00:00+00:00,228.0,123.0,10.8,19.1
2025-10-31 14:00:00+00:00,307.0,331.6,9.2,15.1
2025-10-31 15:00:00+00:00,310.0,486.5,11.2,16.9
2025-10-31 16:00:00+00:00,239.0,370.5,12.0,18.7
2025-10-31 17:00:00+00:00,80.0,17.4,13.2,25.0
2025-10-31 18:00:00+00:00,17.0,0.0,14.4,27.8
2025-10-31 19:00:00+00:00,1.0,0.0,15.0,29.0
2025-10-31 20:00:00+00:00,0.0,0.0,15.4,29.6
2025-10-31 21:00:00+00:00,0.0,0.0,16.3,32.7
2025-10-31 22:00:00+00:00,0.0,0.0,17.2,34.1
2025-10-31 23:00:00+00:00,0.0,0.0,17.0,34.0
2025-11-01 00:00:00+00:00,0.0,0.0,17.4,34.6
2025-11-01 01:00:00+00:00,0.0,0.0,17.0,34.1
2025-11-01 02:00:00+00:00,0.0,0.0,16.1,32.8
2025-11-01 03:00:00+00:00,0.0,0.0,15.4,31.6
2025-11-01 04:00:00+00:00,0.0,0.0,15.7,32.0
2025-11-01 05:00:00+00:00,0.0,0.0,16.6,33.0
2025-11-01 06:00:00+00:00,0.0,0.0,18.8,36.0
2025-11-01 07:00:00+00:00,0.0,0.0,19.6,36.6
2025-11-01 08:00:00+00:00,0.0,0.0,19.0,35.6
2025-11-01 09:00:00+00:00,2.0,0.0,22.6,39.9
2025-11-01 10:00:00+00:00,13.0,0.0,23.7,41.0
2025-11-01 11:00:00+00:00,26.0,0.0,22.5,38.6
2025-11-01 12:00:00+00:00,34.0,0.0,20.0,33.8
2025-11-01 13:00:00+00:00,69.0,7.6,17.0,30.0
2025-11-01 14:00:00+00:00,44.0,0.0,14.8,26.4
2025-11-01 15:00:00+00:00,45.0,0.0,17.4,30.0
2025-11-01 16:00:00+00:00,69.0,0.0,16.9,29.5
2025-11-01 17:00:00+00:00,58.0,66.5,16.3,28.8
2025-11-01 18:00:00+00:00,37.0,140.7,14.6,27.3
2025-11-01 19:00:00+00:00,1.0,0.0,13.8,27.6
2025-11-01 20:00:00+00:00,0.0,0.0,15.3,29.5
2025-11-01 21:00:00+00:00,0.0,0.0,14.3,28.7
2025-11-01 22:00:00+00:00,0.0,0.0,15.0,29.9
2025-11-01 23:00:00+00:00,0.0,0.0,16.5,32.4
2025-11-02 00:00:00+00:00,0.0,0.0,18.3,34.6
2025-11-02 01:00:00+00:00,0.0,0.0,17.0,32.4
2025-11-02 02:00:00+00:00,0.0,0.0,17.5,32.0
2025-11-02 03:00:00+00:00,0.0,0.0,18.1,31.9
2025-11-02 04:00:00+00:00,0.0,0.0,16.6,29.8
2025-11-02 05:00:00+00:00,0.0,0.0,14.4,27.1
2025-11-02 06:00:00+00:00,0.0,0.0,15.0,27.6
2025-11-02 07:00:00+00:00,0.0,0.0,15.0,27.3
2025-11-02 08:00:00+00:00,0.0,0.0,13.4,25.3
2025-11-02 09:00:00+00:00,2.0,0.0,12.7,24.0
2025-11-02 10:00:00+00:00,53.0,53.3,13.7,24.0
2025-11-02 11:00:00+00:00,110.0,29.6,11.5,20.8
2025-11-02 12:00:00+00:00,206.0,178.6,16.8,26.1
2025-11-02 13:00:00+00:00,351.0,705.5,18.4,28.3
2025-11-02 14:00:00+00:00,303.0,445.6,21.8,33.1
2025-11-02 15:00:00+00:00,190.0,141.1,18.3,30.3
2025-11-02 16:00:00+00:00,239.0,488.3,19.3,31.5
2025-11-02 17:00:00+00:00,124.0,285.2,19.1,31.7
2025-11-02 18:00:00+00:00,44.0,195.8,15.2,27.6
2025-11-02 19:00:00+00:00,0.0,0.0,15.0,27.9
2025-11-02 20:00:00+00:00,0.0,0.0,13.3,25.8
2025-11-02 21:00:00+00:00,0.0,0.0,13.8,27.3
2025-11-02 22:00:00+00:00,0.0,0.0,13.6,27.8
2025-11-02 23:00:00+00:00,0.0,0.0,11.8,26.0
2025-11-03 00:00:00+00:00,0.0,0.0,12.5,27.1
2025-11-03 01:00:00+00:00,0.0,0.0,13.0,27.9
2025-11-03 02:00:00+00:00,0.0,0.0,12.0,26.2
2025-11-03 03:00:00+00:00,0.0,0.0,12.3,26.6
2025-11-03 04:00:00+00:00,0.0,0.0,12.9,27.4
2025-11-03 05:00:00+00:00,0.0,0.0,12.8,27.8
2025-11-03 06:00:00+00:00,0.0,0.0,13.3,28.4
2025-11-03 07:00:00+00:00,0.0,0.0,13.6,29.3
2025-11-03 08:00:00+00:00,0.0,0.0,15.3,31.1
2025-11-03 09:00:00+00:00,2.0,0.0,17.1,32.9
2025-11-03 10:00:00+00:00,58.0,175.7,17.8,32.2
2025-11-03 11:00:00+00:00,159.0,336.6,16.2,26.9
2025-11-03 12:00:00+00:00,176.0,82.9,23.9,35.9
2025-11-03 13:00:00+00:00,176.0,52.1,21.6,33.5
2025-11-03 14:00:00+00:00,167.0,54.8,22.4,34.4
2025-11-03 15:00:00+00:00,161.0,71.5,24.3,37.2
2025-11-03 16:00:00+00:00,139.0,69.9,24.0,36.6
2025-11-03 17:00:00+00:00,55.0,9.2,18.7,31.6
2025-11-03 18:00:00+00:00,16.0,0.0,18.5,32.3
2025-11-03 19:00:00+00:00,0.0,0.0,17.0,31.3
2025-11-03 20:00:00+00:00,0.0,0.0,17.4,32.8
2025-11-03 21:00:00+00:00,0.0,0.0,17.3,33.0
2025-11-03 22:00:00+00:00,0.0,0.0,18.0,33.1
2025-11-03 23:00:00+00:00,0.0,0.0,18.0,32.7
2025-11-04 00:00:00+00:00,0.0,0.0,18.0,34.0
2025-11-04 01:00:00+00:00,0.0,0.0,19.0,35.5
2025-11-04 02:00:00+00:00,0.0,0.0,16.8,32.1
2025-11-04 03:00:00+00:00,0.0,0.0,16.9,31.5
2025-11-04 04:00:00+00:00,0.0,0.0,16.1,30.6
2025-11-04 05:00:00+00:00,0.0,0.0,15.3,30.3
2025-11-04 06:00:00+00:00,0.0,0.0,15.1,29.9
2025-11-04 07:00:00+00:00,0.0,0.0,14.7,29.2
2025-11-04 08:00:00+00:00,0.0,0.0,14.6,28.8
2025-11-04 09:00:00+00:00,2.0,0.0,13.8,27.3
2025-11-04 10:00:00+00:00,63.0,279.8,14.1,25.7
2025-11-04 11:00:00+00:00,164.0,387.5,13.2,22.1
2025-11-04 12:00:00+00:00,219.0,311.6,14.1,22.6
2025-11-04 13:00:00+00:00,314.0,559.8,14.8,22.8
2025-11-04 14:00:00+00:00,368.0,731.4,14.3,22.0
2025-11-04 15:00:00+00:00,340.0,710.3,14.7,22.6
2025-11-04 16:00:00+00:00,264.0,590.1,13.5,23.0
2025-11-04 17:00:00+00:00,146.0,321.1,15.6,29.5
2025-11-04 18:00:00+00:00,36.0,75.9,16.4,32.0
2025-11-04 19:00:00+00:00,0.0,0.0,17.5,34.6
2025-11-04 20:00:00+00:00,0.0,0.0,17.0,34.4
2025-11-04 21:00:00+00:00,0.0,0.0,17.5,34.4
2025-11-04 22:00:00+00:00,0.0,0.0,17.6,34.6
2025-11-04 23:00:00+00:00,0.0,0.0,16.6,33.4
2025-11-05 00:00:00+00:00,0.0,0.0,15.8,32.2
2025-11-05 01:00:00+00:00,0.0,0.0,15.8,31.8
2025-11-05 02:00:00+00:00,0.0,0.0,15.0,31.6
2025-11-05 03:00:00+00:00,0.0,0.0,15.7,32.1
2025-11-05 04:00:00+00:00,0.0,0.0,16.1,32.5
2025-11-05 05:00:00+00:00,0.0,0.0,15.0,31.1
2025-11-05 06:00:00+00:00,0.0,0.0,15.1,31.1
2025-11-05 07:00:00+00:00,0.0,0.0,14.2,29.8
2025-11-05 08:00:00+00:00,0.0,0.0,13.7,28.8
2025-11-05 09:00:00+00:00,1.0,0.0,13.1,27.5
2025-11-05 10:00:00+00:00,61.0,332.7,12.9,26.3
2025-11-05 11:00:00+00:00,134.0,224.7,11.7,24.3
2025-11-05 12:00:00+00:00,231.0,385.9,10.6,20.2
2025-11-05 13:00:00+00:00,305.0,505.5,11.2,19.0
2025-11-05 14:00:00+00:00,334.0,592.3,7.4,15.3
2025-11-05 15:00:00+00:00,332.0,724.8,8.2,13.5
2025-11-05 16:00:00+00:00,263.0,667.8,8.5,15.6
2025-11-05 17:00:00+00:00,152.0,448.6,9.8,22.0
2025-11-05 18:00:00+00:00,44.0,177.9,9.7,24.2
2025-11-05 19:00:00+00:00,0.0,0.0,10.1,25.1
2025-11-05 20:00:00+00:00,0.0,0.0,11.0,25.8
2025-11-05 21:00:00+00:00,0.0,0.0,11.7,26.4
2025-11-05 22:00:00+00:00,0.0,0.0,10.7,25.6
2025-11-05 23:00:00+00:00,0.0,0.0,9.3,24.1
2025-11-06 00:00:00+00:00,0.0,0.0,9.1,23.6
2025-11-06 01:00:00+00:00,0.0,0.0,8.0,23.6
2025-11-06 02:00:00+00:00,0.0,0.0,7.2,21.2
2025-11-06 03:00:00+00:00,0.0,0.0,6.2,18.4
2025-11-06 04:00:00+00:00,0.0,0.0,7.9,21.4
2025-11-06 05:00:00+00:00,0.0,0.0,8.7,23.7
2025-11-06 06:00:00+00:00,0.0,0.0,8.0,22.7
2025-11-06 07:00:00+00:00,0.0,0.0,6.4,18.6
2025-11-06 08:00:00+00:00,0.0,0.0,6.5,18.1
2025-11-06 09:00:00+00:00,1.0,0.0,6.4,18.0
2025-11-06 10:00:00+00:00,53.0,165.5,8.1,18.2
2025-11-06 11:00:00+00:00,142.0,257.0,7.9,19.5
2025-11-06 12:00:00+00:00,214.0,282.6,8.1,13.8
2025-11-06 13:00:00+00:00,287.0,403.7,7.9,11.9
2025-11-06 14:00:00+00:00,288.0,351.5,6.9,9.7
2025-11-06 15:00:00+00:00,269.0,349.2,8.4,12.4
2025-11-06 16:00:00+00:00,191.0,179.5,8.1,12.6
2025-11-06 17:00:00+00:00,137.0,305.5,5.2,13.2
2025-11-06 18:00:00+00:00,40.0,114.1,6.2,17.5
2025-11-06 19:00:00+00:00,0.0,0.0,6.5,18.9
2025-11-06 20:00:00+00:00,0.0,0.0,8.0,21.0
2025-11-06 21:00:00+00:00,0.0,0.0,8.8,22.2
2025-11-06 22:00:00+00:00,0.0,0.0,7.3,20.0
2025-11-06 23:00:00+00:00,0.0,0.0,6.8,19.3
2025-11-07 00:00:00+00:00,0.0,0.0,6.7,19.1
2025-11-07 01:00:00+00:00,0.0,0.0,6.7,19.2
2025-11-07 02:00:00+00:00,0.0,0.0,6.8,19.2
2025-11-07 03:00:00+00:00,0.0,0.0,7.9,20.9
2025-11-07 04:00:00+00:00,0.0,0.0,7.5,20.5
2025-11-07 05:00:00+00:00,0.0,0.0,6.2,17.8
2025-11-07 06:00:00+00:00,0.0,0.0,6.1,16.1
2025-11-07 07:00:00+00:00,0.0,0.0,5.9,16.1
2025-11-07 08:00:00+00:00,0.0,0.0,6.2,16.9
2025-11-07 09:00:00+00:00,1.0,0.0,6.5,19.1
2025-11-07 10:00:00+00:00,56.0,328.9,8.9,19.1
2025-11-07 11:00:00+00:00,167.0,548.6,8.7,22.2
2025-11-07 12:00:00+00:00,265.0,665.0,7.0,15.8
2025-11-07 13:00:00+00:00,329.0,724.6,6.1,9.9
2025-11-07 14:00:00+00:00,351.0,743.1,7.4,11.0
2025-11-07 15:00:00+00:00,327.0,729.8,9.0,13.3
2025-11-07 16:00:00+00:00,257.0,671.4,9.1,14.4
2025-11-07 17:00:00+00:00,156.0,553.9,7.2,16.0
2025-11-07 18:00:00+00:00,44.0,292.7,6.7,18.0
2025-11-07 19:00:00+00:00,0.0,0.0,7.5,21.1
2025-11-07 20:00:00+00:00,0.0,0.0,7.0,20.0
2025-11-07 21:00:00+00:00,0.0,0.0,5.9,17.2
2025-11-07 22:00:00+00:00,0.0,0.0,4.5,13.9
2025-11-07 23:00:00+00:00,0.0,0.0,6.1,16.2
2025-11-08 00:00:00+00:00,0.0,0.0,6.4,17.4
2025-11-08 01:00:00+00:00,0.0,0.0,6.3,17.2
2025-11-08 02:00:00+00:00,0.0,0.0,6.4,18.2
2025-11-08 03:00:00+00:00,0.0,0.0,6.5,18.8
2025-11-08 04:00:00+00:00,0.0,0.0,6.5,18.5
2025-11-08 05:00:00+00:00,0.0,0.0,6.8,19.7
2025-11-08 06:00:00+00:00,0.0,0.0,6.5,19.0
2025-11-08 07:00:00+00:00,0.0,0.0,6.5,18.8
2025-11-08 08:00:00+00:00,0.0,0.0,5.8,16.7
2025-11-08 09:00:00+00:00,0.0,0.0,5.6,15.9
2025-11-08 10:00:00+00:00,45.0,174.2,7.1,15.9
2025-11-08 11:00:00+00:00,141.0,359.4,6.9,18.3
2025-11-08 12:00:00+00:00,249.0,576.0,6.7,10.6
2025-11-08 13:00:00+00:00,326.0,731.3,7.3,11.1
2025-11-08 14:00:00+00:00,328.0,641.1,10.2,14.3
2025-11-08 15:00:00+00:00,284.0,505.1,10.8,15.4
2025-11-08 16:00:00+00:00,151.0,267.2,10.6,16.1
2025-11-08 17:00:00+00:00,61.0,41.2,8.8,14.6
2025-11-08 18:00:00+00:00,14.0,0.0,7.7,15.4
2025-11-08 19:00:00+00:00,0.0,0.0,7.1,15.7
2025-11-08 20:00:00+00:00,0.0,0.0,6.9,16.3
2025-11-08 21:00:00+00:00,0.0,0.0,8.1,17.7
2025-11-08 22:00:00+00:00,0.0,0.0,7.6,17.1
2025-11-08 23:00:00+00:00,0.0,0.0,7.0,17.4
2025-11-09 00:00:00+00:00,0.0,0.0,7.1,18.4
2025-11-09 01:00:00+00:00,0.0,0.0,7.3,19.1
2025-11-09 02:00:00+00:00,0.0,0.0,8.8,18.7
2025-11-09 03:00:00+00:00,0.0,0.0,8.8,19.3
2025-11-09 04:00:00+00:00,0.0,0.0,8.6,18.8
2025-11-09 05:00:00+00:00,0.0,0.0,8.8,18.9
2025-11-09 06:00:00+00:00,0.0,0.0,9.1,18.6
2025-11-09 07:00:00+00:00,0.0,0.0,8.6,17.1
2025-11-09 08:00:00+00:00,0.0,0.0,9.6,19.3
2025-11-09 09:00:00+00:00,0.0,0.0,8.3,18.4
2025-11-09 10:00:00+00:00,43.0,201.2,9.0,16.6
2025-11-09 11:00:00+00:00,152.0,480.0,11.9,17.4
2025-11-09 12:00:00+00:00,242.0,541.3,11.8,15.8
2025-11-09 13:00:00+00:00,288.0,563.4,10.0,14.1
2025-11-09 14:00:00+00:00,332.0,667.8,8.4,11.6
2025-11-09 15:00:00+00:00,307.0,657.4,9.5,13.3
2025-11-09 16:00:00+00:00,246.0,619.0,10.2,14.9
2025-11-09 17:00:00+00:00,139.0,462.8,7.5,15.2
2025-11-09 18:00:00+00:00,37.0,234.5,6.3,17.4
2025-11-09 19:00:00+00:00,0.0,0.0,6.9,19.5
2025-11-09 20:00:00+00:00,0.0,0.0,8.4,21.1
2025-11-09 21:00:00+00:00,0.0,0.0,9.7,22.3
2025-11-09 22:00:00+00:00,0.0,0.0,10.3,23.3
2025-11-09 23:00:00+00:00,0.0,0.0,10.4,23.8
2025-11-10 00:00:00+00:00,0.0,0.0,9.5,23.4
2025-11-10 01:00:00+00:00,0.0,0.0,10.0,23.3
2025-11-10 02:00:00+00:00,0.0,0.0,10.5,24.2
2025-11-10 03:00:00+00:00,0.0,0.0,10.2,24.0
2025-11-10 04:00:00+00:00,0.0,0.0,9.7,22.8
2025-11-10 05:00:00+00:00,0.0,0.0,10.6,22.5
2025-11-10 06:00:00+00:00,0.0,0.0,11.8,23.7
2025-11-10 07:00:00+00:00,0.0,0.0,11.9,24.0
2025-11-10 08:00:00+00:00,0.0,0.0,10.6,22.1
2025-11-10 09:00:00+00:00,0.0,0.0,12.0,23.8
2025-11-10 10:00:00+00:00,34.0,80.4,12.3,24.2
2025-11-10 11:00:00+00:00,148.0,410.7,12.3,25.0
2025-11-10 12:00:00+00:00,234.0,471.2,11.6,18.3
2025-11-10 13:00:00+00:00,289.0,533.7,13.1,19.7
2025-11-10 14:00:00+00:00,310.0,562.1,12.8,19.9
2025-11-10 15:00:00+00:00,153.0,185.3,13.5,21.1
2025-11-10 16:00:00+00:00,173.0,201.3,14.5,22.6
2025-11-10 17:00:00+00:00,92.0,102.1,12.6,22.7
2025-11-10 18:00:00+00:00,16.0,0.0,15.5,28.6
2025-11-10 19:00:00+00:00,0.0,0.0,15.5,28.1
2025-11-10 20:00:00+00:00,0.0,0.0,17.9,32.4
2025-11-10 21:00:00+00:00,0.0,0.0,18.0,32.0
2025-11-10 22:00:00+00:00,0.0,0.0,18.2,33.2
2025-11-10 23:00:00+00:00,0.0,0.0,18.5,33.2
2025-11-11 00:00:00+00:00,0.0,0.0,17.6,33.0
2025-11-11 01:00:00+00:00,0.0,0.0,17.3,32.2
2025-11-11 02:00:00+00:00,0.0,0.0,17.5,31.8
2025-11-11 03:00:00+00:00,0.0,0.0,16.1,30.0
2025-11-11 04:00:00+00:00,0.0,0.0,15.9,29.1
2025-11-11 05:00:00+00:00,0.0,0.0,15.2,28.6
2025-11-11 06:00:00+00:00,0.0,0.0,14.5,27.0
2025-11-11 07:00:00+00:00,0.0,0.0,14.8,26.9
2025-11-11 08:00:00+00:00,0.0,0.0,14.2,25.9
2025-11-11 09:00:00+00:00,0.0,0.0,13.0,24.8
2025-11-11 10:00:00+00:00,41.0,224.3,14.5,26.6
2025-11-11 11:00:00+00:00,146.0,445.8,18.6,27.3
2025-11-11 12:00:00+00:00,151.0,97.1,19.9,29.3
2025-11-11 13:00:00+00:00,163.0,86.8,19.4,28.6
2025-11-11 14:00:00+00:00,160.0,41.2,20.4,30.6
2025-11-11 15:00:00+00:00,245.0,393.0,19.1,28.6
2025-11-11 16:00:00+00:00,214.0,501.8,18.6,28.0
2025-11-11 17:00:00+00:00,108.0,258.2,11.7,22.2
2025-11-11 18:00:00+00:00,33.0,195.2,10.8,24.0
2025-11-11 19:00:00+00:00,0.0,0.0,13.2,27.7
2025-11-11 20:00:00+00:00,0.0,0.0,13.3,28.4
2025-11-11 21:00:00+00:00,0.0,0.0,14.7,30.3
2025-11-11 22:00:00+00:00,0.0,0.0,16.2,32.8
2025-11-11 23:00:00+00:00,0.0,0.0,17.1,33.5
2025-11-12 00:00:00+00:00,0.0,0.0,17.6,34.0
2025-11-12 01:00:00+00:00,0.0,0.0,18.0,34.9
2025-11-12 02:00:00+00:00,0.0,0.0,17.4,34.4
2025-11-12 03:00:00+00:00,0.0,0.0,16.4,32.8
2025-11-12 04:00:00+00:00,0.0,0.0,15.8,32.1
2025-11-12 05:00:00+00:00,0.0,0.0,15.0,31.0
2025-11-12 06:00:00+00:00,0.0,0.0,14.6,29.5
2025-11-12 07:00:00+00:00,0.0,0.0,14.4,29.4
2025-11-12 08:00:00+00:00,0.0,0.0,15.9,31.8
2025-11-12 09:00:00+00:00,0.0,0.0,15.4,31.4
2025-11-12 10:00:00+00:00,33.0,109.3,14.5,29.1
2025-11-12 11:00:00+00:00,99.0,83.9,15.7,29.1
2025-11-12 12:00:00+00:00,234.0,588.5,13.6,25.1
2025-11-12 13:00:00+00:00,304.0,688.6,13.7,22.8
2025-11-12 14:00:00+00:00,296.0,517.6,12.1,19.8
2025-11-12 15:00:00+00:00,281.0,546.5,12.8,20.9
2025-11-12 16:00:00+00:00,194.0,302.0,17.6,31.7
2025-11-12 17:00:00+00:00,112.0,213.4,16.0,30.8
2025-11-12 18:00:00+00:00,29.0,133.7,12.8,28.3
2025-11-12 19:00:00+00:00,0.0,0.0,12.3,27.9
2025-11-12 20:00:00+00:00,0.0,0.0,12.1,27.9
2025-11-12 21:00:00+00:00,0.0,0.0,12.3,28.8
2025-11-12 22:00:00+00:00,0.0,0.0,14.4,31.5
2025-11-12 23:00:00+00:00,0.0,0.0,15.6,32.9
2025-11-13 00:00:00+00:00,0.0,0.0,17.1,34.8
2025-11-13 01:00:00+00:00,0.0,0.0,17.6,35.5
2025-11-13 02:00:00+00:00,0.0,0.0,17.8,36.2
2025-11-13 03:00:00+00:00,0.0,0.0,19.1,37.5
2025-11-13 04:00:00+00:00,0.0,0.0,17.9,35.8
2025-11-13 05:00:00+00:00,0.0,0.0,19.5,37.5
2025-11-13 06:00:00+00:00,0.0,0.0,19.3,36.8
2025-11-13 07:00:00+00:00,0.0,0.0,17.6,34.2
2025-11-13 08:00:00+00:00,0.0,0.0,15.6,32.0
2025-11-13 09:00:00+00:00,0.0,0.0,16.4,32.4
2025-11-13 10:00:00+00:00,7.0,0.0,17.2,32.1
2025-11-13 11:00:00+00:00,49.0,42.9,17.5,32.2
2025-11-13 12:00:00+00:00,91.0,0.0,18.8,32.2
2025-11-13 13:00:00+00:00,198.0,201.9,13.5,23.3
2025-11-13 14:00:00+00:00,172.0,67.6,10.2,17.3
2025-11-13 15:00:00+00:00,181.0,117.3,9.3,15.3
2025-11-13 16:00:00+00:00,57.0,0.0,7.5,16.5
2025-11-13 17:00:00+00:00,45.0,5.7,7.2,16.9
2025-11-13 18:00:00+00:00,5.0,0.0,6.2,17.6
2025-11-13 19:00:00+00:00,0.0,0.0,7.6,19.2
2025-11-13 20:00:00+00:00,0.0,0.0,6.9,18.9
2025-11-13 21:00:00+00:00,0.0,0.0,8.1,21.6
2025-11-13 22:00:00+00:00,0.0,0.0,6.0,17.7
2025-11-13 23:00:00+00:00,0.0,0.0,5.2,16.2
2025-11-14 00:00:00+00:00,0.0,0.0,5.7,8.9
2025-11-14 01:00:00+00:00,0.0,0.0,7.0,14.2
2025-11-14 02:00:00+00:00,0.0,0.0,8.3,19.6
2025-11-14 03:00:00+00:00,0.0,0.0,8.7,21.8
2025-11-14 04:00:00+00:00,0.0,0.0,6.9,20.2
2025-11-14 05:00:00+00:00,0.0,0.0,7.7,21.3
2025-11-14 06:00:00+00:00,0.0,0.0,6.8,20.4
2025-11-14 07:00:00+00:00,0.0,0.0,6.5,18.5
2025-11-14 08:00:00+00:00,0.0,0.0,11.8,27.9
2025-11-14 09:00:00+00:00,0.0,0.0,9.0,24.1
2025-11-14 10:00:00+00:00,20.0,12.9,11.0,25.7
2025-11-14 11:00:00+00:00,59.0,27.5,11.8,25.3
2025-11-14 12:00:00+00:00,39.0,0.0,10.3,22.9
2025-11-14 13:00:00+00:00,87.0,6.0,9.2,19.5
2025-11-14 14:00:00+00:00,108.0,0.0,5.2,15.2
2025-11-14 15:00:00+00:00,62.0,0.0,6.7,16.7
2025-11-14 16:00:00+00:00,41.0,0.0,4.2,13.1
2025-11-14 17:00:00+00:00,24.0,0.0,5.8,14.0
2025-11-14 18:00:00+00:00,6.0,0.0,7.8,19.3
2025-11-14 19:00:00+00:00,0.0,0.0,9.4,22.2
2025-11-14 20:00:00+00:00,0.0,0.0,8.5,22.9
2025-11-14 21:00:00+00:00,0.0,0.0,9.9,24.0
2025-11-14 22:00:00+00:00,0.0,0.0,15.3,30.6
2025-11-14 23:00:00+00:00,0.0,0.0,15.5,30.6
2025-11-15 00:00:00+00:00,0.0,0.0,12.5,25.9
2025-11-15 01:00:00+00:00,0.0,0.0,10.3,24.0
2025-11-15 02:00:00+00:00,0.0,0.0,12.2,25.5
2025-11-15 03:00:00+00:00,0.0,0.0,12.5,25.7
2025-11-15 04:00:00+00:00,0.0,0.0,10.5,23.0
2025-11-15 05:00:00+00:00,0.0,0.0,7.8,20.2
2025-11-15 06:00:00+00:00,0.0,0.0,6.5,17.0
2025-11-15 07:00:00+00:00,0.0,0.0,7.4,16.6
2025-11-15 08:00:00+00:00,0.0,0.0,7.7,17.4
2025-11-15 09:00:00+00:00,0.0,0.0,7.5,16.4
2025-11-15 10:00:00+00:00,6.0,0.0,6.0,16.3
2025-11-15 11:00:00+00:00,43.0,16.9,8.2,16.3
2025-11-15 12:00:00+00:00,57.0,0.0,2.0,6.0
2025-11-15 13:00:00+00:00,72.0,9.1,4.0,5.5
2025-11-15 14:00:00+00:00,78.0,11.5,2.2,2.8
2025-11-15 15:00:00+00:00,123.0,58.6,0.8,0.7
2025-11-15 16:00:00+00:00,58.0,7.6,3.1,3.5
2025-11-15 17:00:00+00:00,58.0,59.9,2.8,4.1
2025-11-15 18:00:00+00:00,19.0,72.4,2.9,5.4
2025-11-15 19:00:00+00:00,0.0,0.0,3.9,6.7
2025-11-15 20:00:00+00:00,0.0,0.0,0.2,2.6
2025-11-15 21:00:00+00:00,0.0,0.0,2.2,4.1
2025-11-15 22:00:00+00:00,0.0,0.0,4.4,6.2
2025-11-15 23:00:00+00:00,0.0,0.0,4.2,6.3
2025-11-16 00:00:00+00:00,0.0,0.0,5.3,9.1
2025-11-16 01:00:00+00:00,0.0,0.0,4.2,7.3
2025-11-16 02:00:00+00:00,0.0,0.0,6.2,12.5
2025-11-16 03:00:00+00:00,0.0,0.0,6.3,11.2
2025-11-16 04:00:00+00:00,0.0,0.0,4.7,7.8
2025-11-16 05:00:00+00:00,0.0,0.0,5.4,7.9
2025-11-16 06:00:00+00:00,0.0,0.0,7.4,11.7
2025-11-16 07:00:00+00:00,0.0,0.0,8.4,14.1
2025-11-16 08:00:00+00:00,0.0,0.0,6.5,11.6
2025-11-16 09:00:00+00:00,0.0,0.0,7.0,11.2
2025-11-16 10:00:00+00:00,4.0,0.0,8.4,13.1
2025-11-16 11:00:00+00:00,17.0,0.0,7.0,10.7
2025-11-16 12:00:00+00:00,35.0,0.0,7.8,11.5
2025-11-16 13:00:00+00:00,46.0,0.0,9.0,12.9
2025-11-16 14:00:00+00:00,55.0,0.0,8.1,11.7
2025-11-16 15:00:00+00:00,82.0,9.4,11.0,16.0
2025-11-16 16:00:00+00:00,62.0,7.7,11.6,17.4
2025-11-16 17:00:00+00:00,27.0,0.0,9.6,14.2
2025-11-16 18:00:00+00:00,5.0,0.0,6.7,12.3
2025-11-16 19:00:00+00:00,0.0,0.0,8.4,14.9
2025-11-16 20:00:00+00:00,0.0,0.0,10.2,18.1
2025-11-16 21:00:00+00:00,0.0,0.0,11.7,19.9
2025-11-16 22:00:00+00:00,0.0,0.0,12.8,21.4
2025-11-16 23:00:00+00:00,0.0,0.0,11.1,20.9
2025-11-17 00:00:00+00:00,0.0,0.0,4.9,15.3
2025-11-17 01:00:00+00:00,0.0,0.0,0.9,8.4
2025-11-17 02:00:00+00:00,0.0,0.0,1.8,6.0
2025-11-17 03:00:00+00:00,0.0,0.0,4.7,9.8
2025-11-17 04:00:00+00:00,0.0,0.0,6.2,15.2
2025-11-17 05:00:00+00:00,0.0,0.0,8.6,21.0
2025-11-17 06:00:00+00:00,0.0,0.0,11.5,23.8
2025-11-17 07:00:00+00:00,0.0,0.0,12.4,23.9
2025-11-17 08:00:00+00:00,0.0,0.0,13.1,24.7
2025-11-17 09:00:00+00:00,0.0,0.0,11.8,23.4
2025-11-17 10:00:00+00:00,25.0,140.6,13.1,24.8
2025-11-17 11:00:00+00:00,113.0,401.4,14.2,24.3
2025-11-17 12:00:00+00:00,168.0,316.5,12.0,19.7
2025-11-17 13:00:00+00:00,228.0,428.4,18.3,28.1
2025-11-17 14:00:00+00:00,281.0,576.4,16.0,24.3
2025-11-17 15:00:00+00:00,270.0,610.0,19.8,30.3
2025-11-17 16:00:00+00:00,200.0,512.6,15.1,24.3
2025-11-17 17:00:00+00:00,114.0,431.3,12.4,22.9
2025-11-17 18:00:00+00:00,23.0,183.2,7.3,19.7
2025-11-17 19:00:00+00:00,0.0,0.0,6.5,17.4
2025-11-17 20:00:00+00:00,0.0,0.0,5.9,15.8
2025-11-17 21:00:00+00:00,0.0,0.0,4.8,13.5
2025-11-17 22:00:00+00:00,0.0,0.0,5.2,10.9
2025-11-17 23:00:00+00:00,0.0,0.0,5.9,13.3
2025-11-18 00:00:00+00:00,0.0,0.0,6.5,15.9
2025-11-18 01:00:00+00:00,0.0,0.0,6.6,18.0
2025-11-18 02:00:00+00:00,0.0,0.0,8.7,22.5
2025-11-18 03:00:00+00:00,0.0,0.0,9.2,24.0
2025-11-18 04:00:00+00:00,0.0,0.0,9.7,24.2
2025-11-18 05:00:00+00:00,0.0,0.0,9.1,23.5
2025-11-18 06:00:00+00:00,0.0,0.0,8.2,22.3
2025-11-18 07:00:00+00:00,0.0,0.0,6.9,19.1
2025-11-18 08:00:00+00:00,0.0,0.0,9.6,21.4
2025-11-18 09:00:00+00:00,0.0,0.0,8.9,20.4
2025-11-18 10:00:00+00:00,21.0,72.5,10.8,21.9
2025-11-18 11:00:00+00:00,105.0,314.5,11.0,22.5
2025-11-18 12:00:00+00:00,121.0,158.8,13.6,20.9
2025-11-18 13:00:00+00:00,86.0,0.0,13.5,21.3
2025-11-18 14:00:00+00:00,128.0,113.6,15.6,23.7
2025-11-18 15:00:00+00:00,127.0,102.4,17.0,26.3
2025-11-18 16:00:00+00:00,104.0,198.4,15.7,25.1
2025-11-18 17:00:00+00:00,94.0,280.8,14.3,24.6
2025-11-18 18:00:00+00:00,17.0,94.0,12.7,25.2
2025-11-18 19:00:00+00:00,0.0,0.0,12.9,25.9
2025-11-18 20:00:00+00:00,0.0,0.0,14.1,28.3
2025-11-18 21:00:00+00:00,0.0,0.0,15.0,29.2
2025-11-18 22:00:00+00:00,0.0,0.0,13.6,26.3
2025-11-18 23:00:00+00:00,0.0,0.0,16.3,29.8
2025-11-19 00:00:00+00:00,0.0,0.0,21.8,37.6
2025-11-19 01:00:00+00:00,0.0,0.0,19.7,34.7
2025-11-19 02:00:00+00:00,0.0,0.0,18.2,32.6
2025-11-19 03:00:00+00:00,0.0,0.0,18.0,32.4
2025-11-19 04:00:00+00:00,0.0,0.0,17.3,30.5
2025-11-19 05:00:00+00:00,0.0,0.0,16.0,28.2
2025-11-19 06:00:00+00:00,0.0,0.0,14.6,27.4
2025-11-19 07:00:00+00:00,0.0,0.0,15.0,28.4
2025-11-19 08:00:00+00:00,0.0,0.0,18.1,32.8
2025-11-19 09:00:00+00:00,0.0,0.0,17.4,32.5
2025-11-19 10:00:00+00:00,15.0,0.0,17.0,29.7
2025-11-19 11:00:00+00:00,54.0,31.0,18.0,30.5
2025-11-19 12:00:00+00:00,84.0,0.0,17.9,26.8
2025-11-19 13:00:00+00:00,106.0,0.0,17.7,25.5
2025-11-19 14:00:00+00:00,151.0,45.4,11.7,17.8
2025-11-19 15:00:00+00:00,91.0,6.5,12.1,18.3
2025-11-19 16:00:00+00:00,81.0,0.0,11.9,19.4
2025-11-19 17:00:00+00:00,46.0,13.0,10.9,17.4
2025-11-19 18:00:00+00:00,6.0,0.0,12.2,21.3
2025-11-19 19:00:00+00:00,0.0,0.0,16.3,25.6
2025-11-19 20:00:00+00:00,0.0,0.0,11.0,24.1
2025-11-19 21:00:00+00:00,0.0,0.0,17.8,30.3
2025-11-19 22:00:00+00:00,0.0,0.0,17.7,31.3
2025-11-19 23:00:00+00:00,0.0,0.0,13.6,26.0
2025-11-20 00:00:00+00:00,0.0,0.0,11.2,23.9
2025-11-20 01:00:00+00:00,0.0,0.0,10.7,24.0
2025-11-20 02:00:00+00:00,0.0,0.0,11.1,22.9
2025-11-20 03:00:00+00:00,0.0,0.0,10.4,22.9
2025-11-20 04:00:00+00:00,0.0,0.0,10.1,22.8
2025-11-20 05:00:00+00:00,0.0,0.0,11.2,24.6
2025-11-20 06:00:00+00:00,0.0,0.0,10.6,23.5
2025-11-20 07:00:00+00:00,0.0,0.0,9.1,20.5
2025-11-20 08:00:00+00:00,0.0,0.0,7.3,16.6
2025-11-20 09:00:00+00:00,0.0,0.0,8.3,17.8
2025-11-20 10:00:00+00:00,8.0,0.0,5.4,15.0
2025-11-20 11:00:00+00:00,50.0,0.0,6.9,13.6
2025-11-20 12:00:00+00:00,121.0,79.9,5.7,8.7
2025-11-20 13:00:00+00:00,214.0,240.2,6.8,8.6
2025-11-20 14:00:00+00:00,241.0,336.5,8.0,11.1
2025-11-20 15:00:00+00:00,108.0,6.5,11.9,17.2
2025-11-20 16:00:00+00:00,63.0,0.0,9.4,13.9
2025-11-20 17:00:00+00:00,33.0,0.0,10.1,14.9
2025-11-20 18:00:00+00:00,8.0,16.5,8.8,16.2
2025-11-20 19:00:00+00:00,0.0,0.0,8.7,16.4
2025-11-20 20:00:00+00:00,0.0,0.0,8.0,16.8
2025-11-20 21:00:00+00:00,0.0,0.0,8.1,17.5
2025-11-20 22:00:00+00:00,0.0,0.0,9.3,20.4
2025-11-20 23:00:00+00:00,0.0,0.0,9.3,18.9
2025-11-21 00:00:00+00:00,0.0,0.0,9.6,19.5
2025-11-21 01:00:00+00:00,0.0,0.0,9.5,20.5
2025-11-21 02:00:00+00:00,0.0,0.0,4.8,11.8
2025-11-21 03:00:00+00:00,0.0,0.0,7.5,15.4
2025-11-21 04:00:00+00:00,0.0,0.0,5.8,15.5
2025-11-21 05:00:00+00:00,0.0,0.0,1.3,6.8
2025-11-21 06:00:00+00:00,0.0,0.0,1.5,3.7
2025-11-21 07:00:00+00:00,0.0,0.0,5.9,10.1
2025-11-21 08:00:00+00:00,0.0,0.0,5.7,15.8
2025-11-21 09:00:00+00:00,0.0,0.0,9.4,17.9
2025-11-21 10:00:00+00:00,12.0,15.9,11.5,17.5
2025-11-21 11:00:00+00:00,53.0,6.5,9.8,14.3
2025-11-21 12:00:00+00:00,117.0,77.1,9.7,13.2
2025-11-21 13:00:00+00:00,176.0,147.9,8.6,11.7
2025-11-21 14:00:00+00:00,239.0,371.2,8.1,10.9
2025-11-21 15:00:00+00:00,115.0,26.5,5.8,8.1
2025-11-21 16:00:00+00:00,151.0,247.8,3.3,4.5
2025-11-21 17:00:00+00:00,104.0,392.9,2.7,5.9
2025-11-21 18:00:00+00:00,18.0,152.1,2.4,7.2
2025-11-21 19:00:00+00:00,0.0,0.0,3.1,7.6
2025-11-21 20:00:00+00:00,0.0,0.0,4.5,9.5
2025-11-21 21:00:00+00:00,0.0,0.0,5.0,12.1
2025-11-21 22:00:00+00:00,0.0,0.0,4.5,11.3
2025-11-21 23:00:00+00:00,0.0,0.0,5.5,12.5
2025-11-22 00:00:00+00:00,0.0,0.0,6.9,14.9
2025-11-22 01:00:00+00:00,0.0,0.0,9.7,20.7
2025-11-22 02:00:00+00:00,0.0,0.0,9.2,21.1
2025-11-22 03:00:00+00:00,0.0,0.0,12.4,27.9
2025-11-22 04:00:00+00:00,0.0,0.0,12.8,24.5
2025-11-22 05:00:00+00:00,0.0,0.0,13.1,24.3
2025-11-22 06:00:00+00:00,0.0,0.0,11.1,25.1
2025-11-22 07:00:00+00:00,0.0,0.0,10.8,26.0
2025-11-22 08:00:00+00:00,0.0,0.0,10.8,28.7
2025-11-22 09:00:00+00:00,0.0,0.0,12.6,24.8
2025-11-22 10:00:00+00:00,15.0,16.4,13.9,25.7
2025-11-22 11:00:00+00:00,78.0,66.7,13.9,24.2
2025-11-22 12:00:00+00:00,161.0,210.1,12.8,19.5
2025-11-22 13:00:00+00:00,246.0,465.6,11.9,18.5
2025-11-22 14:00:00+00:00,304.0,741.1,13.7,20.6
2025-11-22 15:00:00+00:00,271.0,662.6,14.5,22.1
2025-11-22 16:00:00+00:00,212.0,669.0,14.8,23.1
2025-11-22 17:00:00+00:00,104.0,386.6,15.3,27.7
2025-11-22 18:00:00+00:00,17.0,121.1,15.8,30.8
2025-11-22 19:00:00+00:00,0.0,0.0,17.2,33.0
2025-11-22 20:00:00+00:00,0.0,0.0,18.5,35.3
2025-11-22 21:00:00+00:00,0.0,0.0,18.6,35.3
2025-11-22 22:00:00+00:00,0.0,0.0,18.1,34.4
2025-11-22 23:00:00+00:00,0.0,0.0,18.3,34.7
2025-11-23 00:00:00+00:00,0.0,0.0,18.4,34.8
2025-11-23 01:00:00+00:00,0.0,0.0,18.1,33.8
2025-11-23 02:00:00+00:00,0.0,0.0,19.1,35.1
2025-11-23 03:00:00+00:00,0.0,0.0,19.5,35.0
2025-11-23 04:00:00+00:00,0.0,0.0,19.6,34.0
2025-11-23 05:00:00+00:00,0.0,0.0,21.9,37.2
2025-11-23 06:00:00+00:00,0.0,0.0,23.7,40.5
2025-11-23 07:00:00+00:00,0.0,0.0,22.8,39.1
2025-11-23 08:00:00+00:00,0.0,0.0,22.5,38.8
2025-11-23 09:00:00+00:00,0.0,0.0,22.0,37.3
2025-11-23 10:00:00+00:00,5.0,0.0,22.2,37.8
2025-11-23 11:00:00+00:00,25.0,13.7,21.9,37.1
2025-11-23 12:00:00+00:00,64.0,8.4,22.0,36.5
2025-11-23 13:00:00+00:00,118.0,23.6,22.5,36.6
2025-11-23 14:00:00+00:00,127.0,47.4,19.3,33.3
2025-11-23 15:00:00+00:00,109.0,30.4,18.5,32.2
2025-11-23 16:00:00+00:00,42.0,4.2,25.4,43.4
2025-11-23 17:00:00+00:00,9.0,0.0,25.7,43.4
2025-11-23 18:00:00+00:00,4.0,0.0,22.8,39.3
2025-11-23 19:00:00+00:00,0.0,0.0,19.7,34.8
2025-11-23 20:00:00+00:00,0.0,0.0,17.4,31.9
2025-11-23 21:00:00+00:00,0.0,0.0,16.2,31.0
2025-11-23 22:00:00+00:00,0.0,0.0,16.3,31.3
2025-11-23 23:00:00+00:00,0.0,0.0,16.3,32.0
2025-11-24 00:00:00+00:00,0.0,0.0,16.8,33.3
2025-11-24 01:00:00+00:00,0.0,0.0,16.6,33.4
2025-11-24 02:00:00+00:00,0.0,0.0,15.7,32.3
2025-11-24 03:00:00+00:00,0.0,0.0,16.3,32.2
2025-11-24 04:00:00+00:00,0.0,0.0,15.6,31.7
2025-11-24 05:00:00+00:00,0.0,0.0,16.1,32.3
2025-11-24 06:00:00+00:00,0.0,0.0,17.1,33.3
2025-11-24 07:00:00+00:00,0.0,0.0,16.3,31.8
2025-11-24 08:00:00+00:00,0.0,0.0,15.8,30.3
2025-11-24 09:00:00+00:00,0.0,0.0,15.0,29.1
2025-11-24 10:00:00+00:00,7.0,0.0,14.6,28.0
2025-11-24 11:00:00+00:00,44.0,0.0,15.0,27.0
2025-11-24 12:00:00+00:00,53.0,0.0,14.5,25.5
2025-11-24 13:00:00+00:00,88.0,40.8,15.2,24.8
2025-11-24 14:00:00+00:00,95.0,31.9,18.6,27.7
2025-11-24 15:00:00+00:00,161.0,167.4,13.0,20.4
2025-11-24 16:00:00+00:00,99.0,42.8,8.1,13.2
2025-11-24 17:00:00+00:00,52.0,14.3,9.4,18.7
2025-11-24 18:00:00+00:00,4.0,0.0,3.9,11.5
2025-11-24 19:00:00+00:00,0.0,0.0,8.6,18.4
2025-11-24 20:00:00+00:00,0.0,0.0,2.5,8.9
2025-11-24 21:00:00+00:00,0.0,0.0,2.8,2.7
2025-11-24 22:00:00+00:00,0.0,0.0,2.7,3.9
2025-11-24 23:00:00+00:00,0.0,0.0,4.8,9.4
2025-11-25 00:00:00+00:00,0.0,0.0,7.2,13.7
2025-11-25 01:00:00+00:00,0.0,0.0,9.6,19.1
2025-11-25 02:00:00+00:00,0.0,0.0,9.3,19.7
2025-11-25 03:00:00+00:00,0.0,0.0,8.7,18.1
2025-11-25 04:00:00+00:00,0.0,0.0,7.5,17.3
2025-11-25 05:00:00+00:00,0.0,0.0,7.0,16.1
2025-11-25 06:00:00+00:00,0.0,0.0,5.6,14.1
2025-11-25 07:00:00+00:00,0.0,0.0,5.2,13.5
2025-11-25 08:00:00+00:00,0.0,0.0,4.3,12.1
2025-11-25 09:00:00+00:00,0.0,0.0,4.0,13.0
2025-11-25 10:00:00+00:00,11.0,36.2,6.1,16.2
2025-11-25 11:00:00+00:00,54.0,35.9,9.6,18.0
2025-11-25 12:00:00+00:00,110.0,90.4,11.7,18.0
2025-11-25 13:00:00+00:00,144.0,120.5,13.9,21.2
2025-11-25 14:00:00+00:00,149.0,96.8,13.9,20.2
2025-11-25 15:00:00+00:00,162.0,200.2,13.1,19.3
2025-11-25 16:00:00+00:00,122.0,247.0,12.5,20.9
2025-11-25 17:00:00+00:00,96.0,400.5,12.3,23.8
2025-11-25 18:00:00+00:00,13.0,92.6,10.1,23.3
2025-11-25 19:00:00+00:00,0.0,0.0,9.8,23.8
2025-11-25 20:00:00+00:00,0.0,0.0,10.7,25.0
2025-11-25 21:00:00+00:00,0.0,0.0,10.7,24.7
2025-11-25 22:00:00+00:00,0.0,0.0,8.2,22.4
2025-11-25 23:00:00+00:00,0.0,0.0,7.4,21.3
2025-11-26 00:00:00+00:00,0.0,0.0,7.2,20.7
2025-11-26 01:00:00+00:00,0.0,0.0,7.3,21.0
2025-11-26 02:00:00+00:00,0.0,0.0,9.3,22.3
2025-11-26 03:00:00+00:00,0.0,0.0,9.5,22.7
2025-11-26 04:00:00+00:00,0.0,0.0,8.1,21.7
2025-11-26 05:00:00+00:00,0.0,0.0,7.7,21.4
2025-11-26 06:00:00+00:00,0.0,0.0,9.4,21.8
2025-11-26 07:00:00+00:00,0.0,0.0,8.4,18.5
2025-11-26 08:00:00+00:00,0.0,0.0,6.3,15.2
2025-11-26 09:00:00+00:00,0.0,0.0,6.8,10.2
2025-11-26 10:00:00+00:00,6.0,0.0,5.2,7.6
2025-11-26 11:00:00+00:00,41.0,0.0,3.3,4.5
2025-11-26 12:00:00+00:00,87.0,8.7,2.4,2.9
2025-11-26 13:00:00+00:00,114.0,27.9,3.3,3.7
2025-11-26 14:00:00+00:00,121.0,0.0,2.1,2.7
2025-11-26 15:00:00+00:00,180.0,240.6,2.2,2.7
2025-11-26 16:00:00+00:00,158.0,354.9,4.0,5.2
2025-11-26 17:00:00+00:00,87.0,303.6,3.0,7.4
2025-11-26 18:00:00+00:00,13.0,94.6,3.9,9.9
2025-11-26 19:00:00+00:00,0.0,0.0,4.9,11.1
2025-11-26 20:00:00+00:00,0.0,0.0,5.6,13.2
2025-11-26 21:00:00+00:00,0.0,0.0,6.2,15.4
2025-11-26 22:00:00+00:00,0.0,0.0,6.5,17.1
2025-11-26 23:00:00+00:00,0.0,0.0,6.9,19.0
2025-11-27 00:00:00+00:00,0.0,0.0,7.2,20.1
2025-11-27 01:00:00+00:00,0.0,0.0,8.6,21.4
2025-11-27 02:00:00+00:00,0.0,0.0,11.1,24.6
2025-11-27 03:00:00+00:00,0.0,0.0,12.0,26.8
2025-11-27 04:00:00+00:00,0.0,0.0,14.3,30.3
2025-11-27 05:00:00+00:00,0.0,0.0,15.4,31.5
2025-11-27 06:00:00+00:00,0.0,0.0,17.1,32.4
2025-11-27 07:00:00+00:00,0.0,0.0,18.1,33.2
2025-11-27 08:00:00+00:00,0.0,0.0,19.2,34.9
2025-11-27 09:00:00+00:00,0.0,0.0,19.5,35.1
2025-11-27 10:00:00+00:00,1.0,0.0,20.1,35.7
2025-11-27 11:00:00+00:00,9.0,0.0,21.3,37.2
2025-11-27 12:00:00+00:00,20.0,0.0,21.6,37.3
2025-11-27 13:00:00+00:00,42.0,0.0,21.5,36.8
2025-11-27 14:00:00+00:00,86.0,16.5,19.8,34.1
2025-11-27 15:00:00+00:00,52.0,3.5,19.0,32.8
2025-11-27 16:00:00+00:00,57.0,13.3,18.4,31.8
2025-11-27 17:00:00+00:00,27.0,7.5,18.5,32.6
2025-11-27 18:00:00+00:00,4.0,0.0,18.1,32.7
2025-11-27 19:00:00+00:00,0.0,0.0,18.2,32.8
2025-11-27 20:00:00+00:00,0.0,0.0,18.3,32.6
2025-11-27 21:00:00+00:00,0.0,0.0,18.0,32.2
2025-11-27 22:00:00+00:00,0.0,0.0,18.6,32.9
2025-11-27 23:00:00+00:00,0.0,0.0,18.2,32.6
2025-11-28 00:00:00+00:00,0.0,0.0,18.9,33.7
2025-11-28 01:00:00+00:00,0.0,0.0,19.3,34.4
2025-11-28 02:00:00+00:00,0.0,0.0,18.4,33.5
2025-11-28 03:00:00+00:00,0.0,0.0,18.1,32.7
2025-11-28 04:00:00+00:00,0.0,0.0,18.2,32.7
2025-11-28 05:00:00+00:00,0.0,0.0,18.5,33.8
2025-11-28 06:00:00+00:00,0.0,0.0,19.8,34.9
2025-11-28 07:00:00+00:00,0.0,0.0,19.8,35.2
2025-11-28 08:00:00+00:00,0.0,0.0,18.0,32.1
2025-11-28 09:00:00+00:00,0.0,0.0,17.8,32.0
2025-11-28 10:00:00+00:00,2.0,0.0,17.3,31.1
2025-11-28 11:00:00+00:00,15.0,0.0,16.9,30.1
2025-11-28 12:00:00+00:00,32.0,9.0,17.0,29.9
2025-11-28 13:00:00+00:00,26.0,0.0,17.2,30.3
2025-11-28 14:00:00+00:00,29.0,0.0,15.7,27.6
2025-11-28 15:00:00+00:00,53.0,0.0,15.7,27.1
2025-11-28 16:00:00+00:00,28.0,0.0,16.6,28.8
2025-11-28 17:00:00+00:00,16.0,0.0,15.9,28.2
2025-11-28 18:00:00+00:00,2.0,0.0,15.4,27.8
2025-11-28 19:00:00+00:00,0.0,0.0,15.0,27.6
2025-11-28 20:00:00+00:00,0.0,0.0,14.8,27.5
2025-11-28 21:00:00+00:00,0.0,0.0,14.8,28.8
2025-11-28 22:00:00+00:00,0.0,0.0,14.6,28.3
2025-11-28 23:00:00+00:00,0.0,0.0,15.0,29.7
2025-11-29 00:00:00+00:00,0.0,0.0,15.3,30.6
2025-11-29 01:00:00+00:00,0.0,0.0,15.6,30.8
2025-11-29 02:00:00+00:00,0.0,0.0,14.0,28.6
2025-11-29 03:00:00+00:00,0.0,0.0,14.1,28.8
2025-11-29 04:00:00+00:00,0.0,0.0,12.5,26.1
2025-11-29 05:00:00+00:00,0.0,0.0,12.8,26.5
2025-11-29 06:00:00+00:00,0.0,0.0,14.2,28.1
2025-11-29 07:00:00+00:00,0.0,0.0,15.3,28.6
2025-11-29 08:00:00+00:00,0.0,0.0,15.3,28.0
2025-11-29 09:00:00+00:00,0.0,0.0,15.5,27.5
2025-11-29 10:00:00+00:00,5.0,0.0,16.3,28.8
2025-11-29 11:00:00+00:00,16.0,0.0,16.6,28.7
2025-11-29 12:00:00+00:00,41.0,0.0,18.0,29.7
2025-11-29 13:00:00+00:00,61.0,0.0,17.1,28.1
2025-11-29 14:00:00+00:00,143.0,77.1,11.9,20.5
2025-11-29 15:00:00+00:00,187.0,258.2,18.6,28.9
2025-11-29 16:00:00+00:00,143.0,303.0,16.4,27.6
2025-11-29 17:00:00+00:00,28.0,15.5,17.4,30.2
2025-11-29 18:00:00+00:00,5.0,0.0,18.0,31.9
2025-11-29 19:00:00+00:00,0.0,0.0,18.5,33.1
2025-11-29 20:00:00+00:00,0.0,0.0,19.0,34.2
2025-11-29 21:00:00+00:00,0.0,0.0,17.8,32.9
2025-11-29 22:00:00+00:00,0.0,0.0,24.0,40.6
2025-11-29 23:00:00+00:00,0.0,0.0,15.2,26.8
2025-11-30 00:00:00+00:00,0.0,0.0,14.8,26.7
2025-11-30 01:00:00+00:00,0.0,0.0,15.7,28.4
2025-11-30 02:00:00+00:00,0.0,0.0,13.0,25.5
2025-11-30 03:00:00+00:00,0.0,0.0,13.2,26.5
2025-11-30 04:00:00+00:00,0.0,0.0,13.4,27.4
2025-11-30 05:00:00+00:00,0.0,0.0,13.7,27.9
2025-11-30 06:00:00+00:00,0.0,0.0,13.9,27.9
2025-11-30 07:00:00+00:00,0.0,0.0,13.9,27.3
2025-11-30 08:00:00+00:00,0.0,0.0,13.1,25.7
2025-11-30 09:00:00+00:00,0.0,0.0,13.0,24.3
2025-11-30 10:00:00+00:00,6.0,19.1,13.4,24.8
2025-11-30 11:00:00+00:00,64.0,138.6,14.7,25.0
2025-11-30 12:00:00+00:00,103.0,97.3,13.8,21.4
2025-11-30 13:00:00+00:00,209.0,469.4,18.5,27.9
2025-11-30 14:00:00+00:00,203.0,392.6,20.2,30.9
2025-11-30 15:00:00+00:00,142.0,137.5,14.5,22.2
2025-11-30 16:00:00+00:00,145.0,356.2,14.7,24.7
2025-11-30 17:00:00+00:00,45.0,47.3,13.7,23.5
2025-11-30 18:00:00+00:00,6.0,0.0,13.2,24.0
2025-11-30 19:00:00+00:00,0.0,0.0,13.7,24.5
2025-11-30 20:00:00+00:00,0.0,0.0,14.0,25.0
2025-11-30 21:00:00+00:00,0.0,0.0,13.6,24.2
2025-11-30 22:00:00+00:00,0.0,0.0,12.4,24.6
2025-11-30 23:00:00+00:00,0.0,0.0,10.2,23.8
2025-12-01 00:00:00+00:00,0.0,0.0,10.4,24.3
2025-12-01 01:00:00+00:00,0.0,0.0,10.1,24.1
2025-12-01 02:00:00+00:00,0.0,0.0,11.5,26.0
2025-12-01 03:00:00+00:00,0.0,0.0,12.2,27.4
2025-12-01 04:00:00+00:00,0.0,0.0,12.8,28.1
2025-12-01 05:00:00+00:00,0.0,0.0,13.9,29.8
2025-12-01 06:00:00+00:00,0.0,0.0,15.5,31.5
2025-12-01 07:00:00+00:00,0.0,0.0,17.0,33.1
2025-12-01 08:00:00+00:00,0.0,0.0,19.2,35.2
2025-12-01 09:00:00+00:00,0.0,0.0,19.2,35.4
2025-12-01 10:00:00+00:00,5.0,0.0,21.1,37.3
2025-12-01 11:00:00+00:00,28.0,0.0,22.1,37.8
2025-12-01 12:00:00+00:00,45.0,0.0,23.7,40.1
2025-12-01 13:00:00+00:00,108.0,69.9,18.7,31.8
2025-12-01 14:00:00+00:00,141.0,109.3,15.6,25.9
2025-12-01 15:00:00+00:00,66.0,7.3,19.3,32.6
2025-12-01 16:00:00+00:00,31.0,0.0,23.9,40.7
2025-12-01 17:00:00+00:00,13.0,0.0,23.8,40.8
2025-12-01 18:00:00+00:00,5.0,0.0,23.4,40.5
2025-12-01 19:00:00+00:00,0.0,0.0,23.9,41.2
2025-12-01 20:00:00+00:00,0.0,0.0,24.2,42.4
2025-12-01 21:00:00+00:00,0.0,0.0,24.4,42.6
2025-12-01 22:00:00+00:00,0.0,0.0,23.6,41.3
2025-12-01 23:00:00+00:00,0.0,0.0,23.9,41.4
2025-12-02 00:00:00+00:00,0.0,0.0,24.0,41.7
2025-12-02 01:00:00+00:00,0.0,0.0,23.6,41.1
2025-12-02 02:00:00+00:00,0.0,0.0,22.4,40.5
2025-12-02 03:00:00+00:00,0.0,0.0,22.6,39.7
2025-12-02 04:00:00+00:00,0.0,0.0,21.8,38.8
2025-12-02 05:00:00+00:00,0.0,0.0,21.2,37.6
2025-12-02 06:00:00+00:00,0.0,0.0,20.7,36.3
2025-12-02 07:00:00+00:00,0.0,0.0,20.6,36.1
2025-12-02 08:00:00+00:00,0.0,0.0,17.6,31.4
2025-12-02 09:00:00+00:00,0.0,0.0,17.3,31.3
2025-12-02 10:00:00+00:00,2.0,0.0,17.1,31.0
2025-12-02 11:00:00+00:00,18.0,0.0,17.5,31.4
2025-12-02 12:00:00+00:00,85.0,85.7,16.2,28.7
2025-12-02 13:00:00+00:00,195.0,323.1,13.9,23.2
2025-12-02 14:00:00+00:00,229.0,444.3,14.3,22.0
2025-12-02 15:00:00+00:00,127.0,128.7,13.5,21.9
2025-12-02 16:00:00+00:00,93.0,69.8,14.3,24.1
2025-12-02 17:00:00+00:00,41.0,8.1,12.3,22.4
2025-12-02 18:00:00+00:00,7.0,0.0,10.1,22.1
2025-12-02 19:00:00+00:00,0.0,0.0,10.4,22.0
2025-12-02 20:00:00+00:00,0.0,0.0,8.6,21.9
2025-12-02 21:00:00+00:00,0.0,0.0,8.5,21.6
2025-12-02 22:00:00+00:00,0.0,0.0,8.9,21.5
2025-12-02 23:00:00+00:00,0.0,0.0,8.3,21.0
2025-12-03 00:00:00+00:00,0.0,0.0,7.9,20.0
2025-12-03 01:00:00+00:00,0.0,0.0,8.5,20.0
2025-12-03 02:00:00+00:00,0.0,0.0,6.7,19.0
2025-12-03 03:00:00+00:00,0.0,0.0,7.0,18.4
2025-12-03 04:00:00+00:00,0.0,0.0,7.6,18.0
2025-12-03 05:00:00+00:00,0.0,0.0,7.5,17.3
2025-12-03 06:00:00+00:00,0.0,0.0,6.9,16.3
2025-12-03 07:00:00+00:00,0.0,0.0,6.5,14.6
2025-12-03 08:00:00+00:00,0.0,0.0,6.1,13.5
2025-12-03 09:00:00+00:00,0.0,0.0,6.7,13.8
2025-12-03 10:00:00+00:00,2.0,0.0,8.0,14.8
2025-12-03 11:00:00+00:00,29.0,0.0,11.9,18.2
2025-12-03 12:00:00+00:00,68.0,62.8,12.3,17.5
2025-12-03 13:00:00+00:00,83.0,22.5,11.3,16.4
2025-12-03 14:00:00+00:00,103.0,13.9,10.5,15.9
2025-12-03 15:00:00+00:00,104.0,92.7,9.8,14.3
2025-12-03 16:00:00+00:00,134.0,243.9,9.2,13.6
2025-12-03 17:00:00+00:00,67.0,204.7,5.6,13.6
2025-12-03 18:00:00+00:00,6.0,38.2,5.8,15.5
2025-12-03 19:00:00+00:00,0.0,0.0,7.1,18.3
2025-12-03 20:00:00+00:00,0.0,0.0,7.6,19.6
2025-12-03 21:00:00+00:00,0.0,0.0,8.0,20.9
2025-12-03 22:00:00+00:00,0.0,0.0,8.5,21.9
2025-12-03 23:00:00+00:00,0.0,0.0,7.9,21.4
2025-12-04 00:00:00+00:00,0.0,0.0,7.8,21.6
2025-12-04 01:00:00+00:00,0.0,0.0,9.3,23.2
2025-12-04 02:00:00+00:00,0.0,0.0,9.0,22.0
2025-12-04 03:00:00+00:00,0.0,0.0,8.5,21.5
2025-12-04 04:00:00+00:00,0.0,0.0,8.7,22.0
2025-12-04 05:00:00+00:00,0.0,0.0,9.7,23.2
2025-12-04 06:00:00+00:00,0.0,0.0,10.8,24.8
2025-12-04 07:00:00+00:00,0.0,0.0,11.1,25.1
2025-12-04 08:00:00+00:00,0.0,0.0,12.7,26.5
2025-12-04 09:00:00+00:00,0.0,0.0,13.2,27.5
2025-12-04 10:00:00+00:00,6.0,38.2,14.4,29.3
2025-12-04 11:00:00+00:00,71.0,280.1,15.6,29.1
2025-12-04 12:00:00+00:00,170.0,606.8,15.3,25.9
2025-12-04 13:00:00+00:00,234.0,647.6,14.5,23.5
2025-12-04 14:00:00+00:00,213.0,420.1,19.6,30.4
2025-12-04 15:00:00+00:00,172.0,268.9,19.5,29.8
2025-12-04 16:00:00+00:00,34.0,18.9,16.0,28.1
2025-12-04 17:00:00+00:00,15.0,8.3,16.8,29.2
2025-12-04 18:00:00+00:00,1.0,0.0,16.2,29.7
2025-12-04 19:00:00+00:00,0.0,0.0,15.1,27.6
2025-12-04 20:00:00+00:00,0.0,0.0,12.6,24.7
2025-12-04 21:00:00+00:00,0.0,0.0,11.2,23.4
2025-12-04 22:00:00+00:00,0.0,0.0,9.7,22.9
2025-12-04 23:00:00+00:00,0.0,0.0,9.1,22.3
2025-12-05 00:00:00+00:00,0.0,0.0,8.8,22.1
2025-12-05 01:00:00+00:00,0.0,0.0,8.2,21.9
2025-12-05 02:00:00+00:00,0.0,0.0,7.8,20.2
2025-12-05 03:00:00+00:00,0.0,0.0,6.7,18.7
2025-12-05 04:00:00+00:00,0.0,0.0,7.0,19.1
2025-12-05 05:00:00+00:00,0.0,0.0,7.8,20.8
2025-12-05 06:00:00+00:00,0.0,0.0,7.2,19.6
2025-12-05 07:00:00+00:00,0.0,0.0,8.3,21.5
2025-12-05 08:00:00+00:00,0.0,0.0,8.2,21.2
2025-12-05 09:00:00+00:00,0.0,0.0,9.0,22.0
2025-12-05 10:00:00+00:00,5.0,19.1,11.2,22.6
2025-12-05 11:00:00+00:00,51.0,92.7,12.2,20.5
2025-12-05 12:00:00+00:00,97.0,49.6,12.4,20.5
2025-12-05 13:00:00+00:00,129.0,57.3,13.2,19.1
2025-12-05 14:00:00+00:00,143.0,63.5,14.3,20.0
2025-12-05 15:00:00+00:00,105.0,26.3,14.6,21.6
2025-12-05 16:00:00+00:00,87.0,42.9,14.3,21.3
2025-12-05 17:00:00+00:00,40.0,8.4,10.8,19.7
2025-12-05 18:00:00+00:00,6.0,19.1,11.5,23.4
2025-12-05 19:00:00+00:00,0.0,0.0,13.5,26.3
2025-12-05 20:00:00+00:00,0.0,0.0,15.9,28.6
2025-12-05 21:00:00+00:00,0.0,0.0,17.7,31.4
2025-12-05 22:00:00+00:00,0.0,0.0,18.7,32.9
2025-12-05 23:00:00+00:00,0.0,0.0,19.5,34.2
2025-12-06 00:00:00+00:00,0.0,0.0,20.8,36.6
2025-12-06 01:00:00+00:00,0.0,0.0,22.3,38.8
2025-12-06 02:00:00+00:00,0.0,0.0,23.6,40.2
2025-12-06 03:00:00+00:00,0.0,0.0,24.1,41.9
2025-12-06 04:00:00+00:00,0.0,0.0,24.1,41.0
2025-12-06 05:00:00+00:00,0.0,0.0,22.7,39.4
2025-12-06 06:00:00+00:00,0.0,0.0,22.7,39.3
2025-12-06 07:00:00+00:00,0.0,0.0,20.5,35.9
2025-12-06 08:00:00+00:00,0.0,0.0,20.4,35.9
2025-12-06 09:00:00+00:00,0.0,0.0,20.2,35.6
2025-12-06 10:00:00+00:00,2.0,0.0,20.6,36.3
2025-12-06 11:00:00+00:00,46.0,85.5,20.8,36.4
2025-12-06 12:00:00+00:00,80.0,40.2,21.7,36.9
2025-12-06 13:00:00+00:00,127.0,96.4,21.5,36.0
2025-12-06 14:00:00+00:00,106.0,21.3,21.6,37.5
2025-12-06 15:00:00+00:00,147.0,200.7,22.5,36.8
2025-12-06 16:00:00+00:00,99.0,139.1,20.0,33.8
2025-12-06 17:00:00+00:00,47.0,109.8,20.1,35.4
2025-12-06 18:00:00+00:00,7.0,38.2,20.2,36.5
2025-12-06 19:00:00+00:00,0.0,0.0,21.1,38.1
2025-12-06 20:00:00+00:00,0.0,0.0,22.4,40.0
2025-12-06 21:00:00+00:00,0.0,0.0,24.1,41.5
2025-12-06 22:00:00+00:00,0.0,0.0,23.0,40.0
2025-12-06 23:00:00+00:00,0.0,0.0,22.9,39.5
2025-12-07 00:00:00+00:00,0.0,0.0,22.0,38.5
2025-12-07 01:00:00+00:00,0.0,0.0,20.8,36.6
2025-12-07 02:00:00+00:00,0.0,0.0,19.9,36.0
2025-12-07 03:00:00+00:00,0.0,0.0,20.1,35.0
2025-12-07 04:00:00+00:00,0.0,0.0,18.1,32.7
2025-12-07 05:00:00+00:00,0.0,0.0,14.5,28.8
2025-12-07 06:00:00+00:00,0.0,0.0,14.7,29.1
2025-12-07 07:00:00+00:00,0.0,0.0,13.7,27.7
2025-12-07 08:00:00+00:00,0.0,0.0,14.5,27.5
2025-12-07 09:00:00+00:00,0.0,0.0,13.9,26.4
2025-12-07 10:00:00+00:00,2.0,0.0,14.2,26.7
2025-12-07 11:00:00+00:00,24.0,0.0,14.2,26.1
2025-12-07 12:00:00+00:00,70.0,15.2,13.8,24.1
2025-12-07 13:00:00+00:00,73.0,0.0,13.2,22.8
2025-12-07 14:00:00+00:00,46.0,0.0,15.0,24.6
2025-12-07 15:00:00+00:00,34.0,0.0,15.3,27.2
2025-12-07 16:00:00+00:00,21.0,0.0,17.1,31.3
2025-12-07 17:00:00+00:00,10.0,0.0,19.7,35.4
2025-12-07 18:00:00+00:00,1.0,0.0,19.3,35.0
2025-12-07 19:00:00+00:00,0.0,0.0,21.9,39.0
2025-12-07 20:00:00+00:00,0.0,0.0,26.0,44.5
2025-12-07 21:00:00+00:00,0.0,0.0,27.8,47.0
2025-12-07 22:00:00+00:00,0.0,0.0,27.9,47.2
2025-12-07 23:00:00+00:00,0.0,0.0,25.8,44.6
2025-12-08 00:00:00+00:00,0.0,0.0,23.2,41.0
2025-12-08 01:00:00+00:00,0.0,0.0,21.1,37.8
2025-12-08 02:00:00+00:00,0.0,0.0,17.2,32.6
2025-12-08 03:00:00+00:00,0.0,0.0,15.5,30.0
2025-12-08 04:00:00+00:00,0.0,0.0,13.3,26.9
2025-12-08 05:00:00+00:00,0.0,0.0,13.9,26.1
2025-12-08 06:00:00+00:00,0.0,0.0,13.3,25.3
2025-12-08 07:00:00+00:00,0.0,0.0,12.2,25.6
2025-12-08 08:00:00+00:00,0.0,0.0,10.3,24.6
2025-12-08 09:00:00+00:00,0.0,0.0,12.0,26.1
2025-12-08 10:00:00+00:00,3.0,0.0,14.4,29.5
2025-12-08 11:00:00+00:00,39.0,29.9,19.1,34.1
2025-12-08 12:00:00+00:00,41.0,5.1,21.3,36.7
2025-12-08 13:00:00+00:00,81.0,31.4,22.1,37.4
2025-12-08 14:00:00+00:00,41.0,0.0,17.8,31.7
2025-12-08 15:00:00+00:00,54.0,3.8,17.2,31.0
2025-12-08 16:00:00+00:00,29.0,0.0,15.0,27.7
2025-12-08 17:00:00+00:00,12.0,0.0,16.7,30.4
2025-12-08 18:00:00+00:00,2.0,0.0,13.8,27.0
2025-12-08 19:00:00+00:00,0.0,0.0,16.7,31.1
2025-12-08 20:00:00+00:00,0.0,0.0,13.2,25.5
2025-12-08 21:00:00+00:00,0.0,0.0,14.2,26.9
2025-12-08 22:00:00+00:00,0.0,0.0,13.5,26.1
2025-12-08 23:00:00+00:00,0.0,0.0,14.0,26.6
2025-12-09 00:00:00+00:00,0.0,0.0,15.7,29.2
2025-12-09 01:00:00+00:00,0.0,0.0,15.3,29.4
2025-12-09 02:00:00+00:00,0.0,0.0,13.9,27.5
2025-12-09 03:00:00+00:00,0.0,0.0,16.1,29.6
2025-12-09 04:00:00+00:00,0.0,0.0,15.0,29.2
2025-12-09 05:00:00+00:00,0.0,0.0,14.1,29.3
2025-12-09 06:00:00+00:00,0.0,0.0,14.0,29.6
2025-12-09 07:00:00+00:00,0.0,0.0,15.3,31.0
2025-12-09 08:00:00+00:00,0.0,0.0,16.0,31.7
2025-12-09 09:00:00+00:00,0.0,0.0,15.6,30.0
2025-12-09 10:00:00+00:00,2.0,0.0,14.4,27.6
2025-12-09 11:00:00+00:00,39.0,81.7,17.1,30.8
2025-12-09 12:00:00+00:00,49.0,0.0,17.1,30.4
2025-12-09 13:00:00+00:00,186.0,454.4,13.8,23.7
2025-12-09 14:00:00+00:00,216.0,510.8,15.4,25.9
2025-12-09 15:00:00+00:00,151.0,261.9,15.1,25.4
2025-12-09 16:00:00+00:00,127.0,287.9,20.0,35.3
2025-12-09 17:00:00+00:00,61.0,103.7,19.9,36.2
2025-12-09 18:00:00+00:00,7.0,19.1,20.8,37.8
2025-12-09 19:00:00+00:00,0.0,0.0,19.9,36.9
2025-12-09 20:00:00+00:00,0.0,0.0,20.7,37.4
2025-12-09 21:00:00+00:00,0.0,0.0,21.0,38.5
2025-12-09 22:00:00+00:00,0.0,0.0,20.4,37.4
2025-12-09 23:00:00+00:00,0.0,0.0,20.7,37.0
2025-12-10 00:00:00+00:00,0.0,0.0,20.0,35.8
2025-12-10 01:00:00+00:00,0.0,0.0,18.8,34.2
2025-12-10 02:00:00+00:00,0.0,0.0,16.2,30.9
2025-12-10 03:00:00+00:00,0.0,0.0,16.3,29.7
2025-12-10 04:00:00+00:00,0.0,0.0,14.8,26.6
2025-12-10 05:00:00+00:00,0.0,0.0,13.0,24.6
2025-12-10 06:00:00+00:00,0.0,0.0,12.1,23.8
2025-12-10 07:00:00+00:00,0.0,0.0,13.2,25.7
2025-12-10 08:00:00+00:00,0.0,0.0,13.0,25.7
2025-12-10 09:00:00+00:00,0.0,0.0,13.8,26.1
2025-12-10 10:00:00+00:00,2.0,0.0,13.9,26.7
2025-12-10 11:00:00+00:00,40.0,41.8,14.8,26.8
2025-12-10 12:00:00+00:00,79.0,31.5,15.0,25.8
2025-12-10 13:00:00+00:00,123.0,79.6,14.3,23.4
2025-12-10 14:00:00+00:00,143.0,69.2,15.2,23.7
2025-12-10 15:00:00+00:00,139.0,108.4,13.8,21.8
2025-12-10 16:00:00+00:00,116.0,201.0,15.3,25.8
2025-12-10 17:00:00+00:00,63.0,173.7,12.2,23.8
2025-12-10 18:00:00+00:00,7.0,38.2,12.5,25.9
2025-12-10 19:00:00+00:00,0.0,0.0,13.6,27.6
2025-12-10 20:00:00+00:00,0.0,0.0,14.7,28.5
2025-12-10 21:00:00+00:00,0.0,0.0,14.2,27.6
2025-12-10 22:00:00+00:00,0.0,0.0,12.7,26.3
2025-12-10 23:00:00+00:00,0.0,0.0,12.0,25.9
2025-12-11 00:00:00+00:00,0.0,0.0,12.7,26.9
2025-12-11 01:00:00+00:00,0.0,0.0,12.2,26.0
2025-12-11 02:00:00+00:00,0.0,0.0,13.0,26.6
2025-12-11 03:00:00+00:00,0.0,0.0,12.1,25.8
2025-12-11 04:00:00+00:00,0.0,0.0,12.2,26.0
2025-12-11 05:00:00+00:00,0.0,0.0,11.7,25.4
2025-12-11 06:00:00+00:00,0.0,0.0,12.1,25.7
2025-12-11 07:00:00+00:00,0.0,0.0,10.7,24.2
2025-12-11 08:00:00+00:00,0.0,0.0,11.1,22.1
2025-12-11 09:00:00+00:00,0.0,0.0,10.4,22.6
2025-12-11 10:00:00+00:00,3.0,19.1,10.6,22.8
2025-12-11 11:00:00+00:00,50.0,181.6,12.9,23.3
2025-12-11 12:00:00+00:00,96.0,127.4,12.5,19.1
2025-12-11 13:00:00+00:00,123.0,60.1,11.8,16.5
2025-12-11 14:00:00+00:00,132.0,36.6,12.4,17.0
2025-12-11 15:00:00+00:00,150.0,178.8,13.0,18.5
2025-12-11 16:00:00+00:00,95.0,78.7,12.3,18.4
2025-12-11 17:00:00+00:00,50.0,87.3,9.0,16.8
2025-12-11 18:00:00+00:00,4.0,0.0,7.9,16.9
2025-12-11 19:00:00+00:00,0.0,0.0,9.4,18.5
2025-12-11 20:00:00+00:00,0.0,0.0,6.7,18.2
2025-12-11 21:00:00+00:00,0.0,0.0,6.0,17.1
2025-12-11 22:00:00+00:00,0.0,0.0,6.0,17.4
2025-12-11 23:00:00+00:00,0.0,0.0,6.1,18.0
2025-12-12 00:00:00+00:00,0.0,0.0,7.6,19.3
2025-12-12 01:00:00+00:00,0.0,0.0,9.0,19.0
2025-12-12 02:00:00+00:00,0.0,0.0,7.1,15.1
2025-12-12 03:00:00+00:00,0.0,0.0,6.8,15.3
2025-12-12 04:00:00+00:00,0.0,0.0,7.8,17.4
2025-12-12 05:00:00+00:00,0.0,0.0,8.6,18.3
2025-12-12 06:00:00+00:00,0.0,0.0,8.1,18.3
2025-12-12 07:00:00+00:00,0.0,0.0,7.6,18.3
2025-12-12 08:00:00+00:00,0.0,0.0,8.4,19.8
2025-12-12 09:00:00+00:00,0.0,0.0,10.8,22.3
2025-12-12 10:00:00+00:00,2.0,0.0,10.5,23.1
2025-12-12 11:00:00+00:00,42.0,109.1,11.7,22.7
2025-12-12 12:00:00+00:00,54.0,0.0,12.9,22.6
2025-12-12 13:00:00+00:00,71.0,4.0,15.3,25.2
2025-12-12 14:00:00+00:00,96.0,18.4,14.2,21.6
2025-12-12 15:00:00+00:00,84.0,7.8,11.8,19.5
2025-12-12 16:00:00+00:00,80.0,24.7,9.7,16.9
2025-12-12 17:00:00+00:00,67.0,201.3,6.7,16.8
2025-12-12 18:00:00+00:00,7.0,19.1,7.0,19.4
2025-12-12 19:00:00+00:00,0.0,0.0,7.9,22.1
2025-12-12 20:00:00+00:00,0.0,0.0,7.4,21.7
2025-12-12 21:00:00+00:00,0.0,0.0,8.5,22.5
2025-12-12 22:00:00+00:00,0.0,0.0,11.0,24.9
2025-12-12 23:00:00+00:00,0.0,0.0,12.0,25.9
2025-12-13 00:00:00+00:00,0.0,0.0,11.8,25.6
2025-12-13 01:00:00+00:00,0.0,0.0,12.0,25.3
2025-12-13 02:00:00+00:00,0.0,0.0,10.8,22.2
2025-12-13 03:00:00+00:00,0.0,0.0,10.4,20.6
2025-12-13 04:00:00+00:00,0.0,0.0,9.0,18.1
2025-12-13 05:00:00+00:00,0.0,0.0,8.5,16.9
2025-12-13 06:00:00+00:00,0.0,0.0,8.1,16.4
2025-12-13 07:00:00+00:00,0.0,0.0,7.1,14.5
2025-12-13 08:00:00+00:00,0.0,0.0,6.4,13.0
2025-12-13 09:00:00+00:00,0.0,0.0,6.0,12.7
2025-12-13 10:00:00+00:00,1.0,0.0,5.7,12.4
2025-12-13 11:00:00+00:00,15.0,11.1,5.5,10.2
2025-12-13 12:00:00+00:00,38.0,5.4,5.5,8.4
2025-12-13 13:00:00+00:00,66.0,12.2,5.8,8.4
2025-12-13 14:00:00+00:00,72.0,0.0,4.7,7.1
2025-12-13 15:00:00+00:00,132.0,211.4,4.0,5.6
2025-12-13 16:00:00+00:00,143.0,425.6,4.1,5.9
2025-12-13 17:00:00+00:00,78.0,412.3,3.1,7.6
2025-12-13 18:00:00+00:00,7.0,57.3,4.1,9.7
2025-12-13 19:00:00+00:00,0.0,0.0,4.5,10.9
2025-12-13 20:00:00+00:00,0.0,0.0,4.3,9.5
2025-12-13 21:00:00+00:00,0.0,0.0,4.4,9.8
2025-12-13 22:00:00+00:00,0.0,0.0,5.2,12.1
2025-12-13 23:00:00+00:00,0.0,0.0,6.2,15.4
2025-12-14 00:00:00+00:00,0.0,0.0,6.7,18.3
2025-12-14 01:00:00+00:00,0.0,0.0,8.3,21.8
2025-12-14 02:00:00+00:00,0.0,0.0,10.2,23.9
2025-12-14 03:00:00+00:00,0.0,0.0,8.9,21.2
2025-12-14 04:00:00+00:00,0.0,0.0,9.0,21.6
2025-12-14 05:00:00+00:00,0.0,0.0,11.4,22.3
2025-12-14 06:00:00+00:00,0.0,0.0,11.7,22.8
2025-12-14 07:00:00+00:00,0.0,0.0,12.6,24.5
2025-12-14 08:00:00+00:00,0.0,0.0,10.8,21.2
2025-12-14 09:00:00+00:00,0.0,0.0,10.6,20.4
2025-12-14 10:00:00+00:00,1.0,0.0,10.8,20.8
2025-12-14 11:00:00+00:00,21.0,11.3,11.2,20.6
2025-12-14 12:00:00+00:00,43.0,5.5,11.7,20.9
2025-12-14 13:00:00+00:00,61.0,4.1,11.7,19.5
2025-12-14 14:00:00+00:00,63.0,18.5,11.8,18.1
2025-12-14 15:00:00+00:00,67.0,7.8,13.1,20.6
2025-12-14 16:00:00+00:00,54.0,19.8,12.1,20.2
2025-12-14 17:00:00+00:00,23.0,8.8,13.4,23.8
2025-12-14 18:00:00+00:00,3.0,0.0,13.2,23.9
2025-12-14 19:00:00+00:00,0.0,0.0,14.1,24.9
2025-12-14 20:00:00+00:00,0.0,0.0,13.5,24.2
2025-12-14 21:00:00+00:00,0.0,0.0,14.0,24.6
2025-12-14 22:00:00+00:00,0.0,0.0,13.8,24.6
2025-12-14 23:00:00+00:00,0.0,0.0,15.0,25.9
2025-12-15 00:00:00+00:00,0.0,0.0,15.2,25.8
2025-12-15 01:00:00+00:00,0.0,0.0,15.4,25.6
2025-12-15 02:00:00+00:00,0.0,0.0,15.0,26.8
2025-12-15 03:00:00+00:00,0.0,0.0,14.4,27.2
2025-12-15 04:00:00+00:00,0.0,0.0,14.6,26.9
2025-12-15 05:00:00+00:00,0.0,0.0,15.4,28.7
2025-12-15 06:00:00+00:00,0.0,0.0,15.9,30.6
2025-12-15 07:00:00+00:00,0.0,0.0,17.2,32.8
2025-12-15 08:00:00+00:00,0.0,0.0,14.7,28.8
2025-12-15 09:00:00+00:00,0.0,0.0,16.9,31.3
2025-12-15 10:00:00+00:00,1.0,0.0,16.0,28.7
2025-12-15 11:00:00+00:00,40.0,173.5,14.2,25.8
2025-12-15 12:00:00+00:00,126.0,379.1,15.0,23.4
2025-12-15 13:00:00+00:00,207.0,626.6,11.0,17.8
2025-12-15 14:00:00+00:00,236.0,677.0,9.5,14.8
2025-12-15 15:00:00+00:00,218.0,649.0,11.1,17.7
2025-12-15 16:00:00+00:00,159.0,536.2,14.1,26.2
2025-12-15 17:00:00+00:00,77.0,412.4,13.5,27.0
2025-12-15 18:00:00+00:00,7.0,57.3,14.4,29.4
2025-12-15 19:00:00+00:00,0.0,0.0,13.9,29.1
2025-12-15 20:00:00+00:00,0.0,0.0,13.4,28.8
2025-12-15 21:00:00+00:00,0.0,0.0,14.2,30.0
2025-12-15 22:00:00+00:00,0.0,0.0,13.3,29.0
2025-12-15 23:00:00+00:00,0.0,0.0,13.0,28.6
2025-12-16 00:00:00+00:00,0.0,0.0,13.1,28.9
2025-12-16 01:00:00+00:00,0.0,0.0,12.4,28.1
2025-12-16 02:00:00+00:00,0.0,0.0,10.8,25.9
2025-12-16 03:00:00+00:00,0.0,0.0,11.1,25.9
2025-12-16 04:00:00+00:00,0.0,0.0,11.1,26.5
2025-12-16 05:00:00+00:00,0.0,0.0,10.8,26.0
2025-12-16 06:00:00+00:00,0.0,0.0,12.3,28.2
2025-12-16 07:00:00+00:00,0.0,0.0,12.5,28.6
2025-12-16 08:00:00+00:00,0.0,0.0,10.5,24.5
2025-12-16 09:00:00+00:00,0.0,0.0,11.2,25.7
2025-12-16 10:00:00+00:00,0.0,0.0,11.5,25.3
2025-12-16 11:00:00+00:00,11.0,0.0,14.4,28.6
2025-12-16 12:00:00+00:00,56.0,27.7,12.6,25.7
2025-12-16 13:00:00+00:00,141.0,263.2,13.9,25.8
2025-12-16 14:00:00+00:00,142.0,167.9,8.8,25.8
2025-12-16 15:00:00+00:00,198.0,496.4,5.9,24.3
2025-12-16 16:00:00+00:00,157.0,506.7,9.0,19.9
2025-12-16 17:00:00+00:00,50.0,192.8,7.5,19.7
2025-12-16 18:00:00+00:00,6.0,19.1,5.9,16.9
2025-12-16 19:00:00+00:00,0.0,0.0,7.0,19.0
2025-12-16 20:00:00+00:00,0.0,0.0,6.3,18.0
2025-12-16 21:00:00+00:00,0.0,0.0,6.8,20.0
2025-12-16 22:00:00+00:00,0.0,0.0,7.5,21.5
2025-12-16 23:00:00+00:00,0.0,0.0,7.6,22.1
2025-12-17 00:00:00+00:00,0.0,0.0,7.5,21.6
2025-12-17 01:00:00+00:00,0.0,0.0,7.7,22.2
2025-12-17 02:00:00+00:00,0.0,0.0,8.4,22.8
2025-12-17 03:00:00+00:00,0.0,0.0,7.7,21.3
2025-12-17 04:00:00+00:00,0.0,0.0,8.1,21.6
2025-12-17 05:00:00+00:00,0.0,0.0,8.0,21.1
2025-12-17 06:00:00+00:00,0.0,0.0,9.1,22.2
2025-12-17 07:00:00+00:00,0.0,0.0,9.6,21.6
2025-12-17 08:00:00+00:00,0.0,0.0,9.6,20.5
2025-12-17 09:00:00+00:00,0.0,0.0,10.1,19.6
2025-12-17 10:00:00+00:00,0.0,0.0,10.5,19.6
2025-12-17 11:00:00+00:00,16.0,0.0,10.3,20.0
2025-12-17 12:00:00+00:00,44.0,0.0,11.6,19.5
2025-12-17 13:00:00+00:00,95.0,70.2,10.3,17.6
2025-12-17 14:00:00+00:00,162.0,276.7,14.2,22.2
2025-12-17 15:00:00+00:00,162.0,378.7,10.6,16.2
2025-12-17 16:00:00+00:00,113.0,268.2,10.9,17.3
2025-12-17 17:00:00+00:00,58.0,192.2,8.0,18.2
2025-12-17 18:00:00+00:00,7.0,19.1,9.3,21.4
2025-12-17 19:00:00+00:00,0.0,0.0,12.1,24.8
2025-12-17 20:00:00+00:00,0.0,0.0,12.5,25.6
2025-12-17 21:00:00+00:00,0.0,0.0,14.2,26.9
2025-12-17 22:00:00+00:00,0.0,0.0,14.5,28.2
2025-12-17 23:00:00+00:00,0.0,0.0,15.6,30.5
2025-12-18 00:00:00+00:00,0.0,0.0,16.5,32.3
2025-12-18 01:00:00+00:00,0.0,0.0,17.6,33.8
2025-12-18 02:00:00+00:00,0.0,0.0,19.5,35.3
2025-12-18 03:00:00+00:00,0.0,0.0,18.7,34.4
2025-12-18 04:00:00+00:00,0.0,0.0,19.1,34.9
2025-12-18 05:00:00+00:00,0.0,0.0,20.1,36.1
2025-12-18 06:00:00+00:00,0.0,0.0,19.9,35.0
2025-12-18 07:00:00+00:00,0.0,0.0,20.0,35.3
2025-12-18 08:00:00+00:00,0.0,0.0,19.4,34.8
2025-12-18 09:00:00+00:00,0.0,0.0,19.5,34.5
2025-12-18 10:00:00+00:00,0.0,0.0,19.0,33.7
2025-12-18 11:00:00+00:00,19.0,0.0,19.5,34.3
2025-12-18 12:00:00+00:00,88.0,151.4,20.5,34.7
2025-12-18 13:00:00+00:00,120.0,124.3,16.9,28.6
2025-12-18 14:00:00+00:00,165.0,322.1,18.3,31.0
2025-12-18 15:00:00+00:00,191.0,481.5,12.5,20.9
2025-12-18 16:00:00+00:00,161.0,555.9,21.4,36.5
2025-12-18 17:00:00+00:00,62.0,208.9,21.9,38.7
2025-12-18 18:00:00+00:00,5.0,0.0,23.2,41.3
2025-12-18 19:00:00+00:00,0.0,0.0,24.7,43.6
2025-12-18 20:00:00+00:00,0.0,0.0,27.0,47.2
2025-12-18 21:00:00+00:00,0.0,0.0,27.4,47.6
2025-12-18 22:00:00+00:00,0.0,0.0,26.8,46.4
2025-12-18 23:00:00+00:00,0.0,0.0,26.2,44.8
2025-12-19 00:00:00+00:00,0.0,0.0,24.0,41.6
2025-12-19 01:00:00+00:00,0.0,0.0,22.5,39.2
2025-12-19 02:00:00+00:00,0.0,0.0,20.5,36.6
2025-12-19 03:00:00+00:00,0.0,0.0,19.8,36.1
2025-12-19 04:00:00+00:00,0.0,0.0,20.5,36.8
2025-12-19 05:00:00+00:00,0.0,0.0,20.7,36.8
2025-12-19 06:00:00+00:00,0.0,0.0,20.0,34.7
2025-12-19 07:00:00+00:00,0.0,0.0,18.9,34.1
2025-12-19 08:00:00+00:00,0.0,0.0,17.9,31.5
2025-12-19 09:00:00+00:00,0.0,0.0,18.9,32.5
2025-12-19 10:00:00+00:00,0.0,0.0,13.5,25.0
2025-12-19 11:00:00+00:00,8.0,0.0,13.2,24.9
2025-12-19 12:00:00+00:00,30.0,0.0,13.4,23.5
2025-12-19 13:00:00+00:00,91.0,16.6,14.1,23.4
2025-12-19 14:00:00+00:00,121.0,33.8,12.1,19.6
2025-12-19 15:00:00+00:00,158.0,150.0,11.1,17.2
2025-12-19 16:00:00+00:00,120.0,203.2,10.0,17.7
2025-12-19 17:00:00+00:00,48.0,26.0,7.5,17.0
2025-12-19 18:00:00+00:00,6.0,0.0,7.1,19.0
2025-12-19 19:00:00+00:00,0.0,0.0,7.5,19.9
2025-12-19 20:00:00+00:00,0.0,0.0,9.0,22.3
2025-12-19 21:00:00+00:00,0.0,0.0,8.7,22.0
2025-12-19 22:00:00+00:00,0.0,0.0,7.5,20.7
2025-12-19 23:00:00+00:00,0.0,0.0,7.7,20.6
2025-12-20 00:00:00+00:00,0.0,0.0,7.7,20.9
2025-12-20 01:00:00+00:00,0.0,0.0,7.4,20.5
2025-12-20 02:00:00+00:00,0.0,0.0,7.3,19.7
2025-12-20 03:00:00+00:00,0.0,0.0,6.7,19.1
2025-12-20 04:00:00+00:00,0.0,0.0,6.1,17.1
2025-12-20 05:00:00+00:00,0.0,0.0,5.9,15.9
2025-12-20 06:00:00+00:00,0.0,0.0,4.5,13.4
2025-12-20 07:00:00+00:00,0.0,0.0,4.2,11.7
2025-12-20 08:00:00+00:00,0.0,0.0,4.7,11.6
2025-12-20 09:00:00+00:00,0.0,0.0,5.5,14.3
2025-12-20 10:00:00+00:00,1.0,0.0,5.7,17.2
2025-12-20 11:00:00+00:00,35.0,49.2,7.5,17.1
2025-12-20 12:00:00+00:00,92.0,39.7,8.7,19.1
2025-12-20 13:00:00+00:00,48.0,0.0,8.6,16.0
2025-12-20 14:00:00+00:00,65.0,0.0,8.0,15.7
2025-12-20 15:00:00+00:00,53.0,0.0,7.5,11.8
2025-12-20 16:00:00+00:00,42.0,0.0,6.4,14.1
2025-12-20 17:00:00+00:00,23.0,8.6,7.9,16.7
2025-12-20 18:00:00+00:00,3.0,0.0,7.9,17.8
2025-12-20 19:00:00+00:00,0.0,0.0,8.6,19.9
2025-12-20 20:00:00+00:00,0.0,0.0,9.3,19.9
2025-12-20 21:00:00+00:00,0.0,0.0,8.8,20.1
2025-12-20 22:00:00+00:00,0.0,0.0,7.5,19.4
2025-12-20 23:00:00+00:00,0.0,0.0,6.7,18.5
2025-12-21 00:00:00+00:00,0.0,0.0,6.3,17.5
2025-12-21 01:00:00+00:00,0.0,0.0,6.0,17.0
2025-12-21 02:00:00+00:00,0.0,0.0,6.6,18.0
2025-12-21 03:00:00+00:00,0.0,0.0,6.9,18.3
2025-12-21 04:00:00+00:00,0.0,0.0,7.9,20.4
2025-12-21 05:00:00+00:00,0.0,0.0,6.6,18.8
2025-12-21 06:00:00+00:00,0.0,0.0,7.3,17.7
2025-12-21 07:00:00+00:00,0.0,0.0,7.3,20.2
2025-12-21 08:00:00+00:00,0.0,0.0,6.8,19.0
2025-12-21 09:00:00+00:00,0.0,0.0,6.1,18.1
2025-12-21 10:00:00+00:00,1.0,0.0,6.5,16.5
2025-12-21 11:00:00+00:00,38.0,99.0,7.2,18.0
2025-12-21 12:00:00+00:00,105.0,204.9,8.2,16.2
2025-12-21 13:00:00+00:00,188.0,517.4,9.7,20.5
2025-12-21 14:00:00+00:00,212.0,518.4,9.6,18.9
2025-12-21 15:00:00+00:00,88.0,11.8,9.4,19.1
2025-12-21 16:00:00+00:00,40.0,0.0,10.5,21.4
2025-12-21 17:00:00+00:00,60.0,145.3,9.6,22.1
2025-12-21 18:00:00+00:00,7.0,19.1,11.2,25.8
2025-12-21 19:00:00+00:00,0.0,0.0,13.9,29.8
2025-12-21 20:00:00+00:00,0.0,0.0,14.4,30.7
2025-12-21 21:00:00+00:00,0.0,0.0,14.4,30.6
2025-12-21 22:00:00+00:00,0.0,0.0,13.2,29.0
2025-12-21 23:00:00+00:00,0.0,0.0,10.1,25.5
2025-12-22 00:00:00+00:00,0.0,0.0,7.4,21.9
2025-12-22 01:00:00+00:00,0.0,0.0,7.2,20.8
2025-12-22 02:00:00+00:00,0.0,0.0,6.9,19.5
2025-12-22 03:00:00+00:00,0.0,0.0,6.9,20.0
2025-12-22 04:00:00+00:00,0.0,0.0,6.9,20.2
2025-12-22 05:00:00+00:00,0.0,0.0,7.5,21.6
2025-12-22 06:00:00+00:00,0.0,0.0,8.3,22.6
2025-12-22 07:00:00+00:00,0.0,0.0,8.0,21.8
2025-12-22 08:00:00+00:00,0.0,0.0,8.3,21.4
2025-12-22 09:00:00+00:00,0.0,0.0,7.9,21.5
2025-12-22 10:00:00+00:00,1.0,0.0,6.3,18.7
2025-12-22 11:00:00+00:00,46.0,261.4,7.9,17.2
2025-12-22 12:00:00+00:00,117.0,348.5,4.8,14.5
2025-12-22 13:00:00+00:00,190.0,526.5,5.8,10.4
2025-12-22 14:00:00+00:00,216.0,533.4,4.8,7.5
2025-12-22 15:00:00+00:00,182.0,350.5,4.3,6.5
2025-12-22 16:00:00+00:00,152.0,452.4,7.0,10.8
2025-12-22 17:00:00+00:00,78.0,356.2,8.1,17.8
2025-12-22 18:00:00+00:00,8.0,38.2,6.4,18.3
2025-12-22 19:00:00+00:00,0.0,0.0,7.8,19.9
2025-12-22 20:00:00+00:00,0.0,0.0,9.0,21.2
2025-12-22 21:00:00+00:00,0.0,0.0,7.9,20.2
2025-12-22 22:00:00+00:00,0.0,0.0,7.0,19.0
2025-12-22 23:00:00+00:00,0.0,0.0,7.3,19.2
2025-12-23 00:00:00+00:00,0.0,0.0,7.4,20.1
2025-12-23 01:00:00+00:00,0.0,0.0,8.5,21.0
2025-12-23 02:00:00+00:00,0.0,0.0,9.7,22.7
2025-12-23 03:00:00+00:00,0.0,0.0,12.5,26.1
2025-12-23 04:00:00+00:00,0.0,0.0,12.5,26.4
2025-12-23 05:00:00+00:00,0.0,0.0,11.3,24.4
2025-12-23 06:00:00+00:00,0.0,0.0,11.1,24.2
2025-12-23 07:00:00+00:00,0.0,0.0,11.4,24.5
2025-12-23 08:00:00+00:00,0.0,0.0,9.9,24.1
2025-12-23 09:00:00+00:00,0.0,0.0,12.2,26.4
2025-12-23 10:00:00+00:00,1.0,0.0,13.4,27.6
2025-12-23 11:00:00+00:00,49.0,350.2,14.5,26.7
2025-12-23 12:00:00+00:00,114.0,309.4,14.2,24.1
2025-12-23 13:00:00+00:00,135.0,167.3,19.7,30.2
2025-12-23 14:00:00+00:00,167.0,285.4,19.6,29.7
2025-12-23 15:00:00+00:00,99.0,55.0,19.1,29.2
2025-12-23 16:00:00+00:00,66.0,14.7,14.7,24.7
2025-12-23 17:00:00+00:00,43.0,50.4,13.5,24.0
2025-12-23 18:00:00+00:00,6.0,0.0,13.1,23.9
2025-12-23 19:00:00+00:00,0.0,0.0,15.3,27.4
2025-12-23 20:00:00+00:00,0.0,0.0,15.1,27.4
2025-12-23 21:00:00+00:00,0.0,0.0,16.8,29.0
2025-12-23 22:00:00+00:00,0.0,0.0,16.5,28.8
2025-12-23 23:00:00+00:00,0.0,0.0,15.8,28.4
2025-12-24 00:00:00+00:00,0.0,0.0,16.4,28.4
2025-12-24 01:00:00+00:00,0.0,0.0,17.9,30.7
2025-12-24 02:00:00+00:00,0.0,0.0,18.3,31.7
2025-12-24 03:00:00+00:00,0.0,0.0,18.9,32.4
2025-12-24 04:00:00+00:00,0.0,0.0,20.9,34.5
2025-12-24 05:00:00+00:00,0.0,0.0,20.2,34.0
2025-12-24 06:00:00+00:00,0.0,0.0,19.5,34.0
2025-12-24 07:00:00+00:00,0.0,0.0,18.2,32.7
2025-12-24 08:00:00+00:00,0.0,0.0,19.4,34.9
2025-12-24 09:00:00+00:00,0.0,0.0,20.7,36.7
2025-12-24 10:00:00+00:00,1.0,0.0,21.2,37.6
2025-12-24 11:00:00+00:00,51.0,364.1,22.4,38.2
2025-12-24 12:00:00+00:00,142.0,568.6,20.9,34.1
2025-12-24 13:00:00+00:00,209.0,640.2,24.3,37.8
2025-12-24 14:00:00+00:00,219.0,536.5,19.9,30.6
2025-12-24 15:00:00+00:00,229.0,678.5,20.8,32.1
2025-12-24 16:00:00+00:00,174.0,609.6,21.0,33.3
2025-12-24 17:00:00+00:00,88.0,457.9,20.4,34.9
2025-12-24 18:00:00+00:00,10.0,95.5,21.3,37.3
2025-12-24 19:00:00+00:00,0.0,0.0,22.1,38.6
2025-12-24 20:00:00+00:00,0.0,0.0,21.9,38.7
2025-12-24 21:00:00+00:00,0.0,0.0,22.7,39.5
2025-12-24 22:00:00+00:00,0.0,0.0,23.0,40.0
2025-12-24 23:00:00+00:00,0.0,0.0,23.8,41.6
2025-12-25 00:00:00+00:00,0.0,0.0,23.8,41.6
2025-12-25 01:00:00+00:00,0.0,0.0,23.6,40.9
2025-12-25 02:00:00+00:00,0.0,0.0,23.0,40.1
2025-12-25 03:00:00+00:00,0.0,0.0,23.7,41.1
2025-12-25 04:00:00+00:00,0.0,0.0,23.9,41.5
2025-12-25 05:00:00+00:00,0.0,0.0,22.3,39.3
2025-12-25 06:00:00+00:00,0.0,0.0,21.7,38.0
2025-12-25 07:00:00+00:00,0.0,0.0,21.2,37.6
2025-12-25 08:00:00+00:00,0.0,0.0,20.5,36.2
2025-12-25 09:00:00+00:00,0.0,0.0,20.0,35.4
2025-12-25 10:00:00+00:00,1.0,0.0,19.2,33.8
2025-12-25 11:00:00+00:00,50.0,365.2,15.9,28.0
2025-12-25 12:00:00+00:00,141.0,569.6,18.2,29.0
2025-12-25 13:00:00+00:00,209.0,661.1,16.9,25.9
2025-12-25 14:00:00+00:00,238.0,685.6,15.4,23.3
2025-12-25 15:00:00+00:00,224.0,664.9,16.0,24.3
2025-12-25 16:00:00+00:00,170.0,592.1,15.4,24.1
2025-12-25 17:00:00+00:00,84.0,411.9,16.1,29.0
2025-12-25 18:00:00+00:00,10.0,76.4,16.0,30.2
2025-12-25 19:00:00+00:00,0.0,0.0,15.0,29.5
2025-12-25 20:00:00+00:00,0.0,0.0,13.5,27.4
2025-12-25 21:00:00+00:00,0.0,0.0,11.8,25.6
2025-12-25 22:00:00+00:00,0.0,0.0,11.0,24.5
2025-12-25 23:00:00+00:00,0.0,0.0,10.7,24.4
2025-12-26 00:00:00+00:00,0.0,0.0,9.8,23.3
2025-12-26 01:00:00+00:00,0.0,0.0,10.7,24.4
2025-12-26 02:00:00+00:00,0.0,0.0,13.0,26.0
2025-12-26 03:00:00+00:00,0.0,0.0,12.1,25.9
2025-12-26 04:00:00+00:00,0.0,0.0,12.6,26.4
2025-12-26 05:00:00+00:00,0.0,0.0,13.1,27.3
2025-12-26 06:00:00+00:00,0.0,0.0,12.1,25.9
2025-12-26 07:00:00+00:00,0.0,0.0,11.5,25.2
2025-12-26 08:00:00+00:00,0.0,0.0,13.0,26.3
2025-12-26 09:00:00+00:00,0.0,0.0,11.5,25.3
2025-12-26 10:00:00+00:00,0.0,0.0,9.9,23.3
2025-12-26 11:00:00+00:00,50.0,366.0,11.2,23.4
2025-12-26 12:00:00+00:00,142.0,570.2,10.2,23.9
2025-12-26 13:00:00+00:00,212.0,673.2,11.5,18.1
2025-12-26 14:00:00+00:00,244.0,710.5,10.7,15.9
2025-12-26 15:00:00+00:00,229.0,686.1,9.8,15.0
2025-12-26 16:00:00+00:00,176.0,627.5,10.4,18.4
2025-12-26 17:00:00+00:00,91.0,472.4,9.4,22.4
2025-12-26 18:00:00+00:00,11.0,95.5,8.7,24.0
2025-12-26 19:00:00+00:00,0.0,0.0,9.8,25.4
2025-12-26 20:00:00+00:00,0.0,0.0,10.9,27.2
2025-12-26 21:00:00+00:00,0.0,0.0,10.1,26.1
2025-12-26 22:00:00+00:00,0.0,0.0,9.9,25.5
2025-12-26 23:00:00+00:00,0.0,0.0,10.6,25.8
2025-12-27 00:00:00+00:00,0.0,0.0,10.4,25.6
2025-12-27 01:00:00+00:00,0.0,0.0,10.0,25.1
2025-12-27 02:00:00+00:00,0.0,0.0,10.1,24.8
2025-12-27 03:00:00+00:00,0.0,0.0,9.9,24.7
2025-12-27 04:00:00+00:00,0.0,0.0,10.5,25.5
2025-12-27 05:00:00+00:00,0.0,0.0,10.5,25.7
2025-12-27 06:00:00+00:00,0.0,0.0,9.9,24.6
2025-12-27 07:00:00+00:00,0.0,0.0,9.3,23.6
2025-12-27 08:00:00+00:00,0.0,0.0,10.7,24.4
2025-12-27 09:00:00+00:00,0.0,0.0,10.7,25.0
2025-12-27 10:00:00+00:00,0.0,0.0,11.6,26.1
2025-12-27 11:00:00+00:00,48.0,353.8,13.9,26.9
2025-12-27 12:00:00+00:00,138.0,553.1,11.2,21.8
2025-12-27 13:00:00+00:00,207.0,651.6,11.2,17.5
2025-12-27 14:00:00+00:00,238.0,682.8,10.2,15.7
2025-12-27 15:00:00+00:00,226.0,664.2,11.1,16.3
2025-12-27 16:00:00+00:00,171.0,575.8,10.5,17.6
2025-12-27 17:00:00+00:00,83.0,346.0,10.5,22.3
2025-12-27 18:00:00+00:00,9.0,57.3,12.4,26.0
2025-12-27 19:00:00+00:00,0.0,0.0,12.0,24.1
2025-12-27 20:00:00+00:00,0.0,0.0,10.3,21.6
2025-12-27 21:00:00+00:00,0.0,0.0,8.5,18.3
2025-12-27 22:00:00+00:00,0.0,0.0,6.7,15.3
2025-12-27 23:00:00+00:00,0.0,0.0,7.6,17.1
2025-12-28 00:00:00+00:00,0.0,0.0,7.5,18.3
2025-12-28 01:00:00+00:00,0.0,0.0,6.0,15.6
2025-12-28 02:00:00+00:00,0.0,0.0,4.9,14.6
2025-12-28 03:00:00+00:00,0.0,0.0,6.4,16.2
2025-12-28 04:00:00+00:00,0.0,0.0,8.6,20.1
2025-12-28 05:00:00+00:00,0.0,0.0,11.4,23.5
2025-12-28 06:00:00+00:00,0.0,0.0,9.3,20.8
2025-12-28 07:00:00+00:00,0.0,0.0,5.6,15.9
2025-12-28 08:00:00+00:00,0.0,0.0,4.7,13.0
2025-12-28 09:00:00+00:00,0.0,0.0,5.5,15.4
2025-12-28 10:00:00+00:00,0.0,0.0,7.8,19.2
2025-12-28 11:00:00+00:00,38.0,164.4,9.8,20.1
2025-12-28 12:00:00+00:00,125.0,414.6,9.5,19.6
2025-12-28 13:00:00+00:00,205.0,608.8,10.5,15.9
2025-12-28 14:00:00+00:00,231.0,613.9,11.0,16.2
2025-12-28 15:00:00+00:00,228.0,649.9,11.1,16.6
2025-12-28 16:00:00+00:00,182.0,643.5,10.3,17.1
2025-12-28 17:00:00+00:00,95.0,484.6,9.1,20.3
2025-12-28 18:00:00+00:00,13.0,114.6,9.0,23.6
2025-12-28 19:00:00+00:00,0.0,0.0,9.7,24.9
2025-12-28 20:00:00+00:00,0.0,0.0,10.5,25.1
2025-12-28 21:00:00+00:00,0.0,0.0,9.8,23.5
2025-12-28 22:00:00+00:00,0.0,0.0,8.4,21.5
2025-12-28 23:00:00+00:00,0.0,0.0,6.2,18.5
2025-12-29 00:00:00+00:00,0.0,0.0,5.7,15.6
2025-12-29 01:00:00+00:00,0.0,0.0,5.6,14.8
2025-12-29 02:00:00+00:00,0.0,0.0,9.6,20.7
2025-12-29 03:00:00+00:00,0.0,0.0,8.5,18.8
2025-12-29 04:00:00+00:00,0.0,0.0,8.3,15.9
2025-12-29 05:00:00+00:00,0.0,0.0,6.5,14.1
2025-12-29 06:00:00+00:00,0.0,0.0,5.5,12.4
2025-12-29 07:00:00+00:00,0.0,0.0,6.7,11.7
2025-12-29 08:00:00+00:00,0.0,0.0,6.6,11.4
2025-12-29 09:00:00+00:00,0.0,0.0,6.9,11.5
2025-12-29 10:00:00+00:00,0.0,0.0,5.8,9.9
2025-12-29 11:00:00+00:00,21.0,0.0,4.5,7.4
2025-12-29 12:00:00+00:00,46.0,5.8,2.8,4.5
2025-12-29 13:00:00+00:00,68.0,12.5,1.9,3.4
2025-12-29 14:00:00+00:00,90.0,7.4,4.8,7.7
2025-12-29 15:00:00+00:00,84.0,23.1,4.6,7.2
2025-12-29 16:00:00+00:00,85.0,47.3,4.1,6.0
2025-12-29 17:00:00+00:00,38.0,23.5,2.5,6.8
2025-12-29 18:00:00+00:00,7.0,19.1,4.0,9.6
2025-12-29 19:00:00+00:00,0.0,0.0,5.2,13.4
2025-12-29 20:00:00+00:00,0.0,0.0,5.6,14.6
2025-12-29 21:00:00+00:00,0.0,0.0,6.3,15.7
2025-12-29 22:00:00+00:00,0.0,0.0,7.0,17.8
2025-12-29 23:00:00+00:00,0.0,0.0,8.0,19.1
2025-12-30 00:00:00+00:00,0.0,0.0,8.9,20.6
2025-12-30 01:00:00+00:00,0.0,0.0,8.6,20.2
2025-12-30 02:00:00+00:00,0.0,0.0,10.5,22.4
2025-12-30 03:00:00+00:00,0.0,0.0,9.6,21.9
2025-12-30 04:00:00+00:00,0.0,0.0,8.5,20.4
2025-12-30 05:00:00+00:00,0.0,0.0,7.9,21.6
2025-12-30 06:00:00+00:00,0.0,0.0,7.6,21.7
2025-12-30 07:00:00+00:00,0.0,0.0,7.9,22.5
2025-12-30 08:00:00+00:00,0.0,0.0,8.7,22.1
2025-12-30 09:00:00+00:00,0.0,0.0,7.5,21.3
2025-12-30 10:00:00+00:00,0.0,0.0,7.3,20.4
2025-12-30 11:00:00+00:00,30.0,88.3,9.0,20.0
2025-12-30 12:00:00+00:00,88.0,132.0,9.4,18.2
2025-12-30 13:00:00+00:00,159.0,307.0,6.0,19.0
2025-12-30 14:00:00+00:00,251.0,716.9,6.7,15.7
2025-12-30 15:00:00+00:00,207.0,486.6,7.1,13.1
2025-12-30 16:00:00+00:00,168.0,498.1,8.1,17.2
2025-12-30 17:00:00+00:00,95.0,456.1,6.9,19.6
2025-12-30 18:00:00+00:00,13.0,95.5,6.6,19.1
2025-12-30 19:00:00+00:00,0.0,0.0,6.9,19.9
2025-12-30 20:00:00+00:00,0.0,0.0,7.3,20.4
2025-12-30 21:00:00+00:00,0.0,0.0,6.5,19.2
2025-12-30 22:00:00+00:00,0.0,0.0,6.0,18.0
2025-12-30 23:00:00+00:00,0.0,0.0,5.5,16.4
2025-12-31 00:00:00+00:00,0.0,0.0,5.4,14.7
2025-12-31 01:00:00+00:00,0.0,0.0,5.6,15.6
2025-12-31 02:00:00+00:00,0.0,0.0,6.0,15.8
2025-12-31 03:00:00+00:00,0.0,0.0,6.1,15.4
2025-12-31 04:00:00+00:00,0.0,0.0,6.5,17.0
2025-12-31 05:00:00+00:00,0.0,0.0,6.5,17.6
2025-12-31 06:00:00+00:00,0.0,0.0,6.9,18.9
2025-12-31 07:00:00+00:00,0.0,0.0,7.2,20.7
2025-12-31 08:00:00+00:00,0.0,0.0,8.1,19.6
2025-12-31 09:00:00+00:00,0.0,0.0,7.1,17.3
2025-12-31 10:00:00+00:00,0.0,0.0,7.9,17.9
2025-12-31 11:00:00+00:00,28.0,37.8,10.8,20.4
2025-12-31 12:00:00+00:00,51.0,5.7,11.7,21.8
2025-12-31 13:00:00+00:00,45.0,0.0,11.6,21.3
2025-12-31 14:00:00+00:00,72.0,14.7,10.9,20.6
2025-12-31 15:00:00+00:00,36.0,0.0,11.6,22.7
2025-12-31 16:00:00+00:00,23.0,0.0,11.5,22.6
2025-12-31 17:00:00+00:00,51.0,137.1,12.0,24.0
2025-12-31 18:00:00+00:00,13.0,94.9,10.6,24.3
2025-12-31 19:00:00+00:00,0.0,0.0,11.1,25.5
2025-12-31 20:00:00+00:00,0.0,0.0,14.1,28.3
2025-12-31 21:00:00+00:00,0.0,0.0,14.3,29.0
2025-12-31 22:00:00+00:00,0.0,0.0,15.5,30.8
2025-12-31 23:00:00+00:00,0.0,0.0,16.5,32.2
2026-01-01 00:00:00+00:00,0.0,0.0,17.1,32.7
2026-01-01 01:00:00+00:00,0.0,0.0,17.2,32.4
2026-01-01 02:00:00+00:00,0.0,0.0,17.3,31.9
2026-01-01 03:00:00+00:00,0.0,0.0,18.0,32.0
2026-01-01 04:00:00+00:00,0.0,0.0,17.5,32.6
2026-01-01 05:00:00+00:00,0.0,0.0,17.6,33.2
2026-01-01 06:00:00+00:00,0.0,0.0,19.1,35.1
2026-01-01 07:00:00+00:00,0.0,0.0,20.4,36.9
2026-01-01 08:00:00+00:00,0.0,0.0,21.4,38.6
2026-01-01 09:00:00+00:00,0.0,0.0,22.6,39.4
2026-01-01 10:00:00+00:00,0.0,0.0,22.5,39.3
2026-01-01 11:00:00+00:00,23.0,50.2,22.4,37.8
2026-01-01 12:00:00+00:00,71.0,108.4,23.0,38.5
2026-01-01 13:00:00+00:00,146.0,239.0,18.6,32.0
2026-01-01 14:00:00+00:00,59.0,3.7,18.3,30.6
2026-01-01 15:00:00+00:00,56.0,0.0,20.9,34.9
2026-01-01 16:00:00+00:00,35.0,0.0,20.3,33.9
2026-01-01 17:00:00+00:00,19.0,0.0,20.9,35.1
2026-01-01 18:00:00+00:00,8.0,0.0,20.3,35.2
2026-01-01 19:00:00+00:00,0.0,0.0,20.7,36.1
2026-01-01 20:00:00+00:00,0.0,0.0,21.7,38.0
2026-01-01 21:00:00+00:00,0.0,0.0,21.1,35.5
2026-01-01 22:00:00+00:00,0.0,0.0,20.6,35.9
2026-01-01 23:00:00+00:00,0.0,0.0,21.8,38.5
